{"type":"FeatureCollection","crs":{"type":"name","properties":{"name":"EPSG:4326"}},"features":[{"type":"Feature","geometry":{"type":"Polygon","coordinates":[[[18.9748,64.4299],[18.9794,64.4282],[19.0137,64.4404],[19.0251,64.44],[19.0264,64.4346],[19.1084,64.4376],[19.1133,64.4249],[19.1218,64.4264],[19.1234,64.4171],[19.1321,64.4156],[19.1366,64.4111],[19.1478,64.4131],[19.176,64.4002],[19.2964,64.3682],[19.3112,64.3464],[19.3282,64.3475],[19.3323,64.3358],[19.3307,64.3248],[19.3219,64.3174],[19.3238,64.3168],[19.3425,64.3218],[19.3489,64.317],[19.3593,64.3201],[19.3581,64.3278],[19.3405,64.3304],[19.3409,64.3321],[19.3574,64.3334],[19.3466,64.342],[19.3584,64.3451],[19.3744,64.3323],[19.3903,64.342],[19.3836,64.3524],[19.4082,64.3476],[19.4106,64.346],[19.4095,64.3294],[19.4392,64.3231],[19.4448,64.3233],[19.4646,64.3135],[19.4597,64.3091],[19.4598,64.2984],[19.4631,64.2948],[19.4602,64.2906],[19.4839,64.2715],[19.48,64.2647],[19.4914,64.2577],[19.4315,64.2387],[19.4631,64.2337],[19.4675,64.2301],[19.4876,64.2269],[19.483,64.2143],[19.4747,64.21],[19.4923,64.2025],[19.5158,64.198],[19.527,64.1874],[19.526,64.174],[19.5296,64.1704],[19.5644,64.1597],[19.5748,64.1592],[19.576,64.1563],[19.6132,64.1365],[19.629,64.1395],[19.6385,64.1438],[19.6561,64.1433],[19.6778,64.1307],[19.6909,64.1337],[19.6919,64.1354],[19.7201,64.14],[19.7212,64.137],[19.7148,64.1332],[19.7117,64.127],[19.7059,64.1214],[19.7242,64.1224],[19.7257,64.1251],[19.7411,64.1311],[19.7768,64.1229],[19.7864,64.1258],[19.8054,64.1261],[19.8219,64.1215],[19.8241,64.1176],[19.8037,64.0962],[19.7993,64.0969],[19.799,64.0996],[19.7945,64.0977],[19.8031,64.0955],[19.7679,64.0588],[19.6781,64.0551],[19.6665,64.0639],[19.6675,64.0696],[19.66,64.0719],[19.6418,64.0653],[19.6595,64.0493],[19.6447,64.0494],[19.6418,64.0537],[19.6398,64.0498],[19.6234,64.0511],[19.6175,64.0388],[19.5696,64.027],[19.5747,64.0145],[19.5667,64.0157],[19.5562,64.0209],[19.554,64.0246],[19.5556,64.0265],[19.5537,64.0295],[19.5425,64.0368],[19.5211,64.0364],[19.4656,64.0433],[19.4314,64.0362],[19.4182,64.019],[19.3538,64.0489],[19.3437,64.0707],[19.3217,64.0781],[19.3073,64.0703],[19.2453,64.0989],[19.2286,64.0955],[19.1827,64.1288],[19.1605,64.1328],[19.13,64.1669],[19.1353,64.168],[19.1298,64.1717],[19.1274,64.1808],[19.1645,64.1852],[19.1697,64.1844],[19.1763,64.1866],[19.1167,64.2204],[19.0773,64.2293],[19.0373,64.2223],[18.9728,64.4276],[18.9748,64.4299]]]},"properties":{"Valdistrik":"24040120","Valdistr_1":"Tvärålund","Valdistr_2":"Tvärålund  (Vindeln)","KommunNamn":"Vindeln","And_rösta":80.2970297029703,"A_29_år":116,"A_65__år":349,"A_TOTålde":1002,"UTB_Lång_":128,"UTB_TOTutb":999}},{"type":"Feature","geometry":{"type":"Polygon","coordinates":[[[20.3148,63.8144],[20.3265,63.8135],[20.3254,63.8095],[20.3161,63.8094],[20.3161,63.8138],[20.3148,63.8144]]]},"properties":{"Valdistrik":"24800535","Valdistr_1":"Ålidhem Östra","Valdistr_2":"Ålidhem Östra  (Umeå)","KommunNamn":"Umeå","And_rösta":77.777777777777786,"A_29_år":809,"A_65__år":43,"A_TOTålde":1403,"UTB_Lång_":369,"UTB_TOTutb":1386}},{"type":"Feature","geometry":{"type":"Polygon","coordinates":[[[20.3265,63.8135],[20.3311,63.8279],[20.3376,63.8284],[20.3398,63.8257],[20.3402,63.8202],[20.3451,63.8176],[20.3482,63.8093],[20.3355,63.8074],[20.3328,63.8124],[20.3265,63.8135]]]},"properties":{"Valdistrik":"24800538","Valdistr_1":"Tomtebo","Valdistr_2":"Tomtebo  (Umeå)","KommunNamn":"Umeå","And_rösta":85.590551181102356,"A_29_år":262,"A_65__år":193,"A_TOTålde":1250,"UTB_Lång_":559,"UTB_TOTutb":1244}},{"type":"Feature","geometry":{"type":"Polygon","coordinates":[[[20.321,63.8274],[20.3247,63.8274],[20.3237,63.829],[20.3312,63.8289],[20.328,63.8184],[20.3263,63.8185],[20.3256,63.822],[20.321,63.8274]]]},"properties":{"Valdistrik":"24801137","Valdistr_1":"Nydalahöjd","Valdistr_2":"Nydalahöjd  (Umeå)","KommunNamn":"Umeå","And_rösta":81.529144587433763,"A_29_år":856,"A_65__år":44,"A_TOTålde":1280,"UTB_Lång_":392,"UTB_TOTutb":1268}},{"type":"Feature","geometry":{"type":"Polygon","coordinates":[[[20.3147,63.8484],[20.3461,63.8475],[20.3695,63.8519],[20.3668,63.8571],[20.3607,63.8555],[20.3567,63.8584],[20.3577,63.8611],[20.3622,63.8633],[20.363,63.8691],[20.3657,63.8734],[20.4034,63.8733],[20.4304,63.8648],[20.4205,63.8499],[20.3948,63.8357],[20.3604,63.8266],[20.3723,63.8096],[20.354,63.8095],[20.3533,63.8074],[20.349,63.8076],[20.3451,63.8176],[20.3402,63.8202],[20.3387,63.8281],[20.3311,63.8279],[20.3399,63.8444],[20.3254,63.8442],[20.3245,63.8384],[20.3175,63.8402],[20.3137,63.8447],[20.3147,63.8484]]]},"properties":{"Valdistrik":"24801159","Valdistr_1":"Marieberg","Valdistr_2":"Marieberg  (Umeå)","KommunNamn":"Umeå","And_rösta":86.396526772793052,"A_29_år":166,"A_65__år":334,"A_TOTålde":1357,"UTB_Lång_":508,"UTB_TOTutb":1343}},{"type":"Feature","geometry":{"type":"Polygon","coordinates":[[[20.2345,63.8351],[20.2469,63.8359],[20.2609,63.8315],[20.2548,63.8282],[20.2376,63.8311],[20.2345,63.8351]]]},"properties":{"Valdistrik":"24800119","Valdistr_1":"Dragonfältet","Valdistr_2":"Dragonfältet  (Umeå)","KommunNamn":"Umeå","And_rösta":84.196185286103542,"A_29_år":122,"A_65__år":574,"A_TOTålde":1090,"UTB_Lång_":355,"UTB_TOTutb":1085}},{"type":"Feature","geometry":{"type":"Polygon","coordinates":[[[20.2828,63.8173],[20.2862,63.8197],[20.2935,63.8193],[20.2952,63.8121],[20.2925,63.8118],[20.2912,63.8137],[20.2828,63.8173]]]},"properties":{"Valdistrik":"24800120","Valdistr_1":"Öbackastrand","Valdistr_2":"Öbackastrand  (Umeå)","KommunNamn":"Umeå","And_rösta":87.881355932203391,"A_29_år":258,"A_65__år":317,"A_TOTålde":1167,"UTB_Lång_":567,"UTB_TOTutb":1155}},{"type":"Feature","geometry":{"type":"Polygon","coordinates":[[[20.3328,63.8659],[20.3446,63.8649],[20.346,63.8625],[20.3452,63.8586],[20.3338,63.857],[20.3312,63.8594],[20.3328,63.8659]]]},"properties":{"Valdistrik":"24800121","Valdistr_1":"Ersboda Norra","Valdistr_2":"Ersboda Norra  (Umeå)","KommunNamn":"Umeå","And_rösta":75.1796211626388,"A_29_år":300,"A_65__år":227,"A_TOTålde":1500,"UTB_Lång_":298,"UTB_TOTutb":1463}},{"type":"Feature","geometry":{"type":"Polygon","coordinates":[[[20.134,63.8555],[20.1457,63.8571],[20.1607,63.8463],[20.1609,63.842],[20.1665,63.8347],[20.1662,63.833],[20.1586,63.8323],[20.159,63.8348],[20.1489,63.8348],[20.1488,63.8361],[20.1405,63.837],[20.1447,63.8471],[20.1214,63.8496],[20.0972,63.8554],[20.1148,63.8689],[20.1271,63.8577],[20.134,63.8555]]]},"properties":{"Valdistrik":"24800227","Valdistr_1":"Umedalen Västra","Valdistr_2":"Umedalen Västra  (Umeå)","KommunNamn":"Umeå","And_rösta":79.912390488110134,"A_29_år":254,"A_65__år":251,"A_TOTålde":1575,"UTB_Lång_":526,"UTB_TOTutb":1548}},{"type":"Feature","geometry":{"type":"Polygon","coordinates":[[[20.309,63.8256],[20.3126,63.8284],[20.321,63.8274],[20.3256,63.822],[20.3263,63.8185],[20.328,63.8184],[20.3265,63.8135],[20.3148,63.8144],[20.3147,63.8179],[20.3226,63.8191],[20.309,63.8256]]]},"properties":{"Valdistrik":"24800555","Valdistr_1":"Universitetsområdet Östra","Valdistr_2":"Universitetsområdet Östra  (Umeå)","KommunNamn":"Umeå","And_rösta":78.713210130047912,"A_29_år":703,"A_65__år":94,"A_TOTålde":1430,"UTB_Lång_":516,"UTB_TOTutb":1427}},{"type":"Feature","geometry":{"type":"Polygon","coordinates":[[[20.217,63.8369],[20.2344,63.8342],[20.2285,63.8312],[20.2268,63.8319],[20.2285,63.8337],[20.217,63.8369]]]},"properties":{"Valdistrik":"24800228","Valdistr_1":"Sandåkern","Valdistr_2":"Sandåkern  (Umeå)","KommunNamn":"Umeå","And_rösta":89.8876404494382,"A_29_år":356,"A_65__år":326,"A_TOTålde":1235,"UTB_Lång_":373,"UTB_TOTutb":1225}},{"type":"Feature","geometry":{"type":"Polygon","coordinates":[[[20.349,63.8076],[20.3533,63.8074],[20.354,63.8095],[20.3728,63.8089],[20.3667,63.8072],[20.3621,63.8032],[20.3578,63.8025],[20.3406,63.803],[20.349,63.8076]]]},"properties":{"Valdistrik":"24800557","Valdistr_1":"Tomtebo Norra","Valdistr_2":"Tomtebo Norra  (Umeå)","KommunNamn":"Umeå","And_rösta":89.323220536756125,"A_29_år":751,"A_65__år":109,"A_TOTålde":1701,"UTB_Lång_":684,"UTB_TOTutb":1694}},{"type":"Feature","geometry":{"type":"Polygon","coordinates":[[[20.3126,63.8284],[20.3144,63.8301],[20.331,63.8333],[20.3321,63.8361],[20.3282,63.8361],[20.3285,63.8379],[20.3325,63.8379],[20.3342,63.8446],[20.3399,63.8444],[20.3312,63.8289],[20.3237,63.829],[20.3247,63.8274],[20.3126,63.8284]]]},"properties":{"Valdistrik":"24801160","Valdistr_1":"Mariestrand Olovsdal","Valdistr_2":"Mariestrand Olovsdal  (Umeå)","KommunNamn":"Umeå","And_rösta":86.386639676113361,"A_29_år":860,"A_65__år":489,"A_TOTålde":1955,"UTB_Lång_":611,"UTB_TOTutb":1944}},{"type":"Feature","geometry":{"type":"Polygon","coordinates":[[[20.3253,63.8048],[20.3316,63.805],[20.3296,63.807],[20.3318,63.8079],[20.3335,63.8119],[20.3355,63.8074],[20.3486,63.8081],[20.3406,63.803],[20.3578,63.8025],[20.3631,63.8036],[20.365,63.8026],[20.3655,63.7996],[20.3604,63.8004],[20.3594,63.7987],[20.3426,63.7964],[20.3373,63.8017],[20.3347,63.7993],[20.325,63.7994],[20.3253,63.8048]]]},"properties":{"Valdistrik":"24800556","Valdistr_1":"Tomtebo Södra","Valdistr_2":"Tomtebo Södra  (Umeå)","KommunNamn":"Umeå","And_rösta":88.3589329021827,"A_29_år":294,"A_65__år":137,"A_TOTålde":1223,"UTB_Lång_":600,"UTB_TOTutb":1221}},{"type":"Feature","geometry":{"type":"Polygon","coordinates":[[[20.4205,63.8499],[20.4332,63.8437],[20.4457,63.8185],[20.4595,63.8058],[20.4912,63.8029],[20.5095,63.8059],[20.5084,63.7958],[20.499,63.7808],[20.4801,63.7663],[20.4863,63.7602],[20.4851,63.7351],[20.4196,63.734],[20.4204,63.7512],[20.4186,63.7595],[20.3623,63.7655],[20.3819,63.796],[20.3655,63.7996],[20.365,63.8026],[20.3631,63.8036],[20.3667,63.8072],[20.3728,63.8089],[20.3604,63.8266],[20.3948,63.8357],[20.4205,63.8499]]]},"properties":{"Valdistrik":"24800536","Valdistr_1":"Innertavle - Tavleliden","Valdistr_2":"Innertavle - Tavleliden  (Umeå)","KommunNamn":"Umeå","And_rösta":90.572390572390574,"A_29_år":148,"A_65__år":209,"A_TOTålde":1475,"UTB_Lång_":720,"UTB_TOTutb":1458}},{"type":"Feature","geometry":{"type":"Polygon","coordinates":[[[20.3008,63.8224],[20.3113,63.8253],[20.323,63.8183],[20.3147,63.8179],[20.3148,63.8144],[20.2986,63.8132],[20.2981,63.8092],[20.2966,63.809],[20.2917,63.8218],[20.3008,63.8224]]]},"properties":{"Valdistrik":"24800549","Valdistr_1":"Universitetsområdet","Valdistr_2":"Universitetsområdet  (Umeå)","KommunNamn":"Umeå","And_rösta":84.114726971869828,"A_29_år":1250,"A_65__år":117,"A_TOTålde":1782,"UTB_Lång_":410,"UTB_TOTutb":1778}},{"type":"Feature","geometry":{"type":"Polygon","coordinates":[[[20.2966,63.809],[20.2981,63.8092],[20.2986,63.8132],[20.3061,63.8138],[20.3054,63.8124],[20.3094,63.8054],[20.309,63.8033],[20.3112,63.8026],[20.302,63.8013],[20.2966,63.809]]]},"properties":{"Valdistrik":"24800550","Valdistr_1":"Sofiehem","Valdistr_2":"Sofiehem  (Umeå)","KommunNamn":"Umeå","And_rösta":86.661143330571662,"A_29_år":250,"A_65__år":316,"A_TOTålde":1197,"UTB_Lång_":537,"UTB_TOTutb":1190}},{"type":"Feature","geometry":{"type":"Polygon","coordinates":[[[20.3061,63.8138],[20.3161,63.8138],[20.3161,63.8094],[20.3071,63.8093],[20.3054,63.8124],[20.3061,63.8138]]]},"properties":{"Valdistrik":"24800551","Valdistr_1":"Ålidhem Västra","Valdistr_2":"Ålidhem Västra  (Umeå)","KommunNamn":"Umeå","And_rösta":78.231859883236027,"A_29_år":779,"A_65__år":72,"A_TOTålde":1138,"UTB_Lång_":281,"UTB_TOTutb":1128}},{"type":"Feature","geometry":{"type":"Polygon","coordinates":[[[20.3071,63.8093],[20.3254,63.8095],[20.3217,63.8059],[20.3112,63.8026],[20.309,63.8033],[20.3094,63.8054],[20.3071,63.8093]]]},"properties":{"Valdistrik":"24800552","Valdistr_1":"Ålidhem Södra","Valdistr_2":"Ålidhem Södra  (Umeå)","KommunNamn":"Umeå","And_rösta":78.3744557329463,"A_29_år":391,"A_65__år":171,"A_TOTålde":1345,"UTB_Lång_":464,"UTB_TOTutb":1322}},{"type":"Feature","geometry":{"type":"Polygon","coordinates":[[[20.2925,63.8118],[20.2952,63.8121],[20.299,63.8039],[20.302,63.8013],[20.3217,63.8059],[20.3235,63.8052],[20.3187,63.8039],[20.3201,63.7985],[20.3347,63.7993],[20.3373,63.8017],[20.3426,63.7964],[20.3594,63.7987],[20.3604,63.8004],[20.3819,63.796],[20.3518,63.7491],[20.3461,63.7497],[20.32,63.7427],[20.3201,63.7467],[20.3269,63.7511],[20.3241,63.7522],[20.3111,63.765],[20.3087,63.7744],[20.3092,63.7782],[20.3111,63.7799],[20.3082,63.7862],[20.2975,63.7977],[20.2925,63.8118]]]},"properties":{"Valdistrik":"24800553","Valdistr_1":"Carlshem Västra","Valdistr_2":"Carlshem Västra  (Umeå)","KommunNamn":"Umeå","And_rösta":86.271529888551171,"A_29_år":537,"A_65__år":486,"A_TOTålde":1937,"UTB_Lång_":787,"UTB_TOTutb":1924}},{"type":"Feature","geometry":{"type":"Polygon","coordinates":[[[20.3217,63.8059],[20.3249,63.8085],[20.3265,63.8135],[20.3335,63.8119],[20.3318,63.8079],[20.3296,63.807],[20.3316,63.805],[20.3253,63.8048],[20.325,63.7986],[20.3201,63.7985],[20.3187,63.8039],[20.3235,63.8052],[20.3217,63.8059]]]},"properties":{"Valdistrik":"24800554","Valdistr_1":"Carlshem Östra","Valdistr_2":"Carlshem Östra  (Umeå)","KommunNamn":"Umeå","And_rösta":84.334203655352482,"A_29_år":278,"A_65__år":274,"A_TOTålde":1116,"UTB_Lång_":453,"UTB_TOTutb":1107}},{"type":"Feature","geometry":{"type":"Polygon","coordinates":[[[20.1971,63.8353],[20.2285,63.8312],[20.2194,63.8284],[20.2128,63.8284],[20.212,63.8269],[20.2153,63.8246],[20.1939,63.8253],[20.1891,63.826],[20.1891,63.8306],[20.1943,63.8304],[20.1971,63.8353]]]},"properties":{"Valdistrik":"24800220","Valdistr_1":"Grubbe Södra","Valdistr_2":"Grubbe Södra  (Umeå)","KommunNamn":"Umeå","And_rösta":86.868064118372374,"A_29_år":335,"A_65__år":330,"A_TOTålde":1583,"UTB_Lång_":552,"UTB_TOTutb":1576}},{"type":"Feature","geometry":{"type":"Polygon","coordinates":[[[20.2071,63.8386],[20.2285,63.8337],[20.2268,63.8319],[20.1971,63.8353],[20.1968,63.8388],[20.2071,63.8386]]]},"properties":{"Valdistrik":"24800221","Valdistr_1":"Grubbe Norra","Valdistr_2":"Grubbe Norra  (Umeå)","KommunNamn":"Umeå","And_rösta":85.593220338983059,"A_29_år":265,"A_65__år":223,"A_TOTålde":1257,"UTB_Lång_":417,"UTB_TOTutb":1246}},{"type":"Feature","geometry":{"type":"Polygon","coordinates":[[[20.178,63.8281],[20.181,63.8298],[20.181,63.833],[20.1874,63.8355],[20.1879,63.8364],[20.1841,63.8369],[20.1891,63.8418],[20.2093,63.8389],[20.1968,63.8388],[20.1979,63.8367],[20.1943,63.8304],[20.1891,63.8306],[20.1891,63.826],[20.178,63.8281]]]},"properties":{"Valdistrik":"24800222","Valdistr_1":"Kronoparken","Valdistr_2":"Kronoparken  (Umeå)","KommunNamn":"Umeå","And_rösta":86.470588235294116,"A_29_år":212,"A_65__år":379,"A_TOTålde":1346,"UTB_Lång_":389,"UTB_TOTutb":1338}},{"type":"Feature","geometry":{"type":"Polygon","coordinates":[[[20.1405,63.837],[20.1488,63.8361],[20.1489,63.8348],[20.159,63.8348],[20.1586,63.8323],[20.1662,63.833],[20.1665,63.8343],[20.1748,63.8363],[20.173,63.8375],[20.178,63.8385],[20.1644,63.844],[20.1605,63.8439],[20.1605,63.8453],[20.1891,63.8418],[20.1841,63.8369],[20.1879,63.8364],[20.1874,63.8355],[20.181,63.833],[20.181,63.8298],[20.178,63.8281],[20.1554,63.83],[20.1384,63.8291],[20.1381,63.8319],[20.1415,63.8326],[20.1389,63.8332],[20.1405,63.837]]]},"properties":{"Valdistrik":"24800223","Valdistr_1":"Backen","Valdistr_2":"Backen  (Umeå)","KommunNamn":"Umeå","And_rösta":85.468451242829829,"A_29_år":124,"A_65__år":395,"A_TOTålde":1025,"UTB_Lång_":348,"UTB_TOTutb":1016}},{"type":"Feature","geometry":{"type":"Polygon","coordinates":[[[20.1665,63.8343],[20.1605,63.8439],[20.1644,63.844],[20.178,63.8385],[20.173,63.8375],[20.1748,63.8363],[20.1727,63.8352],[20.1665,63.8343]]]},"properties":{"Valdistrik":"24800224","Valdistr_1":"Umedalen Östra","Valdistr_2":"Umedalen Östra  (Umeå)","KommunNamn":"Umeå","And_rösta":83.940397350993379,"A_29_år":185,"A_65__år":289,"A_TOTålde":1195,"UTB_Lång_":338,"UTB_TOTutb":1179}},{"type":"Feature","geometry":{"type":"Polygon","coordinates":[[[19.8688,63.8136],[19.8188,63.8229],[19.8545,63.8447],[19.86,63.8453],[19.8778,63.8528],[19.9134,63.8614],[19.9702,63.8661],[19.9828,63.8876],[19.9623,63.8859],[19.9501,63.8895],[19.9369,63.8875],[19.9306,63.8826],[19.9276,63.8823],[19.9083,63.8857],[19.8835,63.8981],[19.8653,63.9135],[19.8578,63.9176],[19.8614,63.9194],[19.8553,63.9268],[19.8818,63.9318],[19.9337,63.9495],[19.9398,63.9464],[19.9577,63.9474],[19.9675,63.9606],[19.9553,63.9622],[19.9524,63.9561],[19.9443,63.9532],[19.9216,63.966],[19.9289,63.9678],[19.9259,63.9746],[19.9085,63.9735],[19.9123,63.9776],[19.923,64.0031],[19.9272,64.0033],[19.9362,64.015],[19.9462,64.0117],[19.9538,64.0176],[19.9712,64.0154],[19.9712,64.0137],[19.9867,64.0133],[19.9897,64.0047],[19.9992,63.9928],[20.0365,63.9745],[20.0616,63.9571],[20.0691,63.9415],[20.0835,63.9302],[20.0885,63.9171],[20.1281,63.9022],[20.1212,63.8968],[20.1525,63.8859],[20.1691,63.8681],[20.1652,63.8671],[20.1658,63.8635],[20.1447,63.8619],[20.1457,63.8571],[20.1363,63.8554],[20.1271,63.8577],[20.1148,63.8689],[20.0972,63.8554],[20.1214,63.8496],[20.1447,63.8471],[20.1389,63.8332],[20.1415,63.8326],[20.1381,63.8319],[20.1384,63.8291],[20.1304,63.8311],[20.1292,63.835],[20.112,63.8393],[20.1078,63.8438],[20.0994,63.8432],[20.0944,63.8522],[20.0919,63.8536],[19.9979,63.8247],[19.9918,63.8339],[19.9815,63.8266],[19.973,63.8268],[19.9699,63.8248],[19.973,63.822],[19.93,63.8187],[19.9307,63.8169],[19.929,63.8164],[19.9309,63.8164],[19.9318,63.8144],[19.9217,63.8136],[19.9202,63.8179],[19.8688,63.8136]]]},"properties":{"Valdistrik":"24800225","Valdistr_1":"Brännland","Valdistr_2":"Brännland  (Umeå)","KommunNamn":"Umeå","And_rösta":88.631465517241381,"A_29_år":205,"A_65__år":405,"A_TOTålde":1832,"UTB_Lång_":570,"UTB_TOTutb":1823}},{"type":"Feature","geometry":{"type":"Polygon","coordinates":[[[20.3416,64.0159],[20.3652,63.9802],[20.2964,63.9742],[20.296,63.9649],[20.2942,63.965],[20.2931,63.9591],[20.2748,63.9565],[20.273,63.9357],[20.2709,63.9347],[20.2729,63.9321],[20.2698,63.9005],[20.2735,63.8922],[20.2762,63.8915],[20.2781,63.8876],[20.2763,63.8855],[20.2778,63.8809],[20.2237,63.8422],[20.2063,63.8456],[20.2041,63.8398],[20.1605,63.8453],[20.1451,63.8578],[20.1447,63.8619],[20.1658,63.8635],[20.1652,63.8671],[20.1691,63.8681],[20.1525,63.8859],[20.1212,63.8968],[20.1281,63.9022],[20.0885,63.9171],[20.0835,63.9302],[20.078,63.9345],[20.1076,63.9426],[20.1031,63.9644],[20.1166,63.9671],[20.1212,63.9913],[20.1322,63.9938],[20.1556,63.9757],[20.1757,63.9738],[20.167,63.981],[20.1795,63.9948],[20.204,63.9913],[20.2014,64.0019],[20.2074,64.0032],[20.2005,64.0086],[20.2462,64.0367],[20.296,64.0363],[20.3084,64.0226],[20.3109,64.0103],[20.3416,64.0159]]]},"properties":{"Valdistrik":"24800226","Valdistr_1":"Hissjö","Valdistr_2":"Hissjö  (Umeå)","KommunNamn":"Umeå","And_rösta":88.8673765730881,"A_29_år":142,"A_65__år":245,"A_TOTålde":1023,"UTB_Lång_":261,"UTB_TOTutb":1021}},{"type":"Feature","geometry":{"type":"Polygon","coordinates":[[[19.8219,64.1215],[19.8179,64.1288],[19.8305,64.1277],[19.8443,64.1238],[19.8614,64.132],[19.8926,64.1288],[19.9257,64.1318],[19.9416,64.1127],[19.955,64.1139],[19.9531,64.1161],[19.9546,64.1162],[19.9553,64.1139],[19.9821,64.1154],[19.9868,64.1247],[19.9898,64.1253],[19.9863,64.1192],[19.9931,64.1172],[20.0182,64.117],[20.0274,64.1301],[20.0287,64.1541],[20.0205,64.1656],[20.0467,64.1849],[20.0544,64.1945],[20.0598,64.1948],[20.0708,64.2057],[20.0743,64.2042],[20.0581,64.2175],[20.0825,64.2385],[20.0993,64.2406],[20.0993,64.236],[20.1505,64.2346],[20.1519,64.241],[20.1761,64.2431],[20.1679,64.2197],[20.1769,64.2145],[20.1862,64.2171],[20.2145,64.2056],[20.2066,64.2041],[20.2054,64.1952],[20.2114,64.1884],[20.2349,64.1897],[20.2775,64.1457],[20.2855,64.116],[20.2663,64.1141],[20.2574,64.1001],[20.2893,64.1022],[20.2925,64.0908],[20.2967,64.0842],[20.3037,64.0857],[20.3083,64.0815],[20.3082,64.0757],[20.3015,64.077],[20.3416,64.0159],[20.3109,64.0103],[20.3084,64.0226],[20.296,64.0363],[20.2462,64.0367],[20.2005,64.0086],[20.2074,64.0032],[20.2014,64.0019],[20.204,63.9913],[20.1795,63.9948],[20.167,63.981],[20.1757,63.9738],[20.1556,63.9757],[20.1322,63.9938],[20.1212,63.9913],[20.1166,63.9671],[20.1031,63.9644],[20.1076,63.9426],[20.078,63.9345],[20.0691,63.9415],[20.0616,63.9571],[20.0365,63.9745],[19.9992,63.9928],[19.9897,64.0047],[19.9867,64.0133],[19.9712,64.0137],[19.9712,64.0154],[19.948,64.0189],[19.958,64.0279],[19.9509,64.0293],[19.9561,64.04],[19.9621,64.0434],[19.9404,64.0768],[19.8905,64.0721],[19.8664,64.0855],[19.7927,64.0847],[19.8031,64.0955],[19.7945,64.0977],[19.799,64.0996],[19.7993,64.0969],[19.8037,64.0962],[19.8241,64.1176],[19.8219,64.1215]]]},"properties":{"Valdistrik":"24800330","Valdistr_1":"Tavelsjö","Valdistr_2":"Tavelsjö  (Umeå)","KommunNamn":"Umeå","And_rösta":86.652078774617067,"A_29_år":180,"A_65__år":474,"A_TOTålde":1813,"UTB_Lång_":414,"UTB_TOTutb":1811}},{"type":"Feature","geometry":{"type":"Polygon","coordinates":[[[20.2346,63.8008],[20.2491,63.8081],[20.2497,63.8154],[20.2583,63.8173],[20.2646,63.8143],[20.2689,63.8142],[20.2691,63.821],[20.2912,63.8137],[20.2975,63.7977],[20.3082,63.7862],[20.3034,63.7854],[20.3036,63.7812],[20.3021,63.779],[20.3004,63.7792],[20.2818,63.79],[20.2636,63.7976],[20.2652,63.7984],[20.2485,63.7933],[20.2346,63.8008]]]},"properties":{"Valdistrik":"24800440","Valdistr_1":"Östteg","Valdistr_2":"Östteg  (Umeå)","KommunNamn":"Umeå","And_rösta":84.871099050203526,"A_29_år":202,"A_65__år":373,"A_TOTålde":1461,"UTB_Lång_":542,"UTB_TOTutb":1454}},{"type":"Feature","geometry":{"type":"Polygon","coordinates":[[[20.251,63.8199],[20.254,63.8239],[20.2691,63.821],[20.2689,63.8142],[20.2646,63.8143],[20.2583,63.8173],[20.2497,63.8154],[20.251,63.8199]]]},"properties":{"Valdistrik":"24800441","Valdistr_1":"Västteg","Valdistr_2":"Västteg  (Umeå)","KommunNamn":"Umeå","And_rösta":83.647375504710624,"A_29_år":444,"A_65__år":335,"A_TOTålde":1454,"UTB_Lång_":357,"UTB_TOTutb":1447}},{"type":"Feature","geometry":{"type":"Polygon","coordinates":[[[20.3185,63.8398],[20.3216,63.8401],[20.3285,63.8379],[20.3282,63.8361],[20.3321,63.8361],[20.331,63.8333],[20.3177,63.8307],[20.3193,63.833],[20.3176,63.836],[20.3185,63.8398]]]},"properties":{"Valdistrik":"24801155","Valdistr_1":"Mariehem","Valdistr_2":"Mariehem  (Umeå)","KommunNamn":"Umeå","And_rösta":84.39716312056737,"A_29_år":233,"A_65__år":437,"A_TOTålde":1382,"UTB_Lång_":663,"UTB_TOTutb":1371}},{"type":"Feature","geometry":{"type":"Polygon","coordinates":[[[20.3342,63.8446],[20.3325,63.8379],[20.3245,63.8384],[20.3254,63.8442],[20.3342,63.8446]]]},"properties":{"Valdistrik":"24801157","Valdistr_1":"Mariehemshöjd","Valdistr_2":"Mariehemshöjd  (Umeå)","KommunNamn":"Umeå","And_rösta":76.776556776556788,"A_29_år":493,"A_65__år":259,"A_TOTålde":1344,"UTB_Lång_":324,"UTB_TOTutb":1336}},{"type":"Feature","geometry":{"type":"Polygon","coordinates":[[[20.2952,63.8476],[20.2962,63.8491],[20.3147,63.8484],[20.3137,63.845],[20.3147,63.8435],[20.3024,63.8441],[20.2952,63.8476]]]},"properties":{"Valdistrik":"24801158","Valdistr_1":"Mariedal","Valdistr_2":"Mariedal  (Umeå)","KommunNamn":"Umeå","And_rösta":90.4799370574351,"A_29_år":153,"A_65__år":468,"A_TOTålde":1262,"UTB_Lång_":462,"UTB_TOTutb":1253}},{"type":"Feature","geometry":{"type":"Polygon","coordinates":[[[20.1988,63.8198],[20.2178,63.8212],[20.219,63.8185],[20.2315,63.8204],[20.2325,63.8172],[20.2234,63.8162],[20.2127,63.8125],[20.1988,63.8198]]]},"properties":{"Valdistrik":"24800446","Valdistr_1":"Böleäng Västra","Valdistr_2":"Böleäng Västra  (Umeå)","KommunNamn":"Umeå","And_rösta":88.168168168168165,"A_29_år":171,"A_65__år":435,"A_TOTålde":1644,"UTB_Lång_":475,"UTB_TOTutb":1636}},{"type":"Feature","geometry":{"type":"Polygon","coordinates":[[[19.8188,63.8229],[19.8688,63.8136],[19.9202,63.8179],[19.9217,63.8136],[19.9318,63.8144],[19.9309,63.8164],[19.929,63.8164],[19.9307,63.8169],[19.93,63.8187],[19.973,63.822],[19.9699,63.8248],[19.973,63.8268],[19.9815,63.8266],[19.9918,63.8339],[19.9979,63.8247],[20.0566,63.8004],[20.0642,63.7874],[20.0722,63.7883],[20.0764,63.7817],[20.09,63.7812],[20.1008,63.7507],[20.097,63.7479],[20.0892,63.7464],[20.1001,63.743],[20.0989,63.74],[20.102,63.7337],[20.1046,63.7335],[20.1075,63.7299],[20.1053,63.7284],[20.0868,63.7274],[20.0676,63.7219],[20.0629,63.7126],[20.0789,63.692],[20.0615,63.6942],[20.0583,63.6985],[20.0347,63.7008],[20.0317,63.7046],[20.0444,63.7065],[20.0357,63.7125],[20.0362,63.7149],[20.0323,63.7148],[20.0147,63.7272],[19.9644,63.7296],[19.9324,63.7493],[19.8972,63.7335],[19.8646,63.7401],[19.8162,63.7901],[19.8188,63.8229]]]},"properties":{"Valdistrik":"24800447","Valdistr_1":"Yttersjö","Valdistr_2":"Yttersjö  (Umeå)","KommunNamn":"Umeå","And_rösta":89.809444904722454,"A_29_år":135,"A_65__år":270,"A_TOTålde":1200,"UTB_Lång_":354,"UTB_TOTutb":1198}},{"type":"Feature","geometry":{"type":"Polygon","coordinates":[[[20.32,63.7427],[20.3461,63.7497],[20.3518,63.7491],[20.3623,63.7655],[20.4186,63.7595],[20.4204,63.7512],[20.4199,63.7419],[20.384,63.7457],[20.3893,63.7255],[20.392,63.7255],[20.3902,63.7225],[20.3954,63.7228],[20.3964,63.7136],[20.393,63.7108],[20.3915,63.7044],[20.364,63.7054],[20.3835,63.716],[20.3858,63.719],[20.3768,63.7203],[20.3669,63.7357],[20.366,63.7337],[20.3296,63.7314],[20.32,63.7427]]]},"properties":{"Valdistrik":"24800660","Valdistr_1":"Holmsund Östra","Valdistr_2":"Holmsund Östra  (Umeå)","KommunNamn":"Umeå","And_rösta":87.121212121212125,"A_29_år":176,"A_65__år":391,"A_TOTålde":1436,"UTB_Lång_":465,"UTB_TOTutb":1431}},{"type":"Feature","geometry":{"type":"Polygon","coordinates":[[[20.3296,63.7314],[20.366,63.7337],[20.3669,63.7357],[20.3768,63.7203],[20.3858,63.719],[20.3835,63.716],[20.3595,63.7026],[20.3556,63.6917],[20.3412,63.671],[20.3302,63.6716],[20.3298,63.6775],[20.3217,63.6843],[20.3251,63.6889],[20.3334,63.6923],[20.3377,63.7027],[20.3296,63.7314]]]},"properties":{"Valdistrik":"24800661","Valdistr_1":"Holmsund Västra","Valdistr_2":"Holmsund Västra  (Umeå)","KommunNamn":"Umeå","And_rösta":79.907161803713535,"A_29_år":257,"A_65__år":425,"A_TOTålde":1484,"UTB_Lång_":323,"UTB_TOTutb":1479}},{"type":"Feature","geometry":{"type":"Polygon","coordinates":[[[20.3644,63.7053],[20.3915,63.7044],[20.393,63.7108],[20.3964,63.7136],[20.3954,63.7228],[20.3902,63.7225],[20.392,63.7255],[20.3893,63.7255],[20.384,63.7457],[20.4199,63.7419],[20.4196,63.734],[20.4226,63.7333],[20.4851,63.7351],[20.4957,63.7058],[20.477,63.6887],[20.4146,63.6216],[20.3863,63.6325],[20.3356,63.6575],[20.3318,63.6665],[20.3317,63.6715],[20.3412,63.671],[20.3556,63.6917],[20.3595,63.7026],[20.3644,63.7053]]]},"properties":{"Valdistrik":"24800662","Valdistr_1":"Holmsund Södra","Valdistr_2":"Holmsund Södra  (Umeå)","KommunNamn":"Umeå","And_rösta":89.784335981838808,"A_29_år":164,"A_65__år":539,"A_TOTålde":1732,"UTB_Lång_":549,"UTB_TOTutb":1729}},{"type":"Feature","geometry":{"type":"Polygon","coordinates":[[[20.2403,63.695],[20.255,63.715],[20.2597,63.7146],[20.268,63.7227],[20.2679,63.7248],[20.2745,63.7257],[20.2788,63.7401],[20.2854,63.7489],[20.2936,63.7504],[20.3095,63.7418],[20.32,63.7427],[20.3296,63.7314],[20.3377,63.7027],[20.3334,63.6923],[20.3251,63.6889],[20.3217,63.6843],[20.3298,63.6775],[20.3302,63.6716],[20.3317,63.6715],[20.3318,63.6665],[20.3356,63.6575],[20.3863,63.6325],[20.4146,63.6216],[20.2318,63.6163],[20.2329,63.6484],[20.2389,63.6575],[20.2358,63.6626],[20.2392,63.6694],[20.2371,63.6741],[20.2389,63.6837],[20.2434,63.6883],[20.2403,63.695]]]},"properties":{"Valdistrik":"24800663","Valdistr_1":"Obbola","Valdistr_2":"Obbola  (Umeå)","KommunNamn":"Umeå","And_rösta":89.49343339587243,"A_29_år":217,"A_65__år":640,"A_TOTålde":2108,"UTB_Lång_":565,"UTB_TOTutb":2102}},{"type":"Feature","geometry":{"type":"Polygon","coordinates":[[[19.915,63.6423],[19.9308,63.642],[19.9311,63.6396],[19.924,63.64],[19.9294,63.634],[19.9284,63.6206],[19.9295,63.6026],[19.9227,63.6009],[19.9133,63.6182],[19.9134,63.6215],[19.9094,63.6233],[19.9103,63.6339],[19.9166,63.6401],[19.915,63.6423]]]},"properties":{"Valdistrik":"24800770","Valdistr_1":"Hörnefors Östra","Valdistr_2":"Hörnefors Östra  (Umeå)","KommunNamn":"Umeå","And_rösta":88.160469667318992,"A_29_år":126,"A_65__år":289,"A_TOTålde":1018,"UTB_Lång_":220,"UTB_TOTutb":1014}},{"type":"Feature","geometry":{"type":"Polygon","coordinates":[[[20.107,64.3581],[20.1009,64.361],[20.1123,64.3728],[20.1332,64.3719],[20.1332,64.3741],[20.1032,64.3906],[20.1088,64.3941],[20.1926,64.3718],[20.1887,64.3686],[20.2009,64.3641],[20.2093,64.3541],[20.2302,64.3412],[20.309,64.3179],[20.3125,64.3141],[20.3051,64.3125],[20.3319,64.2708],[20.3375,64.257],[20.3568,64.2581],[20.4564,64.1405],[20.5196,64.1126],[20.5222,64.0981],[20.5485,64.0697],[20.56,64.0714],[20.5524,64.0799],[20.5647,64.082],[20.6427,64.009],[20.6127,64.0033],[20.6209,63.9939],[20.579,63.9863],[20.5731,63.9922],[20.5621,63.9911],[20.5584,63.9924],[20.543,64.0081],[20.5342,64.0051],[20.4959,63.9985],[20.502,63.9922],[20.4588,63.9857],[20.448,63.9874],[20.444,63.9778],[20.418,63.9732],[20.4134,63.9786],[20.3939,63.9749],[20.3993,63.9568],[20.3869,63.9458],[20.3015,64.077],[20.3082,64.0757],[20.3083,64.0815],[20.3037,64.0857],[20.2967,64.0842],[20.2925,64.0908],[20.2893,64.1022],[20.2574,64.1001],[20.2663,64.1141],[20.2855,64.116],[20.2775,64.1457],[20.2349,64.1897],[20.2114,64.1884],[20.2054,64.1952],[20.2066,64.2041],[20.2145,64.2056],[20.1862,64.2171],[20.1769,64.2145],[20.1679,64.2197],[20.1761,64.2431],[20.1519,64.241],[20.1505,64.2346],[20.0993,64.236],[20.1005,64.2638],[20.102,64.2689],[20.0901,64.2677],[20.0842,64.2736],[20.0796,64.2729],[20.0817,64.2668],[20.0245,64.2723],[20.0301,64.2995],[20.0399,64.3155],[20.0384,64.3225],[20.0328,64.3227],[20.0319,64.3262],[20.0688,64.3234],[20.0419,64.336],[20.0497,64.3388],[20.0643,64.3363],[20.0766,64.3488],[20.1162,64.3403],[20.117,64.3458],[20.141,64.342],[20.142,64.3477],[20.1159,64.354],[20.107,64.3581]]]},"properties":{"Valdistrik":"24800990","Valdistr_1":"Bullmark","Valdistr_2":"Bullmark  (Umeå)","KommunNamn":"Umeå","And_rösta":85.940594059405939,"A_29_år":120,"A_65__år":307,"A_TOTålde":1002,"UTB_Lång_":149,"UTB_TOTutb":993}},{"type":"Feature","geometry":{"type":"Polygon","coordinates":[[[19.7463,63.6635],[19.7606,63.6744],[19.7633,63.704],[19.7792,63.7298],[19.7822,63.7252],[19.7856,63.7237],[19.7844,63.7225],[19.7927,63.7189],[19.7912,63.7183],[19.7927,63.7174],[19.7912,63.7168],[19.7919,63.7158],[19.796,63.7162],[19.7999,63.714],[19.7996,63.7113],[19.8083,63.7101],[19.8059,63.7074],[19.8079,63.7072],[19.8082,63.7047],[19.8193,63.706],[19.8235,63.7038],[19.8242,63.705],[19.8363,63.7058],[19.8375,63.7055],[19.8363,63.7041],[19.8408,63.7048],[19.8467,63.7021],[19.8443,63.7019],[19.8458,63.6966],[19.8514,63.6935],[19.8574,63.694],[19.8593,63.6921],[19.8738,63.6888],[19.895,63.6869],[19.8951,63.6826],[19.9009,63.6807],[19.8984,63.6796],[19.9022,63.6791],[19.9038,63.6743],[19.9113,63.6728],[19.9097,63.6718],[19.9129,63.6696],[19.9113,63.6689],[19.9121,63.6673],[19.9108,63.6654],[19.9134,63.664],[19.9119,63.6606],[19.9167,63.6607],[19.9168,63.6591],[19.9198,63.6586],[19.9207,63.6553],[19.9192,63.6537],[19.9228,63.6523],[19.9259,63.6481],[19.9246,63.6466],[19.9133,63.6462],[19.9158,63.6441],[19.9152,63.6411],[19.9166,63.6401],[19.9103,63.6339],[19.9093,63.6238],[19.9134,63.6215],[19.9133,63.6182],[19.9296,63.589],[20.014,63.5668],[20.0226,63.5383],[20.047,63.5078],[19.8448,63.5073],[19.7755,63.5112],[19.7504,63.5274],[19.7472,63.5367],[19.7437,63.5361],[19.7412,63.5433],[19.7365,63.5441],[19.7329,63.5509],[19.7358,63.5578],[19.7331,63.562],[19.7309,63.5625],[19.7321,63.5635],[19.7297,63.5684],[19.724,63.5722],[19.7193,63.5721],[19.7194,63.5745],[19.7168,63.5767],[19.7208,63.5787],[19.7197,63.5854],[19.7499,63.5826],[19.7589,63.5846],[19.7569,63.5926],[19.7542,63.5934],[19.7531,63.5985],[19.748,63.603],[19.7231,63.6413],[19.7267,63.6484],[19.7463,63.6635]]]},"properties":{"Valdistrik":"24800771","Valdistr_1":"Hörnefors Västra","Valdistr_2":"Hörnefors Västra  (Umeå)","KommunNamn":"Umeå","And_rösta":83.225388601036272,"A_29_år":213,"A_65__år":485,"A_TOTålde":1531,"UTB_Lång_":289,"UTB_TOTutb":1528}},{"type":"Feature","geometry":{"type":"Polygon","coordinates":[[[20.5126,64.0015],[20.5342,64.0051],[20.543,64.0081],[20.5584,63.9924],[20.5621,63.9911],[20.5731,63.9922],[20.579,63.9863],[20.6209,63.9939],[20.6127,64.0033],[20.6427,64.009],[20.666,63.986],[20.6879,63.9726],[20.6608,63.9212],[20.6346,63.8794],[20.6773,63.885],[20.7297,63.8747],[20.7234,63.8678],[20.726,63.8656],[20.7257,63.8634],[20.8117,63.8458],[20.9444,63.8678],[21.0139,63.8496],[21.0479,63.8124],[21.0751,63.7755],[21.0309,63.726],[20.9637,63.6891],[20.9254,63.6492],[20.842,63.5771],[20.7719,63.5526],[20.7165,63.5544],[20.7245,63.5993],[20.8078,63.7221],[20.7182,63.7433],[20.614,63.7529],[20.6094,63.7611],[20.5842,63.7647],[20.5787,63.7679],[20.5609,63.7707],[20.5598,63.7759],[20.5622,63.7774],[20.5632,63.7807],[20.5628,63.7866],[20.5739,63.7891],[20.5715,63.7918],[20.5734,63.7961],[20.57,63.8042],[20.5668,63.8042],[20.5641,63.8087],[20.5623,63.8089],[20.5628,63.8172],[20.5617,63.8182],[20.5633,63.8243],[20.5611,63.8342],[20.5659,63.8494],[20.562,63.858],[20.5544,63.8645],[20.555,63.8671],[20.5529,63.8701],[20.5573,63.8861],[20.5546,63.8897],[20.5552,63.9015],[20.5522,63.9057],[20.5554,63.9093],[20.5678,63.9106],[20.5695,63.9128],[20.5729,63.9136],[20.5757,63.9232],[20.5732,63.926],[20.571,63.9366],[20.5647,63.9385],[20.5647,63.9439],[20.562,63.945],[20.5605,63.9488],[20.5522,63.9509],[20.5511,63.9534],[20.5522,63.9598],[20.5403,63.9626],[20.5365,63.965],[20.5355,63.9767],[20.5285,63.9777],[20.5264,63.9839],[20.5211,63.9841],[20.5204,63.9824],[20.5185,63.9845],[20.5081,63.9847],[20.5081,63.9869],[20.5099,63.9877],[20.5056,63.9899],[20.5075,63.9909],[20.5035,63.9915],[20.5088,63.9928],[20.504,63.994],[20.5105,63.9959],[20.5066,63.9981],[20.5126,64.0015]]]},"properties":{"Valdistrik":"24800991","Valdistr_1":"Sävar Östra","Valdistr_2":"Sävar Östra  (Umeå)","KommunNamn":"Umeå","And_rösta":90.174531351001946,"A_29_år":155,"A_65__år":391,"A_TOTålde":1531,"UTB_Lång_":456,"UTB_TOTutb":1529}},{"type":"Feature","geometry":{"type":"Polygon","coordinates":[[[20.5126,64.0015],[20.5066,63.9981],[20.5105,63.9959],[20.504,63.994],[20.5088,63.9928],[20.5035,63.9915],[20.5075,63.9909],[20.5056,63.9899],[20.5099,63.9877],[20.5081,63.9869],[20.5081,63.9847],[20.5185,63.9845],[20.5204,63.9824],[20.5211,63.9841],[20.5264,63.9839],[20.5285,63.9777],[20.5355,63.9767],[20.5365,63.965],[20.5403,63.9626],[20.5522,63.9598],[20.5511,63.9534],[20.5522,63.9509],[20.5605,63.9488],[20.562,63.945],[20.5647,63.9439],[20.5647,63.9385],[20.571,63.9366],[20.5732,63.926],[20.5754,63.9244],[20.5729,63.9136],[20.5695,63.9128],[20.5678,63.9106],[20.5554,63.9093],[20.5522,63.9057],[20.5552,63.9015],[20.5546,63.8897],[20.5573,63.8861],[20.5529,63.8701],[20.555,63.8671],[20.5544,63.8645],[20.562,63.858],[20.5659,63.8494],[20.5611,63.8342],[20.5633,63.8243],[20.5617,63.8182],[20.5628,63.8172],[20.5623,63.8089],[20.5641,63.8087],[20.5668,63.8042],[20.57,63.8042],[20.5734,63.7961],[20.5715,63.7918],[20.5739,63.7891],[20.5628,63.7866],[20.5496,63.7948],[20.5507,63.8131],[20.5576,63.8237],[20.5094,63.8716],[20.5037,63.8901],[20.46,63.8986],[20.4575,63.8973],[20.4588,63.8951],[20.4522,63.8874],[20.4387,63.8622],[20.4165,63.8695],[20.4094,63.9003],[20.3979,63.8987],[20.3869,63.9458],[20.3993,63.9568],[20.3939,63.9749],[20.4134,63.9786],[20.418,63.9732],[20.444,63.9778],[20.448,63.9874],[20.4588,63.9857],[20.502,63.9922],[20.4959,63.9985],[20.5126,64.0015]]]},"properties":{"Valdistrik":"24800992","Valdistr_1":"Sävar Västra","Valdistr_2":"Sävar Västra  (Umeå)","KommunNamn":"Umeå","And_rösta":86.484490398818309,"A_29_år":165,"A_65__år":368,"A_TOTålde":1342,"UTB_Lång_":367,"UTB_TOTutb":1339}},{"type":"Feature","geometry":{"type":"Polygon","coordinates":[[[20.4205,63.8499],[20.4304,63.8648],[20.4387,63.8622],[20.4522,63.8874],[20.4588,63.8951],[20.4575,63.8973],[20.46,63.8986],[20.5037,63.8901],[20.5094,63.8716],[20.5576,63.8237],[20.5507,63.8131],[20.5496,63.7948],[20.5628,63.7866],[20.5632,63.7807],[20.5622,63.7774],[20.5598,63.7759],[20.5609,63.7707],[20.5787,63.7679],[20.5842,63.7647],[20.6094,63.7611],[20.614,63.7529],[20.6248,63.7014],[20.4957,63.7058],[20.4851,63.7351],[20.4863,63.7602],[20.4801,63.7663],[20.499,63.7808],[20.5084,63.7958],[20.5095,63.8059],[20.4912,63.8029],[20.4595,63.8058],[20.4457,63.8185],[20.4332,63.8437],[20.4205,63.8499]]]},"properties":{"Valdistrik":"24800993","Valdistr_1":"Täfteå","Valdistr_2":"Täfteå  (Umeå)","KommunNamn":"Umeå","And_rösta":91.304347826086953,"A_29_år":125,"A_65__år":293,"A_TOTålde":1206,"UTB_Lång_":453,"UTB_TOTutb":1203}},{"type":"Feature","geometry":{"type":"Polygon","coordinates":[[[20.2319,63.8174],[20.2388,63.8195],[20.2403,63.8224],[20.2381,63.8226],[20.2404,63.826],[20.254,63.8239],[20.251,63.8199],[20.2319,63.8174]]]},"properties":{"Valdistrik":"24800442","Valdistr_1":"Böleå","Valdistr_2":"Böleå  (Umeå)","KommunNamn":"Umeå","And_rösta":82.787878787878782,"A_29_år":346,"A_65__år":568,"A_TOTålde":1608,"UTB_Lång_":401,"UTB_TOTutb":1605}},{"type":"Feature","geometry":{"type":"Polygon","coordinates":[[[20.1891,63.826],[20.2153,63.8246],[20.2294,63.8279],[20.2404,63.826],[20.2381,63.8226],[20.2403,63.8224],[20.2388,63.8195],[20.2319,63.8174],[20.2315,63.8204],[20.219,63.8185],[20.2178,63.8212],[20.1988,63.8198],[20.189,63.8243],[20.1891,63.826]]]},"properties":{"Valdistrik":"24800443","Valdistr_1":"Böleäng Östra","Valdistr_2":"Böleäng Östra  (Umeå)","KommunNamn":"Umeå","And_rösta":87.032617342879874,"A_29_år":265,"A_65__år":238,"A_TOTålde":1245,"UTB_Lång_":373,"UTB_TOTutb":1242}},{"type":"Feature","geometry":{"type":"Polygon","coordinates":[[[19.9979,63.8247],[20.0919,63.8536],[20.0944,63.8522],[20.0994,63.8432],[20.1078,63.8438],[20.112,63.8393],[20.1292,63.835],[20.1304,63.8311],[20.1384,63.8291],[20.1554,63.83],[20.1891,63.826],[20.189,63.8243],[20.2346,63.8008],[20.204,63.7872],[20.2021,63.7878],[20.2037,63.7886],[20.2028,63.7905],[20.2051,63.7927],[20.2055,63.7956],[20.2011,63.8032],[20.1988,63.8021],[20.1942,63.804],[20.1888,63.8038],[20.1888,63.8058],[20.1835,63.8081],[20.1854,63.8085],[20.1853,63.8106],[20.1787,63.8105],[20.174,63.8127],[20.1712,63.8116],[20.1719,63.8089],[20.1641,63.8032],[20.1481,63.7993],[20.128,63.814],[20.0827,63.8017],[20.0566,63.8004],[19.9979,63.8247]]]},"properties":{"Valdistrik":"24800444","Valdistr_1":"Röbäck Östra - Klabböle","Valdistr_2":"Röbäck Östra - Klabböle  (Umeå)","KommunNamn":"Umeå","And_rösta":89.278752436647167,"A_29_år":127,"A_65__år":242,"A_TOTålde":1019,"UTB_Lång_":370,"UTB_TOTutb":1010}},{"type":"Feature","geometry":{"type":"Polygon","coordinates":[[[20.2268,63.7976],[20.2346,63.8008],[20.2485,63.7933],[20.2652,63.7984],[20.2636,63.7976],[20.2818,63.79],[20.3004,63.7792],[20.3021,63.779],[20.3036,63.7812],[20.3034,63.7854],[20.3082,63.7862],[20.3111,63.7799],[20.3092,63.7782],[20.3087,63.7744],[20.3111,63.765],[20.3241,63.7522],[20.3269,63.7511],[20.3201,63.7467],[20.32,63.7427],[20.3095,63.7418],[20.2936,63.7504],[20.2854,63.7489],[20.2788,63.7401],[20.2745,63.7257],[20.2679,63.7248],[20.268,63.7227],[20.2597,63.7146],[20.255,63.715],[20.2463,63.7045],[20.2403,63.695],[20.2434,63.6883],[20.2389,63.6837],[20.2371,63.6741],[20.2392,63.6694],[20.2358,63.6626],[20.2389,63.6575],[20.2329,63.6484],[20.2318,63.6163],[20.1797,63.6154],[20.1484,63.6577],[20.156,63.6775],[20.125,63.6789],[20.1184,63.7246],[20.151,63.7157],[20.1757,63.7445],[20.2236,63.765],[20.2441,63.7626],[20.2451,63.7542],[20.262,63.7509],[20.2624,63.7556],[20.2649,63.7596],[20.2753,63.7596],[20.2684,63.7739],[20.2617,63.7796],[20.2519,63.7777],[20.2263,63.7781],[20.2276,63.7789],[20.2268,63.7976]]]},"properties":{"Valdistrik":"24800445","Valdistr_1":"Stöcke","Valdistr_2":"Stöcke  (Umeå)","KommunNamn":"Umeå","And_rösta":90.1529636711281,"A_29_år":119,"A_65__år":235,"A_TOTålde":1036,"UTB_Lång_":309,"UTB_TOTutb":1034}},{"type":"Feature","geometry":{"type":"Polygon","coordinates":[[[20.3003,63.8445],[20.3147,63.8435],[20.3185,63.8398],[20.3176,63.836],[20.3193,63.833],[20.3072,63.8245],[20.3009,63.8224],[20.2982,63.8236],[20.3046,63.8282],[20.3037,63.8291],[20.2941,63.8265],[20.2927,63.827],[20.2975,63.8294],[20.2945,63.8315],[20.2887,63.8308],[20.2871,63.828],[20.2862,63.8326],[20.2882,63.834],[20.2864,63.8352],[20.2881,63.8404],[20.2866,63.841],[20.294,63.8444],[20.3003,63.8445]]]},"properties":{"Valdistrik":"24800101","Valdistr_1":"Berghem Norra","Valdistr_2":"Berghem Norra  (Umeå)","KommunNamn":"Umeå","And_rösta":86.350148367952514,"A_29_år":462,"A_65__år":328,"A_TOTålde":1650,"UTB_Lång_":826,"UTB_TOTutb":1644}},{"type":"Feature","geometry":{"type":"Polygon","coordinates":[[[20.2982,63.8236],[20.2948,63.8244],[20.2941,63.8265],[20.3037,63.8291],[20.3046,63.8282],[20.2982,63.8236]]]},"properties":{"Valdistrik":"24800102","Valdistr_1":"Berghem Södra","Valdistr_2":"Berghem Södra  (Umeå)","KommunNamn":"Umeå","And_rösta":83.671497584541072,"A_29_år":269,"A_65__år":262,"A_TOTålde":1013,"UTB_Lång_":436,"UTB_TOTutb":1009}},{"type":"Feature","geometry":{"type":"Polygon","coordinates":[[[20.2769,63.8378],[20.2779,63.8395],[20.2747,63.84],[20.2806,63.8456],[20.2903,63.8487],[20.2967,63.8482],[20.2826,63.8413],[20.2801,63.8387],[20.2829,63.8377],[20.2804,63.8353],[20.2732,63.8362],[20.2769,63.8378]]]},"properties":{"Valdistrik":"24800103","Valdistr_1":"Sandabrånet","Valdistr_2":"Sandabrånet  (Umeå)","KommunNamn":"Umeå","And_rösta":83.775981524249417,"A_29_år":543,"A_65__år":304,"A_TOTålde":1704,"UTB_Lång_":554,"UTB_TOTutb":1702}},{"type":"Feature","geometry":{"type":"Polygon","coordinates":[[[20.2897,63.8443],[20.2952,63.8476],[20.3008,63.8446],[20.294,63.8444],[20.2872,63.8417],[20.287,63.8352],[20.2804,63.8353],[20.2829,63.8377],[20.2801,63.8387],[20.2826,63.8413],[20.2869,63.8444],[20.2897,63.8443]]]},"properties":{"Valdistrik":"24800104","Valdistr_1":"Sandbacka","Valdistr_2":"Sandbacka  (Umeå)","KommunNamn":"Umeå","And_rösta":84.891548242333585,"A_29_år":259,"A_65__år":310,"A_TOTålde":1313,"UTB_Lång_":462,"UTB_TOTutb":1308}},{"type":"Feature","geometry":{"type":"Polygon","coordinates":[[[20.2621,63.8321],[20.2747,63.84],[20.2782,63.8388],[20.2732,63.8362],[20.2804,63.8353],[20.277,63.8321],[20.2621,63.8321]]]},"properties":{"Valdistrik":"24800105","Valdistr_1":"Haga Norra","Valdistr_2":"Haga Norra  (Umeå)","KommunNamn":"Umeå","And_rösta":86.795252225519292,"A_29_år":471,"A_65__år":218,"A_TOTålde":1329,"UTB_Lång_":435,"UTB_TOTutb":1324}},{"type":"Feature","geometry":{"type":"Polygon","coordinates":[[[20.2619,63.832],[20.277,63.8321],[20.271,63.8255],[20.264,63.8267],[20.2681,63.83],[20.2619,63.832]]]},"properties":{"Valdistrik":"24800106","Valdistr_1":"Haga Södra","Valdistr_2":"Haga Södra  (Umeå)","KommunNamn":"Umeå","And_rösta":85.767511177347245,"A_29_år":313,"A_65__år":340,"A_TOTålde":1326,"UTB_Lång_":507,"UTB_TOTutb":1323}},{"type":"Feature","geometry":{"type":"Polygon","coordinates":[[[20.2407,63.8306],[20.2548,63.8282],[20.2564,63.8301],[20.2587,63.8294],[20.254,63.8239],[20.2491,63.8248],[20.2506,63.827],[20.242,63.8284],[20.2441,63.8294],[20.2407,63.8306]]]},"properties":{"Valdistrik":"24800107","Valdistr_1":"Centrum Västra","Valdistr_2":"Centrum Västra  (Umeå)","KommunNamn":"Umeå","And_rösta":84.820886460230724,"A_29_år":484,"A_65__år":342,"A_TOTålde":1619,"UTB_Lång_":497,"UTB_TOTutb":1618}},{"type":"Feature","geometry":{"type":"Polygon","coordinates":[[[20.2285,63.8312],[20.2345,63.8351],[20.2366,63.8315],[20.2441,63.8294],[20.242,63.8284],[20.2285,63.8312]]]},"properties":{"Valdistrik":"24800108","Valdistr_1":"Ytterhiske","Valdistr_2":"Ytterhiske  (Umeå)","KommunNamn":"Umeå","And_rösta":82.9245283018868,"A_29_år":269,"A_65__år":240,"A_TOTålde":1042,"UTB_Lång_":278,"UTB_TOTutb":1038}},{"type":"Feature","geometry":{"type":"Polygon","coordinates":[[[20.254,63.8239],[20.2619,63.832],[20.2681,63.83],[20.264,63.8267],[20.271,63.8255],[20.2674,63.8213],[20.254,63.8239]]]},"properties":{"Valdistrik":"24800109","Valdistr_1":"Centrum","Valdistr_2":"Centrum  (Umeå)","KommunNamn":"Umeå","And_rösta":79.156118143459921,"A_29_år":268,"A_65__år":324,"A_TOTålde":1131,"UTB_Lång_":355,"UTB_TOTutb":1124}},{"type":"Feature","geometry":{"type":"Polygon","coordinates":[[[20.2684,63.8225],[20.2733,63.8282],[20.2864,63.8256],[20.2777,63.8212],[20.2684,63.8225]]]},"properties":{"Valdistrik":"24800110","Valdistr_1":"Centrum Östra","Valdistr_2":"Centrum Östra  (Umeå)","KommunNamn":"Umeå","And_rösta":87.4914089347079,"A_29_år":329,"A_65__år":379,"A_TOTålde":1424,"UTB_Lång_":567,"UTB_TOTutb":1416}},{"type":"Feature","geometry":{"type":"Polygon","coordinates":[[[20.2841,63.822],[20.2874,63.8243],[20.2848,63.8277],[20.288,63.828],[20.2887,63.8308],[20.2945,63.8315],[20.2975,63.8294],[20.2927,63.827],[20.2941,63.825],[20.3008,63.8224],[20.2917,63.8218],[20.2935,63.8193],[20.2903,63.8186],[20.2822,63.8214],[20.2841,63.822]]]},"properties":{"Valdistrik":"24800111","Valdistr_1":"Östermalm - Fridhem","Valdistr_2":"Östermalm - Fridhem  (Umeå)","KommunNamn":"Umeå","And_rösta":85.714285714285708,"A_29_år":202,"A_65__år":391,"A_TOTålde":1075,"UTB_Lång_":483,"UTB_TOTutb":1067}},{"type":"Feature","geometry":{"type":"Polygon","coordinates":[[[20.2041,63.8398],[20.2063,63.8456],[20.2237,63.8422],[20.2778,63.8809],[20.2836,63.8644],[20.3005,63.8638],[20.2962,63.8491],[20.2806,63.8456],[20.2713,63.8371],[20.2609,63.8315],[20.2469,63.8359],[20.224,63.8358],[20.2041,63.8398]]]},"properties":{"Valdistrik":"24800112","Valdistr_1":"Västerslätt","Valdistr_2":"Västerslätt  (Umeå)","KommunNamn":"Umeå","And_rösta":89.268626110731375,"A_29_år":248,"A_65__år":341,"A_TOTålde":1450,"UTB_Lång_":475,"UTB_TOTutb":1447}},{"type":"Feature","geometry":{"type":"Polygon","coordinates":[[[20.3652,63.9802],[20.3869,63.9458],[20.3979,63.8987],[20.4094,63.9003],[20.4128,63.8815],[20.4173,63.8692],[20.4034,63.8733],[20.3709,63.8725],[20.3675,63.8735],[20.3649,63.873],[20.3637,63.8708],[20.3622,63.8633],[20.3577,63.8611],[20.351,63.8612],[20.3455,63.8652],[20.3226,63.8664],[20.3023,63.8709],[20.3005,63.8638],[20.2836,63.8644],[20.2763,63.8855],[20.2781,63.8876],[20.2762,63.8915],[20.2735,63.8922],[20.2698,63.9005],[20.2729,63.9321],[20.2709,63.9347],[20.273,63.9357],[20.2748,63.9565],[20.2931,63.9591],[20.2942,63.965],[20.296,63.9649],[20.2964,63.9742],[20.3652,63.9802]]]},"properties":{"Valdistrik":"24800114","Valdistr_1":"Ersmark","Valdistr_2":"Ersmark  (Umeå)","KommunNamn":"Umeå","And_rösta":90,"A_29_år":141,"A_65__år":264,"A_TOTålde":1253,"UTB_Lång_":490,"UTB_TOTutb":1251}},{"type":"Feature","geometry":{"type":"Polygon","coordinates":[[[20.3338,63.857],[20.3452,63.8586],[20.3455,63.8652],[20.351,63.8612],[20.3577,63.8611],[20.3567,63.8584],[20.3607,63.8555],[20.3668,63.8571],[20.3695,63.8519],[20.3417,63.8473],[20.3438,63.8527],[20.3337,63.8527],[20.3338,63.857]]]},"properties":{"Valdistrik":"24800115","Valdistr_1":"Ersboda Östra","Valdistr_2":"Ersboda Östra  (Umeå)","KommunNamn":"Umeå","And_rösta":81.740196078431367,"A_29_år":134,"A_65__år":174,"A_TOTålde":805,"UTB_Lång_":210,"UTB_TOTutb":785}},{"type":"Feature","geometry":{"type":"Polygon","coordinates":[[[20.3005,63.8638],[20.3023,63.8709],[20.3226,63.8664],[20.3171,63.8604],[20.3182,63.8591],[20.3151,63.8586],[20.3154,63.8522],[20.3438,63.8527],[20.3431,63.8501],[20.3417,63.8473],[20.2962,63.8491],[20.3005,63.8638]]]},"properties":{"Valdistrik":"24800116","Valdistr_1":"Ersboda Västra","Valdistr_2":"Ersboda Västra  (Umeå)","KommunNamn":"Umeå","And_rösta":83.606557377049185,"A_29_år":186,"A_65__år":613,"A_TOTålde":1691,"UTB_Lång_":427,"UTB_TOTutb":1681}},{"type":"Feature","geometry":{"type":"Polygon","coordinates":[[[20.3226,63.8664],[20.3328,63.8659],[20.3312,63.8594],[20.3346,63.8564],[20.3337,63.8527],[20.3154,63.8522],[20.3151,63.8586],[20.3182,63.8591],[20.3171,63.8604],[20.3226,63.8664]]]},"properties":{"Valdistrik":"24800117","Valdistr_1":"Ersboda Mellan","Valdistr_2":"Ersboda Mellan  (Umeå)","KommunNamn":"Umeå","And_rösta":79.621451104100942,"A_29_år":193,"A_65__år":519,"A_TOTålde":1545,"UTB_Lång_":338,"UTB_TOTutb":1527}},{"type":"Feature","geometry":{"type":"Polygon","coordinates":[[[20.0566,63.8004],[20.0827,63.8017],[20.128,63.814],[20.1481,63.7993],[20.1641,63.8032],[20.1719,63.8089],[20.1712,63.8116],[20.174,63.8127],[20.1787,63.8105],[20.1853,63.8106],[20.1854,63.8085],[20.1835,63.8081],[20.1888,63.8058],[20.1888,63.8038],[20.1942,63.804],[20.1988,63.8021],[20.2011,63.8032],[20.2055,63.7956],[20.2022,63.7873],[20.152,63.7879],[20.09,63.7812],[20.0764,63.7817],[20.0722,63.7883],[20.0642,63.7874],[20.0566,63.8004]]]},"properties":{"Valdistrik":"24800449","Valdistr_1":"Röbäck Västra - Skravelsjö","Valdistr_2":"Röbäck Västra - Skravelsjö  (Umeå)","KommunNamn":"Umeå","And_rösta":85.81687612208259,"A_29_år":140,"A_65__år":247,"A_TOTålde":1095,"UTB_Lång_":281,"UTB_TOTutb":1089}},{"type":"Feature","geometry":{"type":"Polygon","coordinates":[[[20.2285,63.8312],[20.2506,63.827],[20.2491,63.8248],[20.2266,63.8277],[20.2153,63.8246],[20.212,63.8269],[20.2128,63.8284],[20.2194,63.8284],[20.2285,63.8312]]]},"properties":{"Valdistrik":"24800123","Valdistr_1":"Brinkvägen","Valdistr_2":"Brinkvägen  (Umeå)","KommunNamn":"Umeå","And_rösta":83.389830508474574,"A_29_år":222,"A_65__år":458,"A_TOTålde":1170,"UTB_Lång_":326,"UTB_TOTutb":1163}},{"type":"Feature","geometry":{"type":"Polygon","coordinates":[[[19.8188,63.8229],[19.8162,63.7901],[19.8646,63.7401],[19.8972,63.7335],[19.9324,63.7493],[19.9644,63.7296],[20.0147,63.7272],[20.0323,63.7148],[20.0362,63.7149],[20.0357,63.7125],[20.0444,63.7065],[20.0317,63.7046],[20.0347,63.7008],[20.0583,63.6985],[20.0615,63.6942],[20.0789,63.692],[20.0629,63.7126],[20.0676,63.7219],[20.0868,63.7274],[20.1028,63.7291],[20.1184,63.7246],[20.125,63.6789],[20.156,63.6775],[20.1484,63.6577],[20.1797,63.6154],[20.0983,63.6021],[20.0211,63.5743],[20.014,63.5668],[19.9296,63.589],[19.9227,63.6009],[19.9295,63.6026],[19.9284,63.6206],[19.9294,63.634],[19.924,63.64],[19.9311,63.6396],[19.9308,63.642],[19.9154,63.643],[19.9131,63.6454],[19.9246,63.6466],[19.9259,63.6481],[19.9228,63.6523],[19.9192,63.6537],[19.9207,63.6553],[19.9198,63.6586],[19.9168,63.6591],[19.9167,63.6607],[19.9119,63.6606],[19.9134,63.664],[19.9108,63.6654],[19.9121,63.6673],[19.9113,63.6689],[19.9129,63.6696],[19.9097,63.6718],[19.9113,63.6728],[19.9038,63.6743],[19.9022,63.6791],[19.8984,63.6796],[19.9009,63.6807],[19.8951,63.6826],[19.895,63.6869],[19.8738,63.6888],[19.8593,63.6921],[19.8574,63.694],[19.8514,63.6935],[19.8458,63.6966],[19.8443,63.7019],[19.8467,63.7021],[19.8408,63.7048],[19.8363,63.7041],[19.8375,63.7055],[19.8363,63.7058],[19.8242,63.705],[19.8235,63.7038],[19.8193,63.706],[19.8082,63.7047],[19.8079,63.7072],[19.8059,63.7074],[19.8083,63.7101],[19.7996,63.7113],[19.7999,63.714],[19.796,63.7162],[19.7919,63.7158],[19.7912,63.7168],[19.7927,63.7174],[19.7912,63.7183],[19.7927,63.7189],[19.7844,63.7225],[19.7856,63.7237],[19.78,63.7276],[19.775,63.7386],[19.7633,63.7427],[19.7516,63.7499],[19.7454,63.7501],[19.6805,63.8104],[19.7315,63.8152],[19.734,63.8017],[19.7292,63.8016],[19.7294,63.8001],[19.7343,63.8002],[19.7361,63.7885],[19.766,63.7894],[19.763,63.8094],[19.7716,63.8185],[19.8188,63.8229]]]},"properties":{"Valdistrik":"24800772","Valdistr_1":"Sörmjöle - Norrmjöle","Valdistr_2":"Sörmjöle - Norrmjöle  (Umeå)","KommunNamn":"Umeå","And_rösta":89.98330550918196,"A_29_år":71,"A_65__år":464,"A_TOTålde":1181,"UTB_Lång_":340,"UTB_TOTutb":1179}},{"type":"Feature","geometry":{"type":"Polygon","coordinates":[[[20.2733,63.8282],[20.2804,63.8353],[20.2882,63.834],[20.2862,63.8326],[20.2871,63.828],[20.2848,63.8277],[20.2847,63.8263],[20.2733,63.8282]]]},"properties":{"Valdistrik":"24800122","Valdistr_1":"Haga Östra","Valdistr_2":"Haga Östra  (Umeå)","KommunNamn":"Umeå","And_rösta":84.996249062265562,"A_29_år":414,"A_65__år":256,"A_TOTålde":1310,"UTB_Lång_":456,"UTB_TOTutb":1302}},{"type":"Feature","geometry":{"type":"Polygon","coordinates":[[[20.2127,63.8125],[20.2234,63.8162],[20.251,63.8199],[20.2491,63.8081],[20.2346,63.8008],[20.2127,63.8125]]]},"properties":{"Valdistrik":"24800448","Valdistr_1":"Södra Teg","Valdistr_2":"Södra Teg  (Umeå)","KommunNamn":"Umeå","And_rösta":81.308411214953267,"A_29_år":255,"A_65__år":161,"A_TOTålde":844,"UTB_Lång_":167,"UTB_TOTutb":841}},{"type":"Feature","geometry":{"type":"Polygon","coordinates":[[[20.2674,63.8213],[20.2684,63.8225],[20.2777,63.8212],[20.2806,63.8219],[20.2832,63.8251],[20.2874,63.8243],[20.2822,63.8214],[20.2862,63.8197],[20.2828,63.8173],[20.2674,63.8213]]]},"properties":{"Valdistrik":"24800124","Valdistr_1":"Öbacka - Rosendal","Valdistr_2":"Öbacka - Rosendal  (Umeå)","KommunNamn":"Umeå","And_rösta":85.877318116975758,"A_29_år":329,"A_65__år":307,"A_TOTålde":1383,"UTB_Lång_":580,"UTB_TOTutb":1381}},{"type":"Feature","geometry":{"type":"Polygon","coordinates":[[[20.09,63.7812],[20.152,63.7879],[20.204,63.7872],[20.2268,63.7976],[20.2276,63.7789],[20.2263,63.7781],[20.2519,63.7777],[20.2617,63.7796],[20.2684,63.7739],[20.2753,63.7596],[20.2649,63.7596],[20.2624,63.7556],[20.262,63.7509],[20.2451,63.7542],[20.2441,63.7626],[20.2236,63.765],[20.1757,63.7445],[20.151,63.7157],[20.1053,63.7284],[20.1075,63.7299],[20.1046,63.7335],[20.102,63.7337],[20.0989,63.74],[20.1001,63.743],[20.0892,63.7464],[20.097,63.7479],[20.1008,63.7507],[20.09,63.7812]]]},"properties":{"Valdistrik":"24800450","Valdistr_1":"Stöcksjö - Degernäs","Valdistr_2":"Stöcksjö - Degernäs  (Umeå)","KommunNamn":"Umeå","And_rösta":90.448901623686723,"A_29_år":106,"A_65__år":217,"A_TOTålde":1038,"UTB_Lång_":313,"UTB_TOTutb":1037}},{"type":"Feature","geometry":{"type":"Polygon","coordinates":[[[16.0259,65.693],[16.5014,65.5661],[16.6064,65.4869],[16.62,65.4807],[16.6419,65.4885],[16.6481,65.4845],[16.6276,65.4772],[16.7165,65.436],[16.7114,65.4334],[16.7139,65.4329],[16.7183,65.4351],[16.7286,65.4305],[16.7252,65.4294],[16.7294,65.43],[16.8303,65.3831],[17.0166,65.3227],[17.0709,65.3115],[17.063,65.291],[16.9658,65.2542],[16.9576,65.2327],[16.9167,65.215],[16.8604,65.2273],[16.8112,65.2344],[16.7993,65.2391],[16.7408,65.2389],[16.7076,65.2483],[16.6964,65.2486],[16.6645,65.2439],[16.6279,65.2047],[16.5215,65.2244],[16.3308,65.1863],[16.1213,65.3122],[15.9869,65.3407],[15.9852,65.3378],[15.9896,65.3369],[15.9872,65.3363],[15.983,65.3378],[15.9863,65.3408],[15.9766,65.3428],[15.9828,65.3405],[15.9813,65.3388],[15.9733,65.3419],[15.9751,65.3432],[15.7051,65.4009],[15.7796,65.4753],[15.7934,65.4807],[15.7706,65.4832],[15.7764,65.4899],[15.7772,65.4972],[15.7806,65.4972],[15.7807,65.4997],[15.7776,65.4998],[15.7768,65.503],[15.7792,65.524],[15.9159,65.5921],[15.9415,65.6126],[15.956,65.6265],[15.95,65.6293],[15.9563,65.6268],[15.9687,65.6387],[15.963,65.6408],[15.9653,65.6419],[15.9702,65.6401],[15.9753,65.6449],[15.9698,65.6469],[15.9762,65.65],[15.9793,65.6488],[16.0259,65.693]]]},"properties":{"Valdistrik":"24210102","Valdistr_1":"Slussfors","Valdistr_2":"Slussfors  (Storuman)","KommunNamn":"Storuman","And_rösta":76.903553299492387,"A_29_år":33,"A_65__år":189,"A_TOTålde":383,"UTB_Lång_":44,"UTB_TOTutb":380}},{"type":"Feature","geometry":{"type":"Polygon","coordinates":[[[17.7641,65.1312],[17.7722,65.1278],[17.794,65.1363],[17.8068,65.1324],[17.8361,65.117],[17.8496,65.1124],[17.8534,65.1086],[17.8464,65.1049],[17.8486,65.1024],[17.8457,65.1015],[17.8411,65.1038],[17.83,65.1029],[17.9572,65.0488],[17.8989,64.9945],[17.9076,64.9474],[17.9087,64.9473],[17.9077,64.947],[17.9128,64.919],[17.7427,64.836],[17.7616,64.8228],[17.7506,64.818],[17.6558,64.8673],[17.6691,64.878],[17.6616,64.9017],[17.5446,64.9161],[17.5085,64.9056],[17.4841,64.9187],[17.4426,64.9291],[17.4195,64.9375],[17.4246,64.9456],[17.4473,64.9604],[17.4476,64.9668],[17.43,64.9731],[17.3987,64.9889],[17.3925,64.9958],[17.2797,64.9763],[17.2723,64.9815],[17.2611,64.9862],[17.2564,65.0144],[17.2926,65.0269],[17.2947,65.0423],[17.3209,65.0916],[17.3379,65.0981],[17.3483,65.1069],[17.3575,65.1098],[17.3747,65.1089],[17.4386,65.0823],[17.491,65.0735],[17.5236,65.0964],[17.4627,65.1206],[17.5245,65.1428],[17.5325,65.1429],[17.6162,65.1208],[17.6618,65.1225],[17.7274,65.1217],[17.7184,65.11],[17.7101,65.0798],[17.7418,65.0505],[17.7177,65.0427],[17.7118,65.0384],[17.7366,65.0285],[17.7509,65.028],[17.7555,65.0386],[17.7667,65.0466],[17.7744,65.0464],[17.7409,65.1251],[17.7641,65.1312]]]},"properties":{"Valdistrik":"24210111","Valdistr_1":"Gunnarn","Valdistr_2":"Gunnarn  (Storuman)","KommunNamn":"Storuman","And_rösta":81.5668202764977,"A_29_år":39,"A_65__år":197,"A_TOTålde":433,"UTB_Lång_":48,"UTB_TOTutb":431}},{"type":"Feature","geometry":{"type":"Polygon","coordinates":[[[16.3308,65.1863],[16.5215,65.2244],[16.6279,65.2047],[16.6314,65.2024],[16.6337,65.1868],[16.7017,65.1551],[16.7395,65.1566],[16.7523,65.1603],[16.7671,65.1606],[16.8511,65.1545],[16.8593,65.1499],[16.9134,65.146],[16.9253,65.141],[16.9243,65.1236],[16.8936,65.1073],[16.871,65.1109],[16.8438,65.1199],[16.8392,65.1192],[16.8241,65.0825],[16.8971,65.0819],[16.9077,65.0825],[16.9241,65.0889],[16.9615,65.0891],[16.9791,65.1126],[16.9866,65.1147],[17.0071,65.1115],[17.0196,65.1043],[16.9796,65.0839],[17.0026,65.0739],[17.0026,65.0712],[16.9888,65.065],[16.9667,65.033],[16.974,65.0302],[16.9754,65.028],[16.9846,65.0083],[16.9805,65.0038],[17.0118,65.0008],[17.0284,65.0011],[17.0458,65.0034],[17.0464,65.0092],[17.0492,65.0103],[17.0664,65.001],[17.0931,65.0108],[17.1027,65.0082],[17.1034,64.9905],[17.1273,64.99],[17.1449,64.9845],[17.1515,64.9793],[17.1911,64.9804],[17.2133,64.9868],[17.1754,65.0047],[17.1732,65.0073],[17.1812,65.0119],[17.1684,65.0328],[17.1921,65.0338],[17.2019,65.0415],[17.2089,65.0445],[17.1997,65.0524],[17.202,65.0547],[17.2267,65.0545],[17.2308,65.0441],[17.2353,65.0429],[17.2622,65.0454],[17.2814,65.0436],[17.2881,65.0859],[17.2334,65.0795],[17.2077,65.0807],[17.1743,65.0884],[17.1722,65.0941],[17.1409,65.1003],[17.1381,65.102],[17.117,65.0993],[17.1169,65.1019],[17.1071,65.1039],[17.1069,65.1055],[17.0996,65.1107],[17.0986,65.1147],[17.1235,65.134],[17.1192,65.1359],[17.0833,65.1423],[17.0634,65.1527],[17.031,65.1494],[16.9902,65.163],[16.9836,65.1676],[16.9731,65.1715],[16.9671,65.1812],[16.9561,65.1868],[16.9166,65.2143],[16.9576,65.2327],[16.9658,65.2542],[17.063,65.291],[17.0709,65.3115],[17.3004,65.2644],[17.6726,65.1701],[17.7641,65.1312],[17.7409,65.1251],[17.7744,65.0464],[17.7667,65.0466],[17.7555,65.0386],[17.7509,65.028],[17.7366,65.0285],[17.7118,65.0384],[17.7177,65.0427],[17.7418,65.0505],[17.7101,65.0798],[17.7184,65.11],[17.7274,65.1217],[17.6618,65.1225],[17.6162,65.1208],[17.5325,65.1429],[17.5245,65.1428],[17.4627,65.1206],[17.5236,65.0964],[17.491,65.0735],[17.4386,65.0823],[17.3747,65.1089],[17.3575,65.1098],[17.3483,65.1069],[17.3379,65.0981],[17.3209,65.0916],[17.2947,65.0423],[17.2926,65.0269],[17.2564,65.0144],[17.2611,64.9862],[17.2723,64.9815],[17.2797,64.9763],[17.3925,64.9958],[17.3987,64.9889],[17.43,64.9731],[17.4476,64.9668],[17.4473,64.9604],[17.4246,64.9456],[17.4195,64.9375],[17.4426,64.9291],[17.4841,64.9187],[17.5085,64.9056],[17.5446,64.9161],[17.6616,64.9017],[17.6691,64.878],[17.6558,64.8673],[17.7506,64.818],[17.5579,64.7329],[17.5108,64.7523],[17.3391,64.7568],[17.3399,64.7809],[17.2736,64.803],[17.2788,64.8056],[17.2708,64.8076],[17.2705,64.8092],[17.2615,64.8141],[17.2492,64.8111],[16.5951,65.0255],[16.3308,65.1863]]]},"properties":{"Valdistrik":"24210122","Valdistr_1":"Vallnäs","Valdistr_2":"Vallnäs  (Storuman)","KommunNamn":"Storuman","And_rösta":75.342465753424662,"A_29_år":122,"A_65__år":372,"A_TOTålde":1012,"UTB_Lång_":123,"UTB_TOTutb":1010}},{"type":"Feature","geometry":{"type":"Polygon","coordinates":[[[16.9167,65.215],[16.9561,65.1868],[16.9671,65.1812],[16.9731,65.1715],[16.9836,65.1676],[16.9902,65.163],[17.031,65.1494],[17.0634,65.1527],[17.0833,65.1423],[17.1192,65.1359],[17.1235,65.134],[17.0986,65.1147],[17.0996,65.1107],[17.1069,65.1055],[17.1071,65.1039],[17.1169,65.1019],[17.117,65.0993],[17.1381,65.102],[17.1409,65.1003],[17.1722,65.0941],[17.1743,65.0884],[17.2077,65.0807],[17.2334,65.0795],[17.2881,65.0859],[17.2814,65.0436],[17.2622,65.0454],[17.2353,65.0429],[17.2308,65.0441],[17.2267,65.0545],[17.202,65.0547],[17.1997,65.0524],[17.2089,65.0445],[17.2019,65.0415],[17.1921,65.0338],[17.1684,65.0328],[17.1812,65.0119],[17.1732,65.0073],[17.1754,65.0047],[17.2133,64.9868],[17.1911,64.9804],[17.1515,64.9793],[17.1449,64.9845],[17.1273,64.99],[17.1034,64.9905],[17.1027,65.0082],[17.0931,65.0108],[17.0664,65.001],[17.0492,65.0103],[17.0464,65.0092],[17.0458,65.0034],[17.0284,65.0011],[17.0118,65.0008],[16.9805,65.0038],[16.9846,65.0083],[16.9754,65.028],[16.974,65.0302],[16.9667,65.033],[16.9888,65.065],[17.0026,65.0712],[17.0026,65.0739],[16.9796,65.0839],[17.0196,65.1043],[17.0071,65.1115],[16.9866,65.1147],[16.9791,65.1126],[16.9615,65.0891],[16.9241,65.0889],[16.9077,65.0825],[16.8971,65.0819],[16.8241,65.0825],[16.8392,65.1192],[16.8438,65.1199],[16.871,65.1109],[16.8936,65.1073],[16.9243,65.1236],[16.9253,65.141],[16.9134,65.146],[16.8593,65.1499],[16.8511,65.1545],[16.7671,65.1606],[16.7523,65.1603],[16.7395,65.1566],[16.7017,65.1551],[16.6337,65.1868],[16.6314,65.2024],[16.6279,65.2047],[16.6645,65.2439],[16.6964,65.2486],[16.7076,65.2483],[16.7408,65.2389],[16.7993,65.2391],[16.8112,65.2344],[16.8604,65.2273],[16.9167,65.215]]]},"properties":{"Valdistrik":"24210124","Valdistr_1":"Luspen","Valdistr_2":"Luspen  (Storuman)","KommunNamn":"Storuman","And_rösta":74.4218640504555,"A_29_år":202,"A_65__år":543,"A_TOTålde":1416,"UTB_Lång_":164,"UTB_TOTutb":1413}},{"type":"Feature","geometry":{"type":"Polygon","coordinates":[[[14.9513,66.15],[15.5308,65.8228],[16.0259,65.693],[15.9793,65.6488],[15.9762,65.65],[15.9698,65.6469],[15.9753,65.6449],[15.9702,65.6401],[15.9653,65.6419],[15.963,65.6408],[15.9687,65.6387],[15.9563,65.6268],[15.95,65.6293],[15.956,65.6265],[15.9415,65.6126],[15.9159,65.5921],[15.7792,65.524],[15.7768,65.503],[15.7776,65.4998],[15.7807,65.4997],[15.7806,65.4972],[15.7772,65.4972],[15.7764,65.4899],[15.7706,65.4832],[15.7934,65.4807],[15.7796,65.4753],[15.7051,65.4009],[15.2737,65.4107],[15.2086,65.4217],[15.1256,65.4053],[14.9937,65.4062],[14.981,65.4017],[14.9681,65.4041],[14.964,65.4064],[14.948,65.4085],[14.9426,65.4131],[14.9314,65.4162],[14.93,65.4184],[14.9028,65.4284],[14.8532,65.4214],[14.8433,65.4222],[14.8415,65.4237],[14.8301,65.4235],[14.8276,65.4216],[14.8198,65.4219],[14.8164,65.4199],[14.7893,65.4155],[14.685,65.4149],[14.6522,65.4251],[14.6385,65.4224],[14.6076,65.4224],[14.6029,65.4233],[14.5968,65.4277],[14.5821,65.4308],[14.5668,65.4362],[14.5419,65.4372],[14.5304,65.4418],[14.5176,65.4441],[14.5006,65.4442],[14.4987,65.5213],[14.5414,65.7008],[14.6254,65.8118],[14.5844,65.9014],[14.5731,65.9579],[14.5509,66.0221],[14.5163,66.1326],[14.9513,66.15]]]},"properties":{"Valdistrik":"24210314","Valdistr_1":"Tärnaby-Hemavan","Valdistr_2":"Tärnaby-Hemavan  (Storuman)","KommunNamn":"Storuman","And_rösta":73.101777059773838,"A_29_år":138,"A_65__år":427,"A_TOTålde":1208,"UTB_Lång_":191,"UTB_TOTutb":1203}},{"type":"Feature","geometry":{"type":"Polygon","coordinates":[[[19.6595,64.0493],[19.6797,64.0461],[19.6886,64.0377],[19.6884,64.0159],[19.7024,64.0051],[19.7208,63.9831],[19.7253,63.9829],[19.7271,63.968],[19.737,63.959],[19.735,63.9522],[19.7448,63.9228],[19.7294,63.9131],[19.7053,63.9106],[19.7121,63.9072],[19.7251,63.8952],[19.733,63.8937],[19.7414,63.8953],[19.7515,63.9001],[19.7534,63.9026],[19.7524,63.9057],[19.7755,63.9093],[19.7757,63.9131],[19.7781,63.9164],[19.7829,63.9179],[19.8064,63.9122],[19.7962,63.8767],[19.7998,63.8749],[19.8092,63.8625],[19.818,63.8596],[19.8273,63.8604],[19.8362,63.8571],[19.8376,63.8502],[19.8352,63.8442],[19.8451,63.8388],[19.8188,63.8229],[19.7716,63.8185],[19.763,63.8094],[19.766,63.7894],[19.7361,63.7885],[19.7343,63.8002],[19.7294,63.8001],[19.7292,63.8016],[19.734,63.8017],[19.7315,63.8152],[19.6807,63.8102],[19.6473,63.8091],[19.6474,63.807],[19.6441,63.8064],[19.6418,63.8095],[19.6136,63.8111],[19.5586,63.833],[19.5155,63.8653],[19.5109,63.8654],[19.5087,63.8682],[19.5282,63.8723],[19.4707,63.9905],[19.4635,63.9885],[19.4579,64.0002],[19.4182,64.019],[19.4314,64.0362],[19.4656,64.0433],[19.5211,64.0364],[19.5425,64.0368],[19.5537,64.0295],[19.5556,64.0265],[19.554,64.0246],[19.5562,64.0209],[19.5667,64.0157],[19.5747,64.0145],[19.5696,64.027],[19.6175,64.0388],[19.6234,64.0511],[19.6398,64.0498],[19.6418,64.0537],[19.6447,64.0494],[19.6595,64.0493]]]},"properties":{"Valdistrik":"24601001","Valdistr_1":"Västra byarna-Älvdala","Valdistr_2":"Västra byarna-Älvdala  (Vännäs)","KommunNamn":"Vännäs","And_rösta":79.7662527392257,"A_29_år":146,"A_65__år":493,"A_TOTålde":1359,"UTB_Lång_":217,"UTB_TOTutb":1347}},{"type":"Feature","geometry":{"type":"Polygon","coordinates":[[[19.7448,63.9228],[19.7563,63.9231],[19.755,63.9174],[19.7499,63.9135],[19.7534,63.9026],[19.7515,63.9001],[19.7414,63.8953],[19.733,63.8937],[19.7251,63.8952],[19.7121,63.9072],[19.7053,63.9106],[19.7294,63.9131],[19.7448,63.9228]]]},"properties":{"Valdistrik":"24601002","Valdistr_1":"Lägret-Nyby","Valdistr_2":"Lägret-Nyby  (Vännäs)","KommunNamn":"Vännäs","And_rösta":81.727062451811875,"A_29_år":180,"A_65__år":353,"A_TOTålde":1281,"UTB_Lång_":214,"UTB_TOTutb":1279}},{"type":"Feature","geometry":{"type":"Polygon","coordinates":[[[19.7563,63.9231],[19.7818,63.9224],[19.7797,63.921],[19.7838,63.9188],[19.7781,63.9164],[19.7757,63.9131],[19.7755,63.9093],[19.7524,63.9057],[19.7499,63.9135],[19.755,63.9174],[19.7563,63.9231]]]},"properties":{"Valdistrik":"24601003","Valdistr_1":"Myran-Centrum","Valdistr_2":"Myran-Centrum  (Vännäs)","KommunNamn":"Vännäs","And_rösta":75.558475689881732,"A_29_år":305,"A_65__år":426,"A_TOTålde":1502,"UTB_Lång_":224,"UTB_TOTutb":1479}},{"type":"Feature","geometry":{"type":"Polygon","coordinates":[[[19.7927,64.0847],[19.8664,64.0855],[19.8905,64.0721],[19.9404,64.0768],[19.9621,64.0434],[19.9561,64.04],[19.9509,64.0293],[19.958,64.0279],[19.948,64.0189],[19.9538,64.0176],[19.9462,64.0117],[19.9362,64.015],[19.9272,64.0033],[19.923,64.0031],[19.9123,63.9776],[19.9085,63.9735],[19.9259,63.9746],[19.9289,63.9678],[19.9216,63.966],[19.9443,63.9532],[19.9524,63.9561],[19.9553,63.9622],[19.9675,63.9606],[19.9577,63.9474],[19.9398,63.9464],[19.9337,63.9495],[19.8997,63.9371],[19.8554,63.9262],[19.8614,63.9194],[19.8578,63.9176],[19.8653,63.9135],[19.8835,63.8981],[19.9044,63.8869],[19.9287,63.8822],[19.9341,63.8864],[19.947,63.8892],[19.9539,63.8892],[19.9623,63.8859],[19.9825,63.888],[19.9702,63.8661],[19.9134,63.8614],[19.8778,63.8528],[19.86,63.8453],[19.8545,63.8447],[19.8451,63.8388],[19.8352,63.8442],[19.8376,63.8502],[19.8362,63.8571],[19.8273,63.8604],[19.818,63.8596],[19.8092,63.8625],[19.7959,63.8786],[19.8064,63.9122],[19.8302,63.9091],[19.8375,63.9096],[19.8425,63.9113],[19.8471,63.9156],[19.8562,63.9185],[19.8545,63.9214],[19.8285,63.92],[19.7448,63.9228],[19.735,63.9522],[19.737,63.959],[19.7271,63.968],[19.7253,63.9829],[19.7208,63.9831],[19.7024,64.0051],[19.6884,64.0159],[19.6886,64.0377],[19.6797,64.0461],[19.6595,64.0493],[19.6418,64.0653],[19.66,64.0719],[19.6675,64.0696],[19.6665,64.0639],[19.6781,64.0551],[19.7679,64.0588],[19.7927,64.0847]]]},"properties":{"Valdistrik":"24601005","Valdistr_1":"Östra byarna","Valdistr_2":"Östra byarna  (Vännäs)","KommunNamn":"Vännäs","And_rösta":78.657074340527572,"A_29_år":168,"A_65__år":321,"A_TOTålde":1245,"UTB_Lång_":318,"UTB_TOTutb":1241}},{"type":"Feature","geometry":{"type":"Polygon","coordinates":[[[19.7818,63.9224],[19.8285,63.92],[19.8545,63.9214],[19.8562,63.9185],[19.8471,63.9156],[19.8425,63.9113],[19.8302,63.9091],[19.8064,63.9122],[19.7829,63.9179],[19.7838,63.9188],[19.7826,63.9199],[19.7797,63.921],[19.7818,63.9224]]]},"properties":{"Valdistrik":"24601004","Valdistr_1":"Vännäsby","Valdistr_2":"Vännäsby  (Vännäs)","KommunNamn":"Vännäs","And_rösta":80.07936507936509,"A_29_år":165,"A_65__år":366,"A_TOTålde":1250,"UTB_Lång_":315,"UTB_TOTutb":1244}},{"type":"Feature","geometry":{"type":"Polygon","coordinates":[[[16.0224,64.3272],[16.0683,64.3373],[16.0739,64.341],[16.1209,64.3459],[16.1103,64.3548],[16.0821,64.3575],[16.0803,64.3628],[16.0981,64.3644],[16.1101,64.3637],[16.1158,64.3698],[16.1254,64.3662],[16.1456,64.3674],[16.1559,64.3582],[16.1676,64.362],[16.1475,64.3685],[16.1495,64.376],[16.1581,64.3865],[16.1775,64.395],[16.1833,64.4098],[16.1545,64.4295],[16.1422,64.434],[16.1417,64.4468],[16.1679,64.4565],[16.2131,64.463],[16.2833,64.4883],[16.3037,64.4981],[16.3721,64.4749],[16.6045,64.4332],[16.7149,64.3732],[16.7273,64.3535],[16.6678,64.336],[16.6558,64.2966],[16.6977,64.2469],[16.7444,64.234],[16.7546,64.2293],[16.7154,64.226],[16.7407,64.1963],[16.7658,64.1755],[16.7617,64.1712],[16.8751,64.0373],[16.9454,64.0033],[16.8783,63.9507],[16.6682,64.0527],[16.2192,64.2639],[16.1654,64.2612],[16.1448,64.2677],[16.1259,64.2617],[16.119,64.2609],[16.1095,64.2632],[16.0425,64.2489],[16.0198,64.2691],[16.0228,64.2695],[16.0224,64.3272]]]},"properties":{"Valdistrik":"24250104","Valdistr_1":"Dorotea","Valdistr_2":"Dorotea  (Dorotea)","KommunNamn":"Dorotea","And_rösta":71.102661596958171,"A_29_år":167,"A_65__år":639,"A_TOTålde":1568,"UTB_Lång_":158,"UTB_TOTutb":1552}},{"type":"Feature","geometry":{"type":"Polygon","coordinates":[[[14.7051,64.9813],[15.1331,64.9296],[15.1709,64.9211],[15.4808,64.8721],[15.7862,64.7633],[15.9447,64.7043],[16.1377,64.5544],[16.3037,64.4981],[16.2833,64.4883],[16.2131,64.463],[16.1679,64.4565],[16.1417,64.4468],[16.1422,64.434],[16.1545,64.4295],[16.1833,64.4098],[16.1775,64.395],[16.1581,64.3865],[16.1495,64.376],[16.1475,64.3685],[16.1676,64.362],[16.1559,64.3582],[16.1456,64.3674],[16.1254,64.3662],[16.1158,64.3698],[16.1101,64.3637],[16.0981,64.3644],[16.0803,64.3628],[16.0821,64.3575],[16.1103,64.3548],[16.1209,64.3459],[16.0739,64.341],[16.0683,64.3373],[16.0224,64.3272],[16.0224,64.3328],[15.8537,64.3756],[15.869,64.382],[15.7536,64.407],[15.7402,64.4041],[15.7044,64.538],[15.6362,64.5196],[15.6472,64.448],[15.5795,64.4434],[15.5771,64.4449],[15.58,64.4492],[15.5774,64.4545],[15.5811,64.4539],[15.5825,64.4553],[15.5774,64.455],[15.5765,64.4624],[15.567,64.469],[15.5649,64.4763],[15.5569,64.4813],[15.5534,64.4864],[15.5534,64.4936],[15.5573,64.4962],[15.5443,64.5013],[15.5385,64.5072],[15.5412,64.5107],[15.5432,64.5186],[15.5208,64.5322],[15.4762,64.5444],[15.4765,64.547],[15.4734,64.5489],[15.4635,64.5485],[15.4557,64.5541],[15.4396,64.5572],[15.4386,64.5585],[15.4408,64.5602],[15.4378,64.5625],[15.4376,64.5695],[15.4339,64.5723],[15.4323,64.579],[15.4277,64.5834],[15.4248,64.5837],[15.4175,64.5793],[15.408,64.5819],[15.4009,64.5811],[15.3701,64.5837],[15.3617,64.5879],[15.3645,64.5896],[15.3473,64.5967],[15.327,64.613],[15.3277,64.6142],[15.3156,64.6207],[15.3012,64.625],[15.2814,64.627],[15.2649,64.6265],[15.2593,64.6293],[15.2484,64.631],[15.2475,64.6338],[15.241,64.6348],[15.2416,64.6362],[15.3359,64.6461],[15.3411,64.6479],[15.3346,64.6523],[15.3338,64.6545],[15.3354,64.6569],[15.3336,64.6589],[15.3344,64.669],[15.3183,64.6758],[15.3023,64.6782],[15.2832,64.6855],[15.282,64.6861],[15.2824,64.6888],[15.2761,64.6903],[15.2654,64.6999],[15.2319,64.7163],[15.2247,64.7227],[15.1981,64.733],[15.1862,64.7405],[15.1751,64.7404],[15.1382,64.7467],[15.136,64.7518],[15.1175,64.7531],[15.0624,64.7516],[15.0329,64.7604],[15.0281,64.7666],[15.0326,64.7709],[15.0302,64.7763],[15.0269,64.7791],[15.0344,64.7839],[15.0362,64.7892],[15.0353,64.7914],[15.0255,64.7972],[15.0249,64.7996],[15.0263,64.8017],[15.0244,64.8038],[14.9739,64.8461],[14.9359,64.8571],[14.8798,64.8646],[14.8639,64.8686],[14.8553,64.8748],[14.8374,64.8781],[14.8392,64.8803],[14.8466,64.8829],[14.8428,64.8874],[14.8445,64.89],[14.8362,64.8946],[14.8274,64.8961],[14.8275,64.8977],[14.8236,64.8999],[14.8096,64.9059],[14.7863,64.909],[14.7798,64.9127],[14.7723,64.9135],[14.7807,64.9205],[14.7806,64.9221],[14.7775,64.9232],[14.7756,64.9292],[14.7791,64.9344],[14.7783,64.9357],[14.7798,64.9383],[14.7785,64.9398],[14.7661,64.9465],[14.756,64.9487],[14.7543,64.9543],[14.7322,64.9543],[14.7235,64.9561],[14.7183,64.9602],[14.7117,64.9607],[14.7143,64.9633],[14.7124,64.9658],[14.7143,64.9688],[14.7106,64.9703],[14.7054,64.9757],[14.7056,64.9778],[14.7028,64.9788],[14.7051,64.9813]]]},"properties":{"Valdistrik":"24250216","Valdistr_1":"Risbäck","Valdistr_2":"Risbäck  (Dorotea)","KommunNamn":"Dorotea","And_rösta":76.880222841225631,"A_29_år":25,"A_65__år":173,"A_TOTålde":354,"UTB_Lång_":32,"UTB_TOTutb":349}},{"type":"Feature","geometry":{"type":"Polygon","coordinates":[[[19.1824,65.2795],[19.2023,65.2723],[19.2319,65.2659],[19.2381,65.2618],[19.2602,65.2547],[19.2733,65.2421],[19.2729,65.2409],[19.2644,65.2397],[19.2518,65.2421],[19.2416,65.2241],[19.2442,65.2189],[19.2558,65.2105],[19.2651,65.2066],[19.2816,65.204],[19.3012,65.1967],[19.3218,65.1926],[19.3394,65.1867],[19.3444,65.1824],[19.3384,65.1796],[19.3505,65.1721],[19.3675,65.1648],[19.3709,65.1597],[19.3875,65.1496],[19.3878,65.1457],[19.3904,65.1428],[19.0075,65.043],[18.7569,64.9844],[18.5966,65.0636],[18.5947,65.0677],[18.6165,65.0739],[18.614,65.0777],[18.5888,65.0834],[18.5608,65.085],[18.5564,65.0831],[18.4103,65.153],[18.4286,65.1639],[18.4446,65.1649],[18.5015,65.1773],[18.4926,65.1901],[18.4943,65.1905],[18.5431,65.1865],[18.5649,65.1877],[18.5694,65.1893],[18.5903,65.1882],[18.6225,65.1674],[18.6346,65.169],[18.6641,65.1813],[18.6639,65.1887],[18.6973,65.1913],[18.7081,65.1894],[18.7184,65.1834],[18.731,65.1879],[18.7424,65.1841],[18.7588,65.1918],[18.7653,65.1968],[18.7818,65.2034],[18.7848,65.2079],[18.8166,65.2148],[18.8075,65.2222],[18.7978,65.2281],[18.7684,65.2262],[18.7633,65.2246],[18.773,65.2173],[18.777,65.2102],[18.7642,65.2078],[18.7478,65.21],[18.7231,65.2068],[18.6984,65.2178],[18.7436,65.2188],[18.7578,65.2248],[18.7438,65.2318],[18.777,65.2483],[18.7797,65.2462],[18.8256,65.2388],[18.8298,65.2393],[18.837,65.2349],[18.8659,65.2236],[18.8726,65.2185],[18.9199,65.2074],[18.9439,65.2087],[18.9505,65.2161],[18.9711,65.2278],[18.9906,65.2302],[19.0098,65.2244],[19.0494,65.2421],[19.0441,65.2478],[19.0464,65.251],[19.1188,65.2706],[19.1445,65.2621],[19.1824,65.2795]]]},"properties":{"Valdistrik":"24180102","Valdistr_1":"Malå 1","Valdistr_2":"Malå 1  (Malå)","KommunNamn":"Malå","And_rösta":70.889487870619945,"A_29_år":142,"A_65__år":387,"A_TOTålde":1103,"UTB_Lång_":132,"UTB_TOTutb":1101}},{"type":"Feature","geometry":{"type":"Polygon","coordinates":[[[18.2966,65.4189],[18.2845,65.4846],[18.2679,65.5245],[18.3421,65.4939],[18.4256,65.4968],[18.5033,65.4748],[18.5124,65.4634],[18.5184,65.4592],[18.522,65.452],[18.543,65.4464],[18.5704,65.4448],[18.5802,65.4401],[18.6266,65.4341],[18.6437,65.4365],[18.6549,65.4353],[18.7015,65.4384],[18.7199,65.4368],[18.7311,65.4329],[18.7488,65.4226],[18.7443,65.4135],[18.7466,65.4085],[18.7512,65.4046],[18.7743,65.3946],[18.7983,65.3885],[18.8113,65.3873],[18.8196,65.3821],[18.8232,65.3768],[18.8301,65.3745],[18.8339,65.3714],[18.851,65.3699],[18.8695,65.373],[18.8951,65.3619],[18.93,65.3513],[18.933,65.3466],[18.9764,65.3416],[18.9873,65.337],[19.0153,65.3308],[19.0195,65.3273],[19.0157,65.3264],[19.0217,65.3201],[19.0222,65.3181],[19.0195,65.3137],[19.0221,65.3113],[19.0332,65.3074],[19.0439,65.3058],[19.0502,65.3081],[19.0609,65.3064],[19.0725,65.3079],[19.0769,65.3062],[19.0869,65.3069],[19.0967,65.3051],[19.1377,65.2901],[19.1682,65.286],[19.1824,65.2795],[19.1445,65.2621],[19.1188,65.2706],[19.0464,65.251],[19.0441,65.2478],[19.0494,65.2421],[19.0098,65.2244],[18.9906,65.2302],[18.9711,65.2278],[18.9505,65.2161],[18.9439,65.2087],[18.9199,65.2074],[18.8726,65.2185],[18.8659,65.2236],[18.837,65.2349],[18.8298,65.2393],[18.8256,65.2388],[18.7797,65.2462],[18.777,65.2483],[18.7438,65.2318],[18.7578,65.2248],[18.7436,65.2188],[18.6984,65.2178],[18.7231,65.2068],[18.7478,65.21],[18.7642,65.2078],[18.777,65.2102],[18.773,65.2173],[18.7633,65.2246],[18.7684,65.2262],[18.7978,65.2281],[18.8075,65.2222],[18.8166,65.2148],[18.7848,65.2079],[18.7818,65.2034],[18.7653,65.1968],[18.7588,65.1918],[18.7424,65.1841],[18.731,65.1879],[18.7184,65.1834],[18.7081,65.1894],[18.6973,65.1913],[18.6639,65.1887],[18.6641,65.1813],[18.6346,65.169],[18.6225,65.1674],[18.5903,65.1882],[18.5694,65.1893],[18.5649,65.1877],[18.5431,65.1865],[18.4943,65.1905],[18.4926,65.1901],[18.5015,65.1773],[18.4446,65.1649],[18.4286,65.1639],[18.4103,65.153],[18.3035,65.2027],[18.1668,65.2442],[18.2139,65.3174],[18.2966,65.4189]]]},"properties":{"Valdistrik":"24180103","Valdistr_1":"Malå 2","Valdistr_2":"Malå 2  (Malå)","KommunNamn":"Malå","And_rösta":65.706806282722525,"A_29_år":161,"A_65__år":469,"A_TOTålde":1143,"UTB_Lång_":116,"UTB_TOTutb":1139}},{"type":"Feature","geometry":{"type":"Polygon","coordinates":[[[14.4654,65.2897],[15.1296,65.2575],[15.1902,65.2239],[15.214,65.2143],[15.2936,65.1616],[15.3148,65.1566],[15.3473,65.1444],[15.3571,65.1386],[15.5291,65.1177],[15.5479,65.1169],[15.5718,65.1211],[15.7325,65.1054],[15.7807,65.0818],[15.791,65.0792],[15.8019,65.0578],[15.7826,65.0449],[15.7719,65.0412],[15.7513,65.0237],[15.6911,65.0125],[15.6916,65.0059],[15.6807,64.98],[15.746,64.9709],[15.7471,64.9439],[15.7407,64.9252],[15.7163,64.9211],[15.6914,64.9429],[15.6677,64.9754],[15.6519,64.9735],[15.58,64.9802],[15.5298,64.973],[15.5183,64.9581],[15.5329,64.9325],[15.5196,64.9247],[15.503,64.9201],[15.4603,64.8754],[15.1709,64.9211],[15.1331,64.9296],[14.7051,64.9813],[14.7063,64.9822],[14.6975,64.9905],[14.613,65.0024],[14.3259,65.1189],[14.3555,65.1938],[14.3787,65.2476],[14.4654,65.2897]]]},"properties":{"Valdistrik":"24620118","Valdistr_1":"Vilhelmina-Saxnäs","Valdistr_2":"Vilhelmina-Saxnäs  (Vilhelmina)","KommunNamn":"Vilhelmina","And_rösta":71.578947368421055,"A_29_år":44,"A_65__år":148,"A_TOTålde":374,"UTB_Lång_":43,"UTB_TOTutb":372}},{"type":"Feature","geometry":{"type":"Polygon","coordinates":[[[16.6433,64.6299],[16.6475,64.6283],[16.6471,64.6272],[16.6526,64.6263],[16.6542,64.6251],[16.6531,64.6248],[16.6623,64.6245],[16.6649,64.6228],[16.6851,64.627],[16.6881,64.6186],[16.7169,64.6217],[16.7005,64.6275],[16.6862,64.6277],[16.6818,64.631],[16.6664,64.6291],[16.6583,64.6329],[16.6653,64.6359],[16.6627,64.638],[16.6668,64.6426],[16.6731,64.6419],[16.6745,64.6367],[16.6812,64.632],[16.697,64.6358],[16.6965,64.6408],[16.6986,64.6444],[16.6917,64.6457],[16.6773,64.6562],[16.649,64.6485],[16.6381,64.6584],[16.6373,64.6664],[16.6648,64.6739],[16.6786,64.6653],[16.7286,64.6623],[16.7228,64.6538],[16.7304,64.6484],[16.744,64.6346],[16.7513,64.6319],[16.7512,64.6302],[16.7912,64.6259],[16.8075,64.6267],[16.8292,64.6253],[16.8499,64.6105],[16.8747,64.613],[16.9031,64.611],[16.9186,64.6038],[16.8611,64.5962],[16.8543,64.5959],[16.8439,64.5981],[16.8443,64.5735],[16.8402,64.569],[16.8185,64.5619],[16.8406,64.538],[16.8416,64.5251],[16.884,64.5069],[16.8845,64.5026],[16.88,64.4995],[16.8777,64.4653],[16.8867,64.4528],[16.8659,64.4386],[16.8583,64.4313],[16.8583,64.4252],[16.8676,64.4174],[16.8791,64.4146],[16.8863,64.407],[16.9358,64.3781],[16.9209,64.3561],[16.7273,64.3535],[16.7149,64.3732],[16.6045,64.4332],[16.5965,64.4346],[16.5989,64.4363],[16.6092,64.4857],[16.6361,64.4906],[16.6891,64.5055],[16.6671,64.5167],[16.6737,64.5384],[16.6812,64.5448],[16.6796,64.5468],[16.6731,64.5493],[16.6706,64.5737],[16.6677,64.5764],[16.6753,64.5841],[16.6749,64.5872],[16.6904,64.5901],[16.7083,64.6019],[16.7123,64.6028],[16.7183,64.6098],[16.6852,64.6032],[16.6659,64.5952],[16.6213,64.6103],[16.6175,64.6132],[16.6178,64.6168],[16.6091,64.6226],[16.6053,64.6299],[16.6148,64.6324],[16.6236,64.6326],[16.6167,64.625],[16.6302,64.6311],[16.6323,64.6283],[16.6375,64.6299],[16.6399,64.6284],[16.6241,64.6184],[16.6434,64.6246],[16.6449,64.6266],[16.6433,64.6299]]]},"properties":{"Valdistrik":"24620101","Valdistr_1":"Baksjönäs","Valdistr_2":"Baksjönäs  (Vilhelmina)","KommunNamn":"Vilhelmina","And_rösta":75.241935483870975,"A_29_år":180,"A_65__år":483,"A_TOTålde":1227,"UTB_Lång_":139,"UTB_TOTutb":1221}},{"type":"Feature","geometry":{"type":"Polygon","coordinates":[[[14.5006,65.4442],[14.5176,65.4441],[14.5304,65.4418],[14.5419,65.4372],[14.5668,65.4362],[14.5821,65.4308],[14.5968,65.4277],[14.6029,65.4233],[14.6076,65.4224],[14.6385,65.4224],[14.6522,65.4251],[14.685,65.4149],[14.7893,65.4155],[14.8164,65.4199],[14.8198,65.4219],[14.8276,65.4216],[14.8301,65.4235],[14.8415,65.4237],[14.8433,65.4222],[14.8532,65.4214],[14.9028,65.4284],[14.93,65.4184],[14.9314,65.4162],[14.9426,65.4131],[14.948,65.4085],[14.964,65.4064],[14.9681,65.4041],[14.981,65.4017],[14.9937,65.4062],[15.1256,65.4053],[15.2086,65.4217],[15.2737,65.4107],[15.7051,65.4009],[15.9751,65.3432],[15.9733,65.3419],[15.9813,65.3388],[15.9828,65.3405],[15.9766,65.3428],[15.9863,65.3408],[15.983,65.3378],[15.9872,65.3363],[15.9896,65.3369],[15.9852,65.3378],[15.9869,65.3407],[16.1213,65.3122],[16.4928,65.0881],[16.4208,65.0825],[16.4105,65.0799],[16.4063,65.0762],[16.3734,65.0641],[16.3422,65.0404],[16.322,65.0304],[16.2022,65.0194],[16.12,65.0631],[16.1156,65.068],[16.0446,65.0739],[15.9649,65.0977],[15.8998,65.084],[15.791,65.0792],[15.7807,65.0818],[15.7325,65.1054],[15.5718,65.1211],[15.5479,65.1169],[15.5291,65.1177],[15.3571,65.1386],[15.3473,65.1444],[15.3148,65.1566],[15.2936,65.1616],[15.214,65.2143],[15.1902,65.2239],[15.1296,65.2575],[14.4654,65.2897],[14.5068,65.3097],[14.502,65.3739],[14.5006,65.4442]]]},"properties":{"Valdistrik":"24620105","Valdistr_1":"Dikanäs","Valdistr_2":"Dikanäs  (Vilhelmina)","KommunNamn":"Vilhelmina","And_rösta":71.428571428571431,"A_29_år":41,"A_65__år":151,"A_TOTålde":339,"UTB_Lång_":24,"UTB_TOTutb":338}},{"type":"Feature","geometry":{"type":"Polygon","coordinates":[[[16.8328,64.7586],[16.8466,64.7636],[16.8525,64.7681],[16.8909,64.7734],[16.9247,64.7709],[16.939,64.7583],[16.933,64.7504],[16.9545,64.7448],[16.9928,64.7503],[16.9969,64.7472],[17.0376,64.7509],[17.0287,64.7592],[17.0295,64.7635],[17.035,64.7722],[17.0776,64.7796],[17.0715,64.7972],[17.104,64.8025],[17.1228,64.8092],[17.1527,64.8129],[17.1547,64.8183],[17.1295,64.8414],[17.1276,64.8485],[17.1301,64.8506],[17.2492,64.8111],[17.2615,64.8141],[17.2705,64.8092],[17.2708,64.8076],[17.2788,64.8056],[17.2736,64.803],[17.3399,64.7809],[17.3391,64.7568],[17.5108,64.7523],[17.5579,64.7329],[17.5048,64.7094],[17.5481,64.6692],[17.5684,64.6721],[17.5879,64.6792],[17.6538,64.6678],[17.6543,64.6378],[17.6815,64.6246],[17.6203,64.6021],[17.7081,64.5202],[17.6852,64.5107],[17.6953,64.5007],[17.6569,64.487],[17.3777,64.4526],[17.357,64.4579],[17.333,64.455],[17.3254,64.454],[17.3289,64.4466],[16.9499,64.399],[16.9358,64.3781],[16.8863,64.407],[16.8791,64.4146],[16.8676,64.4174],[16.8583,64.4252],[16.8583,64.4313],[16.8659,64.4386],[16.8867,64.4528],[16.8777,64.4653],[16.88,64.4995],[16.8845,64.5026],[16.884,64.5069],[16.8416,64.5251],[16.8406,64.538],[16.8185,64.5619],[16.8402,64.569],[16.8443,64.5735],[16.8439,64.5981],[16.8543,64.5959],[16.8611,64.5962],[16.9186,64.6038],[16.9031,64.611],[16.8747,64.613],[16.8499,64.6105],[16.8292,64.6253],[16.8075,64.6267],[16.7912,64.6259],[16.7512,64.6302],[16.7513,64.6319],[16.7814,64.6471],[16.775,64.6685],[16.7987,64.6728],[16.8038,64.6766],[16.8058,64.6941],[16.8091,64.7071],[16.821,64.713],[16.8319,64.7153],[16.9169,64.7099],[16.9079,64.7384],[16.8902,64.7389],[16.8494,64.7457],[16.8318,64.7569],[16.8328,64.7586]]]},"properties":{"Valdistrik":"24620110","Valdistr_1":"Latikberg","Valdistr_2":"Latikberg  (Vilhelmina)","KommunNamn":"Vilhelmina","And_rösta":78.092783505154642,"A_29_år":59,"A_65__år":115,"A_TOTålde":386,"UTB_Lång_":49,"UTB_TOTutb":384}},{"type":"Feature","geometry":{"type":"MultiPolygon","coordinates":[[[[16.4289,64.6928],[16.4392,64.6965],[16.4869,64.6999],[16.5091,64.7059],[16.5181,64.7109],[16.53,64.7149],[16.5554,64.7153],[16.5665,64.7228],[16.6014,64.7358],[16.6222,64.7287],[16.6455,64.742],[16.6521,64.7558],[16.6478,64.7633],[16.6716,64.767],[16.69,64.7717],[16.6925,64.7737],[16.6953,64.783],[16.707,64.7841],[16.727,64.7837],[16.7476,64.7775],[16.7775,64.7647],[16.8064,64.7648],[16.8328,64.7586],[16.8318,64.7569],[16.8494,64.7457],[16.8902,64.7389],[16.9079,64.7384],[16.9169,64.7099],[16.8319,64.7153],[16.821,64.713],[16.8091,64.7071],[16.8058,64.6941],[16.8038,64.6766],[16.7987,64.6728],[16.775,64.6685],[16.7814,64.6471],[16.7513,64.6319],[16.744,64.6346],[16.7304,64.6484],[16.7228,64.6538],[16.7286,64.6623],[16.6786,64.6653],[16.6648,64.6739],[16.6373,64.6664],[16.6381,64.6584],[16.649,64.6485],[16.6473,64.6474],[16.6495,64.6383],[16.6452,64.6359],[16.6503,64.6326],[16.6426,64.6297],[16.6449,64.6266],[16.6434,64.6246],[16.6241,64.6184],[16.6399,64.6283],[16.6375,64.6299],[16.6323,64.6283],[16.6319,64.6305],[16.6284,64.6307],[16.6167,64.625],[16.6233,64.6328],[16.6175,64.6329],[16.6053,64.6299],[16.6091,64.6226],[16.6178,64.6168],[16.6175,64.6132],[16.6213,64.6103],[16.6659,64.5952],[16.6852,64.6032],[16.7183,64.6098],[16.7123,64.6028],[16.7083,64.6019],[16.6904,64.5901],[16.6749,64.5872],[16.6753,64.5841],[16.6677,64.5764],[16.6706,64.5737],[16.6731,64.5493],[16.6796,64.5468],[16.6812,64.5448],[16.6737,64.5384],[16.6671,64.5167],[16.6891,64.5055],[16.6361,64.4906],[16.6092,64.4857],[16.5989,64.4363],[16.5965,64.4346],[16.3721,64.4749],[16.2139,64.5287],[16.3312,64.5541],[16.3399,64.5646],[16.3443,64.5754],[16.3623,64.5786],[16.4076,64.5632],[16.4369,64.5721],[16.4797,64.5638],[16.4869,64.5833],[16.5122,64.5827],[16.53,64.5921],[16.5188,64.6007],[16.5213,64.6031],[16.5256,64.6133],[16.5138,64.6176],[16.5006,64.6257],[16.5102,64.6324],[16.5453,64.6366],[16.5505,64.6415],[16.5465,64.644],[16.545,64.647],[16.5295,64.6527],[16.526,64.665],[16.527,64.6687],[16.5014,64.67],[16.4784,64.6749],[16.477,64.6975],[16.4478,64.6794],[16.431,64.6836],[16.4289,64.6928]]],[[[16.378,64.7347],[16.3784,64.7387],[16.3935,64.7424],[16.4356,64.7346],[16.4423,64.7329],[16.4525,64.7264],[16.4512,64.7178],[16.4128,64.716],[16.378,64.7347]]]]},"properties":{"Valdistrik":"24620113","Valdistr_1":"Lövliden","Valdistr_2":"Lövliden  (Vilhelmina)","KommunNamn":"Vilhelmina","And_rösta":81.692094313453538,"A_29_år":98,"A_65__år":237,"A_TOTålde":715,"UTB_Lång_":95,"UTB_TOTutb":709}},{"type":"Feature","geometry":{"type":"Polygon","coordinates":[[[16.2022,65.0194],[16.322,65.0304],[16.3422,65.0404],[16.3734,65.0641],[16.4063,65.0762],[16.4105,65.0799],[16.4208,65.0825],[16.4928,65.0881],[16.5951,65.0255],[17.1301,64.8506],[17.1276,64.8485],[17.1295,64.8414],[17.1547,64.8183],[17.1527,64.8129],[17.1228,64.8092],[17.104,64.8025],[17.0715,64.7972],[17.0776,64.7796],[17.035,64.7722],[17.0295,64.7635],[17.0287,64.7592],[17.0376,64.7509],[16.9969,64.7472],[16.9928,64.7503],[16.9545,64.7448],[16.933,64.7504],[16.939,64.7583],[16.9247,64.7709],[16.8909,64.7734],[16.867,64.7704],[16.8525,64.7681],[16.8466,64.7636],[16.8328,64.7586],[16.8064,64.7648],[16.7775,64.7647],[16.7476,64.7775],[16.727,64.7837],[16.6953,64.783],[16.6925,64.7737],[16.69,64.7717],[16.6716,64.767],[16.6478,64.7633],[16.6521,64.7558],[16.6455,64.742],[16.6222,64.7287],[16.6014,64.7358],[16.5665,64.7228],[16.5554,64.7153],[16.53,64.7149],[16.5181,64.7109],[16.5091,64.7059],[16.4869,64.6999],[16.4392,64.6965],[16.4206,64.6915],[16.4064,64.6933],[16.3913,64.7025],[16.3796,64.7001],[16.3974,64.6916],[16.3714,64.6843],[16.3602,64.691],[16.3573,64.6965],[16.3451,64.7041],[16.2972,64.7064],[16.2903,64.7093],[16.2831,64.7155],[16.3016,64.7249],[16.2948,64.7313],[16.2756,64.7237],[16.2869,64.7485],[16.2536,64.7555],[16.2488,64.7594],[16.2597,64.7713],[16.2528,64.7925],[16.2415,64.8008],[16.2083,64.8075],[16.1841,64.7988],[16.1625,64.7972],[16.1201,64.8029],[16.1099,64.8093],[16.1806,64.841],[16.1789,64.848],[16.095,64.8367],[16.0776,64.8375],[16.0547,64.8329],[16.0295,64.8192],[16.0147,64.8188],[15.9973,64.8223],[15.9903,64.8281],[15.9863,64.8397],[15.9913,64.8526],[15.9999,64.8544],[16.0182,64.8695],[16.0322,64.8768],[16.0668,64.8906],[16.0149,64.8957],[15.9666,64.8911],[15.951,64.8924],[15.9143,64.891],[15.9151,64.8975],[15.9396,64.9182],[15.9346,64.9267],[15.9568,64.9413],[15.9659,64.9505],[16.0342,64.9484],[16.0654,64.9365],[16.0658,64.9007],[16.0679,64.8908],[16.2,64.8758],[16.2054,64.8773],[16.2333,64.9003],[16.1377,64.9496],[16.1693,64.98],[16.2,64.9946],[16.2022,65.0194]],[[16.4153,64.7162],[16.4512,64.7178],[16.4525,64.7264],[16.4423,64.7329],[16.3935,64.7424],[16.3784,64.7387],[16.378,64.7347],[16.4128,64.716],[16.4153,64.7162]]]},"properties":{"Valdistrik":"24620116","Valdistr_1":"Nästansjö","Valdistr_2":"Nästansjö  (Vilhelmina)","KommunNamn":"Vilhelmina","And_rösta":73.68421052631578,"A_29_år":43,"A_65__år":92,"A_TOTålde":321,"UTB_Lång_":30,"UTB_TOTutb":321}},{"type":"Feature","geometry":{"type":"Polygon","coordinates":[[[15.791,65.0792],[15.8998,65.084],[15.9649,65.0977],[16.0446,65.0739],[16.1156,65.068],[16.12,65.0631],[16.2022,65.0194],[16.2,64.9946],[16.1693,64.98],[16.1377,64.9496],[16.2333,64.9003],[16.2054,64.8773],[16.2,64.8758],[16.0679,64.8908],[16.0658,64.9007],[16.0654,64.9365],[16.0342,64.9484],[15.9659,64.9505],[15.9568,64.9413],[15.9346,64.9267],[15.9396,64.9182],[15.9151,64.8975],[15.9143,64.891],[15.951,64.8924],[15.9666,64.8911],[16.0149,64.8957],[16.0668,64.8906],[16.0322,64.8768],[16.0182,64.8695],[15.9999,64.8544],[15.9913,64.8526],[15.9863,64.8397],[15.9903,64.8281],[15.9973,64.8223],[16.0147,64.8188],[16.0295,64.8192],[16.0547,64.8329],[16.0776,64.8375],[16.095,64.8367],[16.1789,64.848],[16.1806,64.841],[16.1099,64.8093],[16.1201,64.8029],[16.1625,64.7972],[16.1841,64.7988],[16.2083,64.8075],[16.2415,64.8008],[16.2528,64.7925],[16.2597,64.7713],[16.2488,64.7594],[16.2536,64.7555],[16.2869,64.7485],[16.2756,64.7237],[16.2948,64.7313],[16.3016,64.7249],[16.2831,64.7155],[16.2903,64.7093],[16.2972,64.7064],[16.3451,64.7041],[16.3573,64.6965],[16.3602,64.691],[16.3714,64.6843],[16.3974,64.6916],[16.3796,64.7001],[16.3913,64.7025],[16.4064,64.6933],[16.4206,64.6915],[16.4289,64.6928],[16.431,64.6836],[16.4478,64.6794],[16.477,64.6975],[16.4784,64.6749],[16.5014,64.67],[16.527,64.6687],[16.526,64.665],[16.5295,64.6527],[16.545,64.647],[16.5465,64.644],[16.5505,64.6415],[16.5453,64.6366],[16.5102,64.6324],[16.5006,64.6257],[16.5138,64.6176],[16.5256,64.6133],[16.5213,64.6031],[16.5188,64.6007],[16.53,64.5921],[16.5122,64.5827],[16.4869,64.5833],[16.4797,64.5638],[16.4369,64.5721],[16.4076,64.5632],[16.3623,64.5786],[16.3443,64.5754],[16.3399,64.5646],[16.3312,64.5541],[16.2139,64.5287],[16.1377,64.5544],[15.9447,64.7043],[15.7862,64.7633],[15.4808,64.8721],[15.4603,64.8754],[15.503,64.9201],[15.5196,64.9247],[15.5329,64.9325],[15.5183,64.9581],[15.5298,64.973],[15.58,64.9802],[15.6519,64.9735],[15.6677,64.9754],[15.6914,64.9429],[15.7163,64.9211],[15.7407,64.9252],[15.7471,64.9439],[15.746,64.9709],[15.6807,64.98],[15.6916,65.0059],[15.6911,65.0125],[15.7513,65.0237],[15.7719,65.0412],[15.7826,65.0449],[15.8019,65.0578],[15.791,65.0792]]]},"properties":{"Valdistrik":"24620120","Valdistr_1":"Skansholm","Valdistr_2":"Skansholm  (Vilhelmina)","KommunNamn":"Vilhelmina","And_rösta":75.7328990228013,"A_29_år":102,"A_65__år":212,"A_TOTålde":607,"UTB_Lång_":58,"UTB_TOTutb":605}},{"type":"Feature","geometry":{"type":"Polygon","coordinates":[[[16.6433,64.6299],[16.6503,64.6326],[16.6452,64.6359],[16.6495,64.6383],[16.6473,64.6474],[16.6773,64.6562],[16.6917,64.6457],[16.6986,64.6444],[16.6965,64.6408],[16.697,64.6358],[16.6812,64.632],[16.6745,64.6367],[16.6731,64.6419],[16.6668,64.6426],[16.6627,64.638],[16.6653,64.6359],[16.6583,64.6329],[16.6664,64.6291],[16.6818,64.631],[16.6862,64.6277],[16.7005,64.6275],[16.7169,64.6217],[16.6881,64.6186],[16.6851,64.627],[16.6649,64.6228],[16.6623,64.6245],[16.6531,64.6248],[16.6542,64.6251],[16.6526,64.6263],[16.6471,64.6272],[16.6475,64.6283],[16.6433,64.6299]]]},"properties":{"Valdistrik":"24620126","Valdistr_1":"Vilhelmina","Valdistr_2":"Vilhelmina  (Vilhelmina)","KommunNamn":"Vilhelmina","And_rösta":75.645756457564573,"A_29_år":180,"A_65__år":368,"A_TOTålde":1067,"UTB_Lång_":129,"UTB_TOTutb":1057}},{"type":"Feature","geometry":{"type":"Polygon","coordinates":[[[22.199,66.9193],[22.2751,66.9314],[22.2789,66.9165],[22.3889,66.9066],[22.4593,66.9241],[22.4852,66.8853],[22.4782,66.8562],[22.4854,66.8505],[22.5681,66.8522],[22.6201,66.848],[22.6405,66.8493],[22.6781,66.8399],[22.6994,66.8311],[22.7244,66.8336],[22.755,66.8307],[22.7991,66.8448],[22.8132,66.8699],[22.8071,66.8798],[22.8183,66.8846],[22.8356,66.8965],[22.8286,66.91],[22.8353,66.927],[22.862,66.9481],[22.8455,66.9599],[22.8328,66.9745],[22.8359,66.9956],[22.8162,67.0016],[22.7927,67.0136],[23.0781,67.0595],[23.0498,67.088],[23.0581,67.1085],[23.0392,67.1159],[23.0428,67.1197],[23.0656,67.1162],[23.0808,67.1169],[23.1398,67.0996],[23.1837,67.1115],[23.3961,67.1331],[23.4367,67.1175],[23.4551,67.0948],[23.4748,67.0912],[23.4849,67.0716],[23.6148,67.0524],[23.6782,67.0339],[23.6305,67.0037],[23.7834,66.9665],[23.7754,66.9195],[23.4742,66.951],[23.4852,66.9361],[23.474,66.9358],[23.4632,66.9522],[23.2532,66.9738],[23.4194,66.6857],[23.2177,66.6735],[23.1875,66.7003],[23.1813,66.6994],[23.2055,66.6728],[23.176,66.6709],[23.1746,66.6735],[23.1669,66.673],[23.1678,66.6703],[23.0465,66.6622],[23.0317,66.6585],[23.028,66.6609],[22.9995,66.659],[22.9358,66.6737],[22.9461,66.6615],[22.9335,66.6596],[22.9176,66.6778],[22.8096,66.7027],[22.7868,66.7216],[22.7697,66.7183],[22.7865,66.708],[22.6616,66.7358],[22.4698,66.7758],[22.4271,66.8086],[22.4198,66.8079],[22.4173,66.7945],[22.3888,66.7922],[22.1342,66.8432],[22.199,66.9193]]]},"properties":{"Valdistrik":"25210005","Valdistr_1":"Korpilombolo","Valdistr_2":"Korpilombolo  (Pajala)","KommunNamn":"Pajala","And_rösta":73.4192037470726,"A_29_år":138,"A_65__år":363,"A_TOTålde":822,"UTB_Lång_":66,"UTB_TOTutb":818}},{"type":"Feature","geometry":{"type":"Polygon","coordinates":[[[21.9623,67.3562],[21.9917,67.3776],[21.9942,67.3733],[22.0031,67.3762],[21.9971,67.3768],[21.994,67.3793],[22.0171,67.396],[22.1438,67.4005],[22.1685,67.3621],[22.2282,67.3551],[22.2311,67.3485],[22.2353,67.3456],[22.2647,67.3461],[22.2792,67.3298],[22.2776,67.3281],[22.2777,67.3215],[22.2851,67.3189],[22.3348,67.3267],[22.3298,67.3344],[22.3505,67.3434],[22.4017,67.3133],[22.3646,67.3127],[22.3156,67.3031],[22.3127,67.3006],[22.2962,67.294],[22.2993,67.2797],[22.311,67.2712],[22.3214,67.2662],[22.35,67.2628],[22.3847,67.262],[22.4111,67.2634],[22.4506,67.2702],[22.4852,67.2795],[22.5888,67.2654],[22.6359,67.2942],[22.652,67.2954],[22.6382,67.3033],[22.7026,67.3257],[22.7352,67.3225],[22.7459,67.339],[22.7971,67.3345],[22.8034,67.3444],[22.8246,67.3602],[22.8675,67.3839],[22.9617,67.3557],[22.9909,67.3698],[23.0594,67.3491],[23.0712,67.3259],[23.0613,67.2884],[23.0537,67.2659],[23.0659,67.2571],[23.0748,67.2553],[23.089,67.2557],[23.0919,67.2542],[23.0924,67.2509],[23.0954,67.2491],[23.1166,67.2443],[23.1309,67.2479],[23.151,67.2474],[23.1622,67.2516],[23.1816,67.252],[23.2092,67.2585],[23.2182,67.2584],[23.2228,67.2568],[23.225,67.2574],[23.2257,67.2624],[23.2296,67.2677],[23.2846,67.2677],[23.2956,67.258],[23.261,67.247],[23.2569,67.2415],[23.2627,67.232],[23.2671,67.2311],[23.2514,67.2206],[23.2005,67.2328],[23.1931,67.2279],[23.1897,67.1982],[23.062,67.2122],[23.0101,67.2195],[22.8713,67.2136],[22.882,67.1911],[22.9844,67.1711],[22.9753,67.164],[22.9861,67.1635],[22.9618,67.1067],[22.9783,67.1057],[22.9944,67.127],[23.0428,67.1197],[23.0392,67.1159],[23.0581,67.1085],[23.0498,67.088],[23.0781,67.0595],[22.7927,67.0136],[22.8162,67.0016],[22.8359,66.9956],[22.8328,66.9745],[22.8455,66.9599],[22.862,66.9481],[22.8353,66.927],[22.8286,66.91],[22.8356,66.8965],[22.8183,66.8846],[22.8071,66.8798],[22.8132,66.8699],[22.7991,66.8448],[22.755,66.8307],[22.7244,66.8336],[22.6994,66.8311],[22.6781,66.8399],[22.6405,66.8493],[22.6201,66.848],[22.5681,66.8522],[22.4854,66.8505],[22.4782,66.8562],[22.4852,66.8853],[22.4593,66.9241],[22.3889,66.9066],[22.2789,66.9165],[22.2751,66.9314],[22.199,66.9193],[21.9886,67.13],[21.9883,67.1333],[21.9841,67.1345],[21.8452,67.2709],[21.9623,67.3562]]]},"properties":{"Valdistrik":"25210003","Valdistr_1":"Tärendö","Valdistr_2":"Tärendö  (Pajala)","KommunNamn":"Pajala","And_rösta":73.964497041420117,"A_29_år":55,"A_65__år":455,"A_TOTålde":840,"UTB_Lång_":87,"UTB_TOTutb":838}},{"type":"Feature","geometry":{"type":"Polygon","coordinates":[[[22.674,67.8017],[22.8131,67.8387],[23.2864,68.1545],[23.2914,68.1495],[23.307,68.149],[23.308,68.1475],[23.3056,68.1448],[23.3127,68.143],[23.3154,68.1395],[23.3199,68.1373],[23.3216,68.1343],[23.3205,68.1313],[23.3214,68.1289],[23.3308,68.1226],[23.3251,68.1175],[23.334,68.1106],[23.3374,68.0997],[23.3604,68.0854],[23.3612,68.0794],[23.3674,68.0719],[23.3727,68.0683],[23.3705,68.0648],[23.3713,68.0612],[23.3762,68.0583],[23.3863,68.057],[23.3845,68.0511],[23.3886,68.0477],[23.3996,68.0433],[23.4478,68.0362],[23.4657,68.0304],[23.4661,68.0286],[23.4634,68.0258],[23.4654,68.0217],[23.4689,68.0196],[23.4796,68.0162],[23.5344,68.0059],[23.5376,68.0033],[23.5347,67.9977],[23.5398,67.9912],[23.5517,67.9834],[23.5736,67.9724],[23.6032,67.9717],[23.6366,67.966],[23.6479,67.9625],[23.6523,67.9591],[23.6505,67.9514],[23.6595,67.9473],[23.6648,67.9412],[23.6624,67.9388],[23.6539,67.9357],[23.6445,67.9261],[23.6463,67.9214],[23.6432,67.9168],[23.6366,67.9137],[23.6208,67.9083],[23.5949,67.9029],[23.587,67.8952],[23.5795,67.893],[23.5716,67.8927],[23.5525,67.8983],[23.5495,67.897],[23.545,67.8915],[23.5173,67.8848],[23.5071,67.8786],[23.5042,67.8696],[23.4943,67.864],[23.4902,67.8554],[23.4906,67.8484],[23.4875,67.8457],[23.4776,67.8424],[23.482,67.8278],[23.4795,67.8239],[23.4733,67.8199],[23.473,67.8167],[23.4777,67.8106],[23.4775,67.8072],[23.4802,67.8013],[23.4924,67.7937],[23.4941,67.7909],[23.4925,67.788],[23.4928,67.7833],[23.4851,67.7785],[23.4835,67.7755],[23.4841,67.7723],[23.492,67.764],[23.4891,67.7612],[23.4918,67.7548],[23.486,67.7465],[23.475,67.7391],[23.4872,67.7301],[23.4851,67.7275],[23.4784,67.7241],[23.4775,67.7163],[23.4839,67.7117],[23.4832,67.7063],[23.477,67.7023],[23.4925,67.6952],[23.4892,67.6909],[23.4896,67.6882],[23.4964,67.6843],[23.4981,67.6802],[23.4966,67.6728],[23.4911,67.6668],[23.4929,67.6639],[23.4394,67.6513],[23.3858,67.6527],[23.3814,67.6364],[23.3775,67.6337],[23.3232,67.6401],[23.1811,67.629],[23.0183,67.6526],[23.0253,67.6324],[23.0366,67.6128],[23.0641,67.5515],[23.0521,67.5393],[22.9092,67.4861],[22.9056,67.4339],[22.8578,67.41],[22.9909,67.3698],[22.9617,67.3557],[22.8675,67.3839],[22.8246,67.3602],[22.8034,67.3444],[22.7971,67.3345],[22.7459,67.339],[22.7352,67.3225],[22.7026,67.3257],[22.6382,67.3033],[22.652,67.2954],[22.6359,67.2942],[22.5888,67.2654],[22.4852,67.2795],[22.4506,67.2702],[22.4111,67.2634],[22.3847,67.262],[22.3259,67.265],[22.311,67.2712],[22.2993,67.2797],[22.2962,67.294],[22.3127,67.3006],[22.3156,67.3031],[22.3646,67.3127],[22.4017,67.3133],[22.3505,67.3434],[22.3298,67.3344],[22.3348,67.3267],[22.2851,67.3189],[22.2777,67.3215],[22.2776,67.3281],[22.2792,67.3298],[22.2647,67.3461],[22.2353,67.3456],[22.2311,67.3485],[22.2282,67.3551],[22.1685,67.3621],[22.1438,67.4005],[22.0171,67.396],[22.0589,67.4262],[22.1951,67.5536],[22.2205,67.5718],[22.2102,67.574],[22.2151,67.5775],[22.2255,67.5754],[22.316,67.6402],[22.333,67.6367],[22.3418,67.6432],[22.3253,67.6467],[22.4646,67.7459],[22.674,67.8017]]]},"properties":{"Valdistrik":"25210004","Valdistr_1":"Junosuando","Valdistr_2":"Junosuando  (Pajala)","KommunNamn":"Pajala","And_rösta":73.349633251833751,"A_29_år":74,"A_65__år":410,"A_TOTålde":815,"UTB_Lång_":63,"UTB_TOTutb":814}},{"type":"Feature","geometry":{"type":"Polygon","coordinates":[[[23.4929,67.6639],[23.5136,67.6471],[23.5337,67.6371],[23.5406,67.6304],[23.5386,67.6264],[23.5416,67.6238],[23.5527,67.6231],[23.5589,67.6203],[23.5461,67.6127],[23.5417,67.6058],[23.5383,67.6034],[23.5419,67.5981],[23.5448,67.5833],[23.5392,67.5787],[23.5277,67.5762],[23.5256,67.5726],[23.5086,67.5636],[23.5006,67.5633],[23.4858,67.5671],[23.469,67.5659],[23.456,67.562],[23.4556,67.5601],[23.4652,67.5499],[23.4768,67.5458],[23.4839,67.5406],[23.4839,67.5382],[23.4772,67.5354],[23.4753,67.5302],[23.454,67.5248],[23.436,67.5179],[23.4342,67.5132],[23.4355,67.5099],[23.4319,67.5074],[23.4231,67.5039],[23.4046,67.5006],[23.4066,67.4966],[23.3981,67.4918],[23.3941,67.4858],[23.3964,67.4827],[23.4043,67.4785],[23.4071,67.4698],[23.4133,67.4665],[23.4319,67.4641],[23.4393,67.4599],[23.4477,67.4587],[23.4564,67.4548],[23.484,67.4502],[23.4966,67.446],[23.5136,67.4475],[23.5164,67.449],[23.5179,67.4529],[23.5312,67.4596],[23.5472,67.4612],[23.5628,67.4596],[23.5822,67.4539],[23.6026,67.4537],[23.6447,67.4471],[23.6575,67.4467],[23.668,67.443],[23.6821,67.4422],[23.6991,67.4457],[23.7099,67.4457],[23.754,67.4357],[23.7594,67.4338],[23.7645,67.4282],[23.7517,67.42],[23.7528,67.4096],[23.7517,67.4079],[23.731,67.3947],[23.7207,67.3923],[23.717,67.3859],[23.7354,67.3786],[23.7316,67.3746],[23.7296,67.3686],[23.7335,67.3649],[23.7346,67.3615],[23.7408,67.3572],[23.7405,67.355],[23.7376,67.3531],[23.7394,67.3496],[23.7452,67.3481],[23.7584,67.3493],[23.7635,67.345],[23.7751,67.3393],[23.7746,67.3374],[23.7721,67.3348],[23.7555,67.3281],[23.756,67.323],[23.7489,67.3219],[23.7492,67.3163],[23.7452,67.3124],[23.7456,67.3095],[23.7412,67.3068],[23.7392,67.3012],[23.7364,67.2991],[23.7352,67.2942],[23.7288,67.2876],[23.7233,67.2854],[23.7227,67.2824],[23.7166,67.2816],[23.6926,67.284],[23.6464,67.2776],[23.625,67.272],[23.606,67.2737],[23.5776,67.269],[23.5622,67.2621],[23.5612,67.2596],[23.5694,67.2521],[23.565,67.25],[23.5515,67.2482],[23.5557,67.2424],[23.5623,67.2373],[23.5462,67.2252],[23.5659,67.2225],[23.5801,67.2136],[23.593,67.2098],[23.5958,67.2077],[23.585,67.1985],[23.5886,67.1932],[23.5879,67.1907],[23.5677,67.1854],[23.559,67.1813],[23.5564,67.1777],[23.5301,67.1826],[23.5201,67.1902],[23.5109,67.1937],[23.4971,67.1922],[23.4864,67.1943],[23.4751,67.1938],[23.4378,67.2042],[23.4208,67.1894],[23.3783,67.1925],[23.3934,67.2056],[23.3683,67.2109],[23.3659,67.2122],[23.3669,67.2136],[23.3649,67.216],[23.3443,67.2224],[23.3176,67.2342],[23.2817,67.2408],[23.2671,67.2311],[23.2627,67.232],[23.2569,67.2415],[23.261,67.247],[23.2956,67.258],[23.2846,67.2677],[23.2296,67.2677],[23.2257,67.2624],[23.225,67.2574],[23.2228,67.2568],[23.2182,67.2584],[23.2092,67.2585],[23.1816,67.252],[23.1622,67.2516],[23.151,67.2474],[23.1309,67.2479],[23.1166,67.2443],[23.0954,67.2491],[23.0924,67.2509],[23.0919,67.2542],[23.089,67.2557],[23.0748,67.2553],[23.0659,67.2571],[23.0537,67.2659],[23.0613,67.2884],[23.0712,67.3259],[23.0594,67.3491],[22.8578,67.41],[22.9056,67.4339],[22.9092,67.4861],[23.0521,67.5393],[23.0641,67.5515],[23.0366,67.6128],[23.0253,67.6324],[23.0183,67.6526],[23.1811,67.629],[23.3232,67.6401],[23.3775,67.6337],[23.3814,67.6364],[23.3858,67.6527],[23.4394,67.6513],[23.4929,67.6639]]]},"properties":{"Valdistrik":"25210001","Valdistr_1":"Pajala norra","Valdistr_2":"Pajala norra  (Pajala)","KommunNamn":"Pajala","And_rösta":71.119842829076617,"A_29_år":125,"A_65__år":389,"A_TOTålde":993,"UTB_Lång_":113,"UTB_TOTutb":993}},{"type":"Feature","geometry":{"type":"MultiPolygon","coordinates":[[[[23.2671,67.2311],[23.2817,67.2408],[23.3176,67.2342],[23.3443,67.2224],[23.3649,67.216],[23.3669,67.2136],[23.3659,67.2122],[23.3683,67.2109],[23.3934,67.2056],[23.3783,67.1925],[23.4208,67.1894],[23.4378,67.2042],[23.4751,67.1938],[23.4864,67.1943],[23.4971,67.1922],[23.5109,67.1937],[23.5201,67.1902],[23.5301,67.1826],[23.5564,67.1777],[23.5562,67.1752],[23.5512,67.1714],[23.5555,67.1665],[23.5784,67.1523],[23.584,67.151],[23.5958,67.1392],[23.6046,67.1352],[23.6091,67.1305],[23.6207,67.1257],[23.624,67.1198],[23.6293,67.115],[23.6552,67.1032],[23.661,67.0915],[23.6671,67.0839],[23.6639,67.0808],[23.6641,67.0763],[23.6721,67.0657],[23.6845,67.0577],[23.6991,67.0519],[23.7042,67.0454],[23.7132,67.0441],[23.7134,67.0407],[23.7161,67.0366],[23.7151,67.0346],[23.7228,67.0333],[23.7276,67.0303],[23.7308,67.025],[23.7386,67.0178],[23.7534,67.0109],[23.7685,67.0013],[23.7934,66.9937],[23.8015,66.9886],[23.798,66.9851],[23.7996,66.9835],[23.809,66.9796],[23.8175,66.9791],[23.8173,66.9741],[23.8266,66.9679],[23.8279,66.9616],[23.8348,66.9596],[23.8481,66.9595],[23.8619,66.9543],[23.8628,66.9492],[23.8604,66.9463],[23.8609,66.9431],[23.8639,66.9377],[23.868,66.9358],[23.8633,66.9288],[23.8643,66.9191],[23.8892,66.9072],[23.7754,66.9195],[23.7834,66.9665],[23.6305,67.0037],[23.6782,67.0339],[23.6148,67.0524],[23.4849,67.0716],[23.4748,67.0912],[23.4551,67.0948],[23.4367,67.1175],[23.3961,67.1331],[23.1837,67.1115],[23.1398,67.0996],[23.0808,67.1169],[23.0656,67.1162],[22.9944,67.127],[22.9783,67.1057],[22.9618,67.1067],[22.9861,67.1635],[22.9753,67.164],[22.9844,67.1711],[22.882,67.1911],[22.8713,67.2136],[23.0101,67.2195],[23.062,67.2122],[23.1897,67.1982],[23.1931,67.2279],[23.2005,67.2328],[23.2514,67.2206],[23.2671,67.2311]]],[[[23.8147,66.9036],[23.8064,66.9069],[23.8096,66.9091],[23.8431,66.9051],[23.8637,66.876],[23.8439,66.8753],[23.8391,66.8941],[23.8147,66.9036]]]]},"properties":{"Valdistrik":"25210002","Valdistr_1":"Pajala södra","Valdistr_2":"Pajala södra  (Pajala)","KommunNamn":"Pajala","And_rösta":69.964349376114072,"A_29_år":163,"A_65__år":446,"A_TOTålde":1103,"UTB_Lång_":128,"UTB_TOTutb":1094}},{"type":"Feature","geometry":{"type":"Polygon","coordinates":[[[23.1644,66.3024],[23.1759,66.2886],[23.1872,66.2861],[23.2001,66.2855],[23.1973,66.2793],[23.2044,66.2753],[23.1992,66.2745],[23.1987,66.2726],[23.2165,66.2531],[23.2155,66.245],[23.2237,66.2412],[23.2345,66.2398],[23.2426,66.2298],[23.2398,66.226],[23.2384,66.1881],[23.2259,66.1599],[23.2181,66.1601],[23.2144,66.1644],[23.1912,66.1646],[23.1916,66.1627],[23.1962,66.1605],[23.1948,66.16],[23.1846,66.1647],[22.9749,66.1675],[22.9748,66.1641],[22.981,66.1459],[22.9559,66.1358],[22.9016,66.1525],[22.919,66.1682],[22.8133,66.1698],[22.6075,66.2212],[22.6421,66.2592],[22.6751,66.26],[22.698,66.2564],[22.7652,66.2719],[22.7679,66.2853],[22.7647,66.2899],[22.804,66.3071],[22.8224,66.3052],[22.8249,66.3072],[22.8241,66.3105],[22.8212,66.3119],[22.8215,66.3138],[22.8225,66.3159],[22.8286,66.3193],[22.8284,66.3207],[22.8402,66.3233],[22.8481,66.3221],[22.8433,66.3284],[22.8397,66.329],[22.8431,66.3333],[22.8427,66.3351],[22.8295,66.3422],[22.8795,66.3475],[22.9,66.3514],[22.9201,66.3458],[22.9586,66.3658],[22.9614,66.3645],[22.9732,66.3504],[22.9874,66.3419],[22.9909,66.3347],[23.0017,66.3309],[23.0463,66.3323],[23.0688,66.3377],[23.1644,66.3024]]]},"properties":{"Valdistrik":"25130002","Valdistr_1":"Överkalix nedre","Valdistr_2":"Överkalix nedre  (Överkalix)","KommunNamn":"Överkalix","And_rösta":81.113138686131393,"A_29_år":118,"A_65__år":443,"A_TOTålde":1087,"UTB_Lång_":135,"UTB_TOTutb":1080}},{"type":"Feature","geometry":{"type":"MultiPolygon","coordinates":[[[[22.1342,66.8432],[22.3888,66.7922],[22.4173,66.7945],[22.4198,66.8079],[22.4271,66.8086],[22.4698,66.7758],[22.6616,66.7358],[22.7865,66.708],[22.7697,66.7183],[22.7868,66.7216],[22.8096,66.7027],[22.9176,66.6778],[22.9335,66.6596],[22.9461,66.6615],[22.9358,66.6737],[22.9995,66.659],[23.028,66.6609],[23.0401,66.6529],[23.0538,66.6538],[23.0934,66.5021],[23.1049,66.4654],[23.1142,66.4493],[23.1123,66.4471],[23.1124,66.4445],[23.1094,66.444],[23.1093,66.4413],[23.1123,66.4396],[23.1152,66.4355],[23.1142,66.4347],[23.1182,66.4306],[23.1156,66.4265],[23.1182,66.425],[23.118,66.4217],[23.1204,66.4196],[23.1159,66.4187],[23.1122,66.4155],[23.1144,66.4117],[23.1112,66.4105],[23.115,66.4086],[23.1113,66.4041],[23.1614,66.363],[23.1933,66.3687],[23.2169,66.3471],[23.1381,66.3335],[23.1644,66.3024],[23.0688,66.3377],[23.0463,66.3323],[23.0017,66.3309],[22.9909,66.3347],[22.9874,66.3419],[22.9732,66.3504],[22.9614,66.3645],[22.9586,66.3658],[22.9201,66.3458],[22.9,66.3514],[22.8795,66.3475],[22.8295,66.3422],[22.8427,66.3351],[22.8431,66.3333],[22.8397,66.329],[22.8433,66.3284],[22.8481,66.3221],[22.8402,66.3233],[22.8284,66.3207],[22.8286,66.3193],[22.8225,66.3159],[22.8215,66.3138],[22.8212,66.3119],[22.8241,66.3105],[22.8249,66.3072],[22.8224,66.3052],[22.804,66.3071],[22.7647,66.2899],[22.7679,66.2853],[22.7652,66.2719],[22.698,66.2564],[22.6751,66.26],[22.6421,66.2592],[22.6075,66.2212],[22.5351,66.2388],[22.4094,66.1728],[22.3871,66.1697],[22.3666,66.1584],[22.3737,66.1544],[22.338,66.1362],[22.1948,66.2468],[21.9467,66.4323],[22.1099,66.4566],[22.122,66.5998],[22.1121,66.6004],[22.114,66.605],[22.1222,66.6037],[22.1225,66.6057],[21.9708,66.6693],[22.0442,66.732],[22.107,66.8097],[22.1281,66.8067],[22.1334,66.8037],[22.1379,66.8031],[22.1431,66.8041],[22.1427,66.8058],[22.1385,66.8069],[22.1442,66.8098],[22.1639,66.8122],[22.1585,66.8125],[22.1267,66.8339],[22.1342,66.8432]]],[[[23.1426,66.417],[23.1681,66.4155],[23.1707,66.4088],[23.1623,66.3944],[23.1517,66.3938],[23.1426,66.417]]]]},"properties":{"Valdistrik":"25130001","Valdistr_1":"Överkalix övre","Valdistr_2":"Överkalix övre  (Överkalix)","KommunNamn":"Överkalix","And_rösta":79.364005412719891,"A_29_år":132,"A_65__år":702,"A_TOTålde":1470,"UTB_Lång_":144,"UTB_TOTutb":1465}},{"type":"Feature","geometry":{"type":"Polygon","coordinates":[[[24.0973,65.8352],[24.115,65.8402],[24.1412,65.8435],[24.1445,65.841],[24.1472,65.8359],[24.1251,65.8348],[24.1088,65.8304],[24.0973,65.8352]]]},"properties":{"Valdistrik":"25830101","Valdistr_1":"Haparanda Norra","Valdistr_2":"Haparanda Norra  (Haparanda)","KommunNamn":"Haparanda","And_rösta":56.682659355723096,"A_29_år":220,"A_65__år":481,"A_TOTålde":1346,"UTB_Lång_":136,"UTB_TOTutb":1334}},{"type":"Feature","geometry":{"type":"Polygon","coordinates":[[[23.4729,65.9559],[23.6025,65.9557],[23.7699,65.9529],[23.7743,65.9544],[23.7706,65.9529],[23.7794,65.9529],[23.7762,65.9544],[23.775,65.9588],[23.7934,65.9589],[23.7911,65.9626],[23.7873,65.963],[23.784,65.9668],[23.7885,65.969],[23.7887,65.9659],[23.7904,65.967],[23.7902,65.9707],[23.7918,65.9707],[23.7919,65.9671],[23.7951,65.9672],[23.7994,65.9612],[23.7968,65.9607],[23.8016,65.956],[23.7999,65.9526],[23.8088,65.952],[23.8068,65.9487],[23.8092,65.9487],[23.8091,65.9526],[23.8366,65.9523],[23.8369,65.9512],[23.8403,65.9516],[23.8368,65.9535],[23.841,65.9545],[23.8446,65.9521],[23.8946,65.9517],[23.8831,65.943],[23.9402,65.9385],[23.9356,65.9316],[23.9156,65.9295],[23.8745,65.9328],[23.8768,65.9105],[23.8741,65.9071],[23.8854,65.8998],[23.8796,65.8927],[23.8804,65.8863],[23.8776,65.8752],[23.8953,65.8703],[23.9154,65.8737],[23.9378,65.8605],[23.9277,65.8564],[23.933,65.8477],[23.9311,65.8431],[23.9386,65.8386],[23.9596,65.8327],[23.9589,65.8316],[23.9732,65.8201],[23.9788,65.8196],[23.9896,65.8151],[23.9972,65.8147],[24.0017,65.8124],[23.9976,65.8076],[24.0057,65.805],[24.0084,65.8027],[24.0087,65.8002],[24.0171,65.7969],[24.0223,65.7918],[24.0235,65.7882],[24.059,65.7953],[24.0711,65.7895],[24.0381,65.7802],[24.019,65.7786],[24.0071,65.7752],[23.9858,65.7602],[23.9665,65.7357],[23.9633,65.7293],[24.0045,65.7303],[24.1496,65.7292],[24.1719,65.7256],[24.1648,65.6955],[24.1731,65.6729],[24.0207,65.6826],[23.9234,65.7098],[23.9262,65.7149],[23.9061,65.7242],[23.875,65.7361],[23.8183,65.7519],[23.8232,65.7581],[23.8218,65.7605],[23.8226,65.7641],[23.8202,65.7659],[23.7968,65.7669],[23.7491,65.7636],[23.7237,65.7705],[23.72,65.7799],[23.7027,65.7917],[23.6666,65.7852],[23.6209,65.7706],[23.6165,65.763],[23.6112,65.7608],[23.6086,65.7723],[23.5833,65.7821],[23.5701,65.7833],[23.5993,65.8681],[23.591,65.874],[23.5846,65.8735],[23.5883,65.8758],[23.4729,65.9559]]]},"properties":{"Valdistrik":"25830102","Valdistr_1":"Nikkala","Valdistr_2":"Nikkala  (Haparanda)","KommunNamn":"Haparanda","And_rösta":76.1455525606469,"A_29_år":64,"A_65__år":270,"A_TOTålde":725,"UTB_Lång_":87,"UTB_TOTutb":725}},{"type":"Feature","geometry":{"type":"Polygon","coordinates":[[[23.6112,65.7608],[23.6165,65.763],[23.6209,65.7706],[23.6666,65.7852],[23.7027,65.7917],[23.72,65.7799],[23.7237,65.7705],[23.7491,65.7636],[23.7968,65.7669],[23.8202,65.7659],[23.8226,65.7641],[23.8218,65.7605],[23.8232,65.7581],[23.8183,65.7519],[23.875,65.7361],[23.9061,65.7242],[23.9262,65.7149],[23.9234,65.7098],[24.0207,65.6826],[24.1731,65.6729],[24.1776,65.6604],[24.1584,65.6085],[23.6694,65.5348],[23.5786,65.6207],[23.6089,65.6462],[23.622,65.6908],[23.6174,65.734],[23.6112,65.7608]]]},"properties":{"Valdistrik":"25830103","Valdistr_1":"Seskarö","Valdistr_2":"Seskarö  (Haparanda)","KommunNamn":"Haparanda","And_rösta":77.401129943502823,"A_29_år":32,"A_65__år":159,"A_TOTålde":340,"UTB_Lång_":52,"UTB_TOTutb":338}},{"type":"Feature","geometry":{"type":"Polygon","coordinates":[[[24.1088,65.8304],[24.1251,65.8348],[24.1472,65.8359],[24.1506,65.8279],[24.1303,65.8278],[24.1088,65.8304]]]},"properties":{"Valdistrik":"25830114","Valdistr_1":"Haparanda Södra","Valdistr_2":"Haparanda Södra  (Haparanda)","KommunNamn":"Haparanda","And_rösta":59.728506787330318,"A_29_år":165,"A_65__år":428,"A_TOTålde":1005,"UTB_Lång_":133,"UTB_TOTutb":996}},{"type":"Feature","geometry":{"type":"Polygon","coordinates":[[[23.8946,65.9517],[23.997,65.9506],[24.0013,65.9488],[24.0054,65.9505],[24.0425,65.9501],[24.0461,65.9483],[24.0565,65.9508],[24.0612,65.9497],[24.0649,65.9467],[24.0736,65.9447],[24.0805,65.9367],[24.0884,65.9313],[24.0998,65.9295],[24.1084,65.9316],[24.1175,65.9272],[24.116,65.9184],[24.11,65.9137],[24.1106,65.9099],[24.1151,65.9039],[24.1155,65.8988],[24.118,65.8948],[24.1329,65.888],[24.141,65.8735],[24.1531,65.8626],[24.1316,65.8631],[24.1255,65.8578],[24.1252,65.8515],[24.1412,65.8435],[24.1106,65.8392],[24.0918,65.833],[24.0891,65.8331],[24.0752,65.8539],[24.0412,65.8563],[24.0395,65.8551],[23.9606,65.8614],[23.923,65.8773],[23.9154,65.8737],[23.8953,65.8703],[23.8805,65.8737],[23.8776,65.8752],[23.8804,65.8863],[23.8796,65.8927],[23.8854,65.8998],[23.8741,65.9071],[23.8768,65.9105],[23.8745,65.9328],[23.9156,65.9295],[23.9356,65.9316],[23.9402,65.9385],[23.8831,65.943],[23.8946,65.9517]]]},"properties":{"Valdistrik":"25830115","Valdistr_1":"Marielund","Valdistr_2":"Marielund  (Haparanda)","KommunNamn":"Haparanda","And_rösta":59.002535925612854,"A_29_år":160,"A_65__år":353,"A_TOTålde":1065,"UTB_Lång_":123,"UTB_TOTutb":1050}},{"type":"Feature","geometry":{"type":"Polygon","coordinates":[[[23.9154,65.8737],[23.923,65.8773],[23.9606,65.8614],[24.0395,65.8551],[24.0412,65.8563],[24.0752,65.8539],[24.0891,65.8331],[24.0973,65.8352],[24.105,65.8314],[24.1171,65.8289],[24.1506,65.8279],[24.1552,65.8155],[24.1434,65.8026],[24.1337,65.7967],[24.128,65.7846],[24.1275,65.7784],[24.1317,65.7716],[24.1719,65.7256],[24.1496,65.7292],[24.0045,65.7303],[23.9633,65.7293],[23.9665,65.7357],[23.9858,65.7602],[24.0071,65.7752],[24.019,65.7786],[24.0381,65.7802],[24.0711,65.7895],[24.059,65.7953],[24.0235,65.7882],[24.0223,65.7918],[24.0171,65.7969],[24.0087,65.8002],[24.0084,65.8027],[24.0057,65.805],[23.9976,65.8076],[24.0017,65.8124],[23.9972,65.8147],[23.9896,65.8151],[23.9788,65.8196],[23.9732,65.8201],[23.9589,65.8316],[23.9596,65.8327],[23.9386,65.8386],[23.9311,65.8431],[23.933,65.8477],[23.9277,65.8564],[23.9378,65.8605],[23.9154,65.8737]]]},"properties":{"Valdistrik":"25830116","Valdistr_1":"Grankullen","Valdistr_2":"Grankullen  (Haparanda)","KommunNamn":"Haparanda","And_rösta":70.399999999999991,"A_29_år":85,"A_65__år":212,"A_TOTålde":713,"UTB_Lång_":110,"UTB_TOTutb":711}},{"type":"Feature","geometry":{"type":"Polygon","coordinates":[[[23.3585,66.0526],[23.3777,66.0569],[23.3781,66.0552],[23.3796,66.0554],[23.3793,66.0572],[23.3857,66.0587],[23.3861,66.061],[23.3872,66.061],[23.3866,66.0589],[23.4208,66.0665],[23.4195,66.0683],[23.4224,66.0668],[23.5268,66.0902],[23.5332,66.0843],[23.5491,66.0869],[23.547,66.089],[23.5576,66.088],[23.5508,66.0898],[23.5464,66.0946],[23.5539,66.0962],[23.5604,66.0916],[23.5779,66.0959],[23.5719,66.1002],[23.5991,66.1063],[23.6036,66.102],[23.6057,66.1027],[23.6001,66.1065],[23.6596,66.1197],[23.6658,66.1158],[23.69,66.0925],[23.6923,66.0887],[23.7022,66.0902],[23.6925,66.0904],[23.6845,66.0985],[23.7747,66.1127],[23.75,66.1393],[23.8579,66.1624],[23.8913,66.1678],[23.8976,66.1651],[23.9186,66.1612],[23.9299,66.1498],[23.9276,66.1483],[23.9266,66.1445],[23.9147,66.1393],[23.914,66.136],[23.9279,66.1294],[23.9416,66.12],[23.9357,66.1131],[23.9369,66.1112],[23.9442,66.1085],[23.9456,66.1048],[23.9448,66.1025],[23.9393,66.0989],[23.9364,66.0905],[23.9376,66.0846],[23.9366,66.08],[23.9384,66.0767],[23.9452,66.073],[23.9601,66.0694],[23.9619,66.065],[23.9738,66.0587],[23.9829,66.0515],[23.9875,66.044],[23.997,66.0349],[24.0136,66.0232],[24.0345,66.0111],[24.0457,66.0016],[24.0492,65.9942],[24.0496,65.9799],[24.0529,65.9746],[24.0415,65.9706],[24.0397,65.9687],[24.0431,65.9661],[24.0425,65.9629],[24.0499,65.9574],[24.0535,65.9517],[24.0565,65.9508],[24.0461,65.9483],[24.0425,65.9501],[24.0054,65.9505],[24.0013,65.9488],[23.997,65.9506],[23.8446,65.9521],[23.841,65.9545],[23.8368,65.9535],[23.8403,65.9516],[23.8369,65.9512],[23.8366,65.9523],[23.8091,65.9526],[23.8092,65.9487],[23.8068,65.9487],[23.8088,65.952],[23.7999,65.9526],[23.8016,65.956],[23.7968,65.9607],[23.7994,65.9612],[23.7951,65.9672],[23.7919,65.9671],[23.7918,65.9707],[23.7902,65.9707],[23.7904,65.967],[23.7887,65.9659],[23.7885,65.969],[23.784,65.9668],[23.7873,65.963],[23.7911,65.9626],[23.7934,65.9589],[23.775,65.9588],[23.7762,65.9544],[23.7794,65.9529],[23.7706,65.9529],[23.7743,65.9544],[23.7699,65.9529],[23.6025,65.9557],[23.4729,65.9559],[23.3998,66.0149],[23.3319,66.0466],[23.3585,66.0526]],[[23.7965,66.1257],[23.815,66.1293],[23.8117,66.1324],[23.8047,66.1312],[23.8112,66.1329],[23.8077,66.1361],[23.8006,66.135],[23.7961,66.1394],[23.7897,66.1385],[23.7965,66.1257]]]},"properties":{"Valdistrik":"25830408","Valdistr_1":"Karungi","Valdistr_2":"Karungi  (Haparanda)","KommunNamn":"Haparanda","And_rösta":70.743801652892557,"A_29_år":54,"A_65__år":254,"A_TOTålde":584,"UTB_Lång_":63,"UTB_TOTutb":581}},{"type":"Feature","geometry":{"type":"Polygon","coordinates":[[[20.204,67.8602],[20.2119,67.8585],[20.2235,67.8533],[20.2222,67.8561],[20.2239,67.8592],[20.2301,67.8576],[20.2376,67.8537],[20.234,67.8526],[20.237,67.8518],[20.2347,67.8498],[20.2361,67.8475],[20.2286,67.846],[20.2209,67.8472],[20.2197,67.8502],[20.204,67.8602]]]},"properties":{"Valdistrik":"25840001","Valdistr_1":"Kiruna Centrum","Valdistr_2":"Kiruna Centrum  (Kiruna)","KommunNamn":"Kiruna","And_rösta":70.361145703611456,"A_29_år":175,"A_65__år":202,"A_TOTålde":753,"UTB_Lång_":119,"UTB_TOTutb":750}},{"type":"Feature","geometry":{"type":"Polygon","coordinates":[[[20.263,67.8903],[20.2712,67.8885],[20.2661,67.8663],[20.2734,67.8588],[20.2584,67.855],[20.2418,67.856],[20.2376,67.8537],[20.2239,67.8592],[20.2281,67.8637],[20.2408,67.8644],[20.263,67.8903]]]},"properties":{"Valdistrik":"25840002","Valdistr_1":"Högalid och Sandstensberget","Valdistr_2":"Högalid och Sandstensberget  (Kiruna)","KommunNamn":"Kiruna","And_rösta":79.8076923076923,"A_29_år":315,"A_65__år":424,"A_TOTålde":1744,"UTB_Lång_":331,"UTB_TOTutb":1738}},{"type":"Feature","geometry":{"type":"Polygon","coordinates":[[[20.2209,67.8472],[20.2286,67.846],[20.2361,67.8475],[20.2347,67.8498],[20.237,67.8518],[20.257,67.849],[20.2516,67.8487],[20.2538,67.8464],[20.2504,67.8444],[20.2498,67.8422],[20.2316,67.8429],[20.2209,67.8472]]]},"properties":{"Valdistrik":"25840005","Valdistr_1":"Bolaget-Triangeln","Valdistr_2":"Bolaget-Triangeln  (Kiruna)","KommunNamn":"Kiruna","And_rösta":79.391634980988584,"A_29_år":181,"A_65__år":445,"A_TOTålde":1300,"UTB_Lång_":161,"UTB_TOTutb":1294}},{"type":"Feature","geometry":{"type":"Polygon","coordinates":[[[20.2589,67.8914],[20.263,67.8903],[20.2408,67.8644],[20.2281,67.8637],[20.2226,67.8572],[20.2235,67.8533],[20.2119,67.8585],[20.2141,67.8589],[20.21,67.8621],[20.211,67.8631],[20.2261,67.8664],[20.2232,67.8704],[20.2308,67.8787],[20.2589,67.8914]]]},"properties":{"Valdistrik":"25840003","Valdistr_1":"Övre Norrmalm och Järnvägen","Valdistr_2":"Övre Norrmalm och Järnvägen  (Kiruna)","KommunNamn":"Kiruna","And_rösta":76.460767946577633,"A_29_år":363,"A_65__år":472,"A_TOTålde":1770,"UTB_Lång_":267,"UTB_TOTutb":1761}},{"type":"Feature","geometry":{"type":"Polygon","coordinates":[[[23.2864,68.1545],[22.8131,67.8387],[22.674,67.8017],[22.5399,67.8529],[22.4667,67.8785],[22.4098,67.9098],[22.3824,67.9272],[22.3562,67.9415],[22.4096,67.9511],[22.3439,67.9558],[22.2313,67.9611],[22.2165,67.9539],[22.0205,67.9655],[21.9255,67.8568],[21.919,67.8556],[21.6994,67.9179],[21.6358,67.9445],[21.4346,67.9645],[21.326,68.0093],[21.1581,68.0617],[20.3932,68.2558],[20.2988,68.2674],[19.9214,68.356],[19.9779,68.3882],[20.2264,68.4908],[20.0258,68.5308],[19.9375,68.5579],[20.0521,68.591],[20.2027,68.6659],[20.2737,68.7403],[20.3359,68.8023],[20.3217,68.8556],[20.3064,68.9262],[20.2377,68.9561],[20.06,69.0458],[20.5486,69.06],[20.5592,69.0565],[20.5681,69.0569],[20.5779,69.0526],[20.5814,69.054],[20.5913,69.0534],[20.5949,69.0513],[20.6405,69.0437],[20.6687,69.0416],[20.7084,69.0429],[20.7311,69.0374],[20.7824,69.0307],[20.8119,69.0183],[20.8173,69.0121],[20.8174,69.0088],[20.8349,68.996],[20.8667,68.9871],[20.8799,68.9866],[20.8836,68.9831],[20.9101,68.9701],[20.9139,68.9615],[20.9133,68.9592],[20.9032,68.951],[20.8951,68.9474],[20.8923,68.9416],[20.8663,68.9436],[20.8432,68.9367],[20.8523,68.9234],[20.8775,68.9197],[20.8898,68.9107],[20.8904,68.9083],[20.9035,68.9005],[20.9017,68.8988],[20.8816,68.8965],[20.8777,68.8944],[20.8885,68.8915],[20.9023,68.8911],[20.9067,68.8917],[20.9147,68.8971],[20.9332,68.8987],[20.9444,68.8964],[20.9574,68.8968],[20.9574,68.8932],[20.9591,68.8919],[20.965,68.8912],[20.9759,68.893],[20.9806,68.8912],[20.9876,68.8925],[20.9905,68.8948],[20.9909,68.8973],[20.9977,68.8965],[21.029,68.8857],[21.0299,68.885],[21.0263,68.8821],[21.0473,68.8815],[21.0768,68.8714],[21.0757,68.87],[21.078,68.8673],[21.0767,68.8657],[21.0776,68.865],[21.1026,68.8593],[21.1077,68.8594],[21.1277,68.8538],[21.1304,68.8521],[21.1303,68.849],[21.1433,68.8455],[21.1422,68.8435],[21.1443,68.8402],[21.1834,68.8295],[21.1847,68.8276],[21.1837,68.8257],[21.1952,68.8235],[21.2105,68.8179],[21.2256,68.8161],[21.2366,68.8129],[21.2401,68.8091],[21.254,68.8022],[21.2519,68.7987],[21.2621,68.7925],[21.2597,68.7913],[21.2616,68.7871],[21.2697,68.7803],[21.2836,68.7739],[21.299,68.7624],[21.3257,68.7593],[21.3385,68.7632],[21.3617,68.7672],[21.3906,68.7648],[21.3914,68.7632],[21.3896,68.7622],[21.4021,68.7574],[21.4074,68.7509],[21.4124,68.7485],[21.407,68.7432],[21.4069,68.7392],[21.405,68.737],[21.415,68.7306],[21.4148,68.7289],[21.4095,68.7252],[21.422,68.7154],[21.4127,68.7107],[21.4205,68.7059],[21.4227,68.7018],[21.4181,68.6985],[21.4208,68.6956],[21.4359,68.69],[21.4569,68.6868],[21.4659,68.6818],[21.4824,68.681],[21.5106,68.6757],[21.5225,68.6773],[21.5299,68.6753],[21.5473,68.6756],[21.5546,68.6777],[21.566,68.6751],[21.5678,68.6739],[21.5673,68.6721],[21.5709,68.6707],[21.5842,68.6678],[21.6056,68.6667],[21.6181,68.6642],[21.624,68.662],[21.6228,68.6594],[21.6279,68.6546],[21.642,68.6508],[21.6526,68.6503],[21.6538,68.6472],[21.6621,68.6435],[21.6637,68.6407],[21.6975,68.6322],[21.7096,68.6254],[21.7103,68.62],[21.7127,68.6192],[21.7112,68.6182],[21.7121,68.6174],[21.6993,68.6143],[21.6987,68.6108],[21.696,68.6104],[21.6999,68.6076],[21.7,68.5974],[21.7015,68.5956],[21.7137,68.5934],[21.7173,68.5903],[21.775,68.5854],[21.7986,68.5864],[21.8034,68.5886],[21.8421,68.5912],[21.8632,68.5884],[21.864,68.5874],[21.8614,68.5854],[21.8641,68.5839],[21.875,68.5853],[21.8918,68.5834],[21.9055,68.578],[21.9072,68.5746],[21.9288,68.567],[21.938,68.5596],[21.9475,68.5558],[21.9683,68.5511],[21.9708,68.5491],[21.9702,68.5461],[21.9807,68.5418],[21.9841,68.5375],[21.9918,68.534],[22.0004,68.5346],[22.0061,68.5333],[22.0076,68.5309],[22.0027,68.529],[22.0019,68.5259],[21.996,68.5217],[22.0039,68.5161],[22.0089,68.5101],[22.011,68.5],[22.0293,68.4883],[22.0317,68.4854],[22.0451,68.4792],[22.0577,68.479],[22.0761,68.4824],[22.097,68.4813],[22.101,68.4785],[22.1156,68.4821],[22.1227,68.4804],[22.1235,68.4768],[22.1285,68.4715],[22.1524,68.4701],[22.1785,68.4777],[22.1925,68.4802],[22.204,68.4801],[22.2228,68.473],[22.2516,68.4823],[22.2666,68.4789],[22.2809,68.4785],[22.2859,68.4791],[22.292,68.4831],[22.2968,68.4839],[22.3265,68.481],[22.3479,68.4821],[22.3514,68.4812],[22.3477,68.4779],[22.3481,68.4741],[22.3407,68.4693],[22.349,68.4637],[22.3434,68.4602],[22.3443,68.4584],[22.3424,68.4557],[22.3454,68.4525],[22.3434,68.4487],[22.3406,68.4477],[22.3424,68.4447],[22.3576,68.4457],[22.4032,68.4662],[22.4132,68.4667],[22.4212,68.4633],[22.4339,68.4648],[22.4379,68.4635],[22.437,68.4599],[22.4594,68.448],[22.4682,68.4413],[22.4829,68.4433],[22.5045,68.4424],[22.5358,68.4344],[22.5546,68.4343],[22.5724,68.4221],[22.6177,68.4277],[22.6194,68.4289],[22.619,68.4321],[22.6237,68.4345],[22.6389,68.4344],[22.6435,68.4314],[22.6397,68.421],[22.6449,68.4173],[22.6688,68.4119],[22.6783,68.4117],[22.6919,68.4056],[22.6911,68.4039],[22.6852,68.4014],[22.6858,68.4002],[22.7248,68.3945],[22.7266,68.3938],[22.7265,68.3903],[22.7298,68.3866],[22.7339,68.3852],[22.7657,68.3852],[22.7792,68.3903],[22.8,68.3936],[22.813,68.3889],[22.8294,68.387],[22.8451,68.3832],[22.8459,68.3809],[22.836,68.3733],[22.8344,68.3681],[22.8349,68.3661],[22.8454,68.3609],[22.8557,68.3601],[22.8759,68.3518],[22.8941,68.3484],[22.8982,68.3451],[22.9058,68.3424],[22.9106,68.3364],[22.916,68.3338],[22.9718,68.3322],[22.975,68.3307],[22.9771,68.3243],[22.9875,68.3198],[23.0372,68.3069],[23.0566,68.3074],[23.0655,68.3014],[23.0701,68.3003],[23.0703,68.2941],[23.0653,68.2892],[23.0639,68.2812],[23.0652,68.2789],[23.0726,68.2746],[23.0771,68.2669],[23.0997,68.2589],[23.1128,68.2515],[23.1305,68.2484],[23.1382,68.2487],[23.1435,68.2469],[23.1519,68.2319],[23.1419,68.2185],[23.1453,68.2119],[23.1407,68.2078],[23.1419,68.2034],[23.147,68.201],[23.1579,68.2001],[23.162,68.1979],[23.1617,68.1947],[23.1501,68.1911],[23.1462,68.1875],[23.1456,68.1842],[23.1415,68.1814],[23.142,68.176],[23.147,68.1713],[23.1401,68.1554],[23.1492,68.1446],[23.1524,68.1396],[23.1523,68.1367],[23.1652,68.133],[23.1698,68.1331],[23.1844,68.1376],[23.194,68.1381],[23.2033,68.1408],[23.2102,68.1459],[23.2511,68.1493],[23.2565,68.1519],[23.2573,68.1557],[23.2593,68.1568],[23.2779,68.1574],[23.2864,68.1545]]]},"properties":{"Valdistrik":"25840004","Valdistr_1":"Kiruna nordost","Valdistr_2":"Kiruna nordost  (Kiruna)","KommunNamn":"Kiruna","And_rösta":70.819304152637486,"A_29_år":153,"A_65__år":317,"A_TOTålde":854,"UTB_Lång_":82,"UTB_TOTutb":847}},{"type":"Feature","geometry":{"type":"Polygon","coordinates":[[[20.2376,67.8537],[20.2418,67.856],[20.2603,67.8553],[20.2619,67.8532],[20.2558,67.8499],[20.2354,67.852],[20.234,67.8526],[20.2376,67.8537]]]},"properties":{"Valdistrik":"25840007","Valdistr_1":"Östermalm","Valdistr_2":"Östermalm  (Kiruna)","KommunNamn":"Kiruna","And_rösta":79.427549194991059,"A_29_år":159,"A_65__år":345,"A_TOTålde":1104,"UTB_Lång_":149,"UTB_TOTutb":1091}},{"type":"Feature","geometry":{"type":"Polygon","coordinates":[[[20.2509,67.8419],[20.2628,67.8447],[20.2785,67.842],[20.2646,67.84],[20.2663,67.8387],[20.2605,67.8339],[20.2701,67.8323],[20.2585,67.824],[20.2471,67.8309],[20.2495,67.8365],[20.2541,67.8386],[20.2509,67.8419]]]},"properties":{"Valdistrik":"25840009","Valdistr_1":"Lombolo västra","Valdistr_2":"Lombolo västra  (Kiruna)","KommunNamn":"Kiruna","And_rösta":70.665499124343256,"A_29_år":201,"A_65__år":327,"A_TOTålde":1131,"UTB_Lång_":94,"UTB_TOTutb":1122}},{"type":"Feature","geometry":{"type":"Polygon","coordinates":[[[20.2988,68.2674],[20.3932,68.2558],[20.9737,68.1091],[20.928,67.9834],[20.8942,67.9576],[20.8163,67.9706],[20.8213,67.9634],[20.8198,67.9609],[20.8148,67.9591],[20.815,67.9553],[20.8587,67.9471],[20.8918,67.9253],[20.9591,67.9082],[20.9527,67.8511],[20.9009,67.711],[20.8127,67.7174],[20.7387,67.7047],[20.7021,67.6399],[20.6246,67.6583],[20.6138,67.6623],[20.5893,67.6649],[20.5775,67.6709],[20.5609,67.6726],[20.5515,67.6764],[20.5333,67.678],[20.5309,67.6803],[20.5242,67.6823],[20.4976,67.6878],[20.4706,67.6885],[20.4659,67.6909],[20.4486,67.6929],[20.4328,67.6976],[20.409,67.7019],[20.3969,67.7057],[20.3837,67.7132],[20.3776,67.7143],[20.3712,67.7203],[20.3518,67.7295],[20.3347,67.7322],[20.332,67.7349],[20.3164,67.7308],[20.3012,67.7309],[20.3151,67.7938],[20.3737,67.8295],[20.392,67.839],[20.3944,67.8451],[20.4015,67.8526],[20.3936,67.8566],[20.4101,67.8632],[20.4085,67.8644],[20.408,67.8702],[20.4392,67.8868],[20.435,67.8904],[20.4454,67.9016],[20.4447,67.9055],[20.4836,67.9139],[20.4944,67.927],[20.487,67.9359],[20.4862,67.9415],[20.5545,67.9593],[20.5725,67.9713],[20.563,67.9786],[20.5152,68.0018],[20.4686,68.0417],[20.4587,68.0529],[20.4466,68.057],[20.2614,68.2104],[20.2988,68.2674]]]},"properties":{"Valdistrik":"25840010","Valdistr_1":"Jukkasjärvi","Valdistr_2":"Jukkasjärvi  (Kiruna)","KommunNamn":"Kiruna","And_rösta":85.258215962441312,"A_29_år":131,"A_65__år":255,"A_TOTålde":1054,"UTB_Lång_":136,"UTB_TOTutb":1049}},{"type":"Feature","geometry":{"type":"Polygon","coordinates":[[[20.2785,67.842],[20.2818,67.8372],[20.2796,67.8335],[20.2842,67.8326],[20.2823,67.8301],[20.2642,67.8202],[20.2585,67.824],[20.2701,67.8323],[20.2605,67.8339],[20.2663,67.8387],[20.2646,67.84],[20.2785,67.842]]]},"properties":{"Valdistrik":"25840011","Valdistr_1":"Lombolo mellersta","Valdistr_2":"Lombolo mellersta  (Kiruna)","KommunNamn":"Kiruna","And_rösta":85.868586858685873,"A_29_år":146,"A_65__år":259,"A_TOTålde":1101,"UTB_Lång_":180,"UTB_TOTutb":1097}},{"type":"Feature","geometry":{"type":"Polygon","coordinates":[[[20.9737,68.1091],[21.1581,68.0617],[21.326,68.0093],[21.4346,67.9645],[21.6358,67.9445],[21.6994,67.9179],[21.919,67.8556],[21.9255,67.8568],[22.0205,67.9655],[22.2165,67.9539],[22.2313,67.9611],[22.3439,67.9558],[22.4096,67.9511],[22.3562,67.9415],[22.3824,67.9272],[22.4098,67.9098],[22.4667,67.8785],[22.5399,67.8529],[22.674,67.8017],[22.4646,67.7459],[22.3253,67.6467],[22.3418,67.6432],[22.333,67.6367],[22.316,67.6402],[22.2255,67.5754],[22.2151,67.5775],[22.2102,67.574],[22.2205,67.5718],[22.1951,67.5536],[22.0589,67.4262],[21.994,67.3793],[21.9971,67.3768],[22.0031,67.3762],[21.9942,67.3733],[21.9917,67.3776],[21.9623,67.3562],[21.9539,67.3581],[21.9368,67.3666],[21.9314,67.3671],[21.9162,67.3779],[21.8981,67.3814],[21.886,67.3888],[21.8843,67.3927],[21.8887,67.3915],[21.9079,67.3941],[21.9183,67.3978],[21.9187,67.3995],[21.9165,67.4016],[21.908,67.4057],[21.9074,67.4077],[21.9098,67.4112],[21.9084,67.4126],[21.8634,67.4291],[21.8416,67.4301],[21.832,67.4382],[21.8022,67.4482],[21.7463,67.4523],[21.75,67.4487],[21.7424,67.4489],[21.7397,67.447],[21.7386,67.4482],[21.7438,67.4525],[21.5376,67.462],[21.5305,67.4642],[21.5317,67.465],[21.5302,67.4655],[21.5278,67.4642],[21.5193,67.4649],[21.519,67.4667],[21.5042,67.4688],[21.5053,67.4698],[21.5034,67.4703],[21.4893,67.4704],[21.4866,67.4688],[21.4738,67.4696],[21.4785,67.4702],[21.4764,67.4714],[21.4779,67.4719],[21.4705,67.4722],[21.4711,67.4737],[21.4677,67.4731],[21.468,67.4745],[21.4662,67.475],[21.459,67.473],[21.4607,67.472],[21.4596,67.4712],[21.4555,67.471],[21.4544,67.473],[21.4412,67.4728],[21.4399,67.474],[21.4363,67.4735],[21.4385,67.4726],[21.4371,67.4717],[21.435,67.4733],[21.4359,67.4717],[21.4347,67.4713],[21.4315,67.4728],[21.4224,67.4715],[21.4246,67.4697],[21.4188,67.4703],[21.4261,67.4681],[21.4261,67.4692],[21.4445,67.4681],[21.4503,67.4658],[21.4455,67.4654],[21.4388,67.4683],[21.4271,67.4674],[21.4181,67.4692],[21.4139,67.4704],[21.4154,67.4719],[21.4007,67.4717],[21.4005,67.4731],[21.3908,67.474],[21.3857,67.4764],[21.3827,67.4757],[21.3699,67.4803],[21.3639,67.4789],[21.3621,67.4801],[21.3656,67.4816],[21.36,67.4821],[21.3604,67.4831],[21.355,67.4848],[21.3268,67.4816],[21.3222,67.4782],[21.2966,67.4739],[21.2624,67.4733],[21.2168,67.4814],[21.1856,67.4806],[21.1702,67.4838],[21.1369,67.4857],[21.127,67.4883],[21.0913,67.4903],[21.0679,67.4949],[21.0686,67.5002],[21.0647,67.5041],[21.053,67.5068],[21.0432,67.5117],[21.0335,67.5125],[21.0183,67.517],[21.0154,67.5191],[21.0151,67.5219],[21.0103,67.5242],[20.9948,67.5261],[20.9696,67.5327],[20.9673,67.5364],[20.955,67.5399],[20.9361,67.5504],[20.916,67.5549],[20.9145,67.5583],[20.917,67.5601],[20.9133,67.5629],[20.879,67.5708],[20.8426,67.5862],[20.8242,67.5904],[20.8192,67.5938],[20.7748,67.6073],[20.7734,67.608],[20.7743,67.6129],[20.7647,67.6171],[20.7284,67.6277],[20.715,67.6301],[20.7161,67.6319],[20.7133,67.6356],[20.7021,67.6399],[20.7387,67.7047],[20.8127,67.7174],[20.9009,67.711],[20.9527,67.8511],[20.9591,67.9082],[20.8918,67.9253],[20.8587,67.9471],[20.815,67.9553],[20.8148,67.9591],[20.8198,67.9609],[20.8213,67.9634],[20.8163,67.9706],[20.8942,67.9576],[20.928,67.9834],[20.9737,68.1091]]]},"properties":{"Valdistrik":"25840012","Valdistr_1":"Kiruna sydost","Valdistr_2":"Kiruna sydost  (Kiruna)","KommunNamn":"Kiruna","And_rösta":78.471001757469253,"A_29_år":101,"A_65__år":507,"A_TOTålde":1130,"UTB_Lång_":113,"UTB_TOTutb":1125}},{"type":"Feature","geometry":{"type":"Polygon","coordinates":[[[19.9214,68.356],[20.299,68.2676],[20.2614,68.2104],[20.4466,68.057],[20.3648,68.016],[20.3345,68.0128],[20.3034,68.0134],[20.2231,68.0062],[20.1462,68.0048],[20.1541,67.9978],[20.1678,67.9602],[20.1616,67.9537],[20.1519,67.9479],[20.1453,67.9124],[20.2447,67.9003],[20.2589,67.8914],[20.2308,67.8787],[20.2232,67.8704],[20.2261,67.8664],[20.21,67.8621],[20.2141,67.8589],[20.2038,67.8602],[20.206,67.8625],[20.1913,67.874],[20.1694,67.8775],[20.068,67.8451],[19.9991,67.8612],[18.1511,68.1995],[18.1146,68.3404],[18.1011,68.406],[18.1259,68.5365],[18.4056,68.5819],[18.4856,68.5565],[18.6211,68.5069],[18.9837,68.5169],[19.7075,68.3939],[19.9214,68.356]]]},"properties":{"Valdistrik":"25840013","Valdistr_1":"Luossavaara-Abisko","Valdistr_2":"Luossavaara-Abisko  (Kiruna)","KommunNamn":"Kiruna","And_rösta":81.74659985683607,"A_29_år":185,"A_65__år":389,"A_TOTålde":1376,"UTB_Lång_":258,"UTB_TOTutb":1374}},{"type":"Feature","geometry":{"type":"Polygon","coordinates":[[[20.4466,68.057],[20.4587,68.0529],[20.4686,68.0417],[20.5152,68.0018],[20.563,67.9786],[20.5725,67.9713],[20.5545,67.9593],[20.4862,67.9415],[20.487,67.9359],[20.4944,67.927],[20.4836,67.9139],[20.4447,67.9055],[20.4454,67.9016],[20.435,67.8904],[20.4392,67.8868],[20.408,67.8702],[20.4085,67.8644],[20.4101,67.8632],[20.3936,67.8566],[20.4015,67.8526],[20.3944,67.8451],[20.392,67.839],[20.3744,67.8294],[20.3475,67.8343],[20.3254,67.8356],[20.3021,67.8434],[20.2824,67.8433],[20.2785,67.842],[20.2628,67.8447],[20.2498,67.8422],[20.2504,67.8444],[20.2538,67.8464],[20.2516,67.8487],[20.257,67.849],[20.2558,67.8499],[20.2566,67.8507],[20.2619,67.8532],[20.2603,67.8553],[20.2624,67.8568],[20.2734,67.8588],[20.2661,67.8663],[20.2712,67.8885],[20.2589,67.8914],[20.2447,67.9003],[20.1453,67.9124],[20.1519,67.9479],[20.1616,67.9537],[20.1678,67.9602],[20.1541,67.9978],[20.1462,68.0048],[20.2231,68.0062],[20.3034,68.0134],[20.3345,68.0128],[20.3648,68.016],[20.4466,68.057]]]},"properties":{"Valdistrik":"25840014","Valdistr_1":"Tuolluvaara-Kurravaara","Valdistr_2":"Tuolluvaara-Kurravaara  (Kiruna)","KommunNamn":"Kiruna","And_rösta":83.7265577737447,"A_29_år":237,"A_65__år":372,"A_TOTålde":1630,"UTB_Lång_":270,"UTB_TOTutb":1620}},{"type":"Feature","geometry":{"type":"Polygon","coordinates":[[[18.1511,68.1995],[19.9991,67.8612],[20.068,67.8451],[20.1694,67.8775],[20.1913,67.874],[20.206,67.8625],[20.2038,67.8602],[20.2197,67.8502],[20.2226,67.8458],[20.2354,67.8424],[20.2509,67.8419],[20.2541,67.8386],[20.2495,67.8365],[20.2471,67.8309],[20.2642,67.8202],[20.2823,67.8301],[20.2842,67.8326],[20.2796,67.8335],[20.2818,67.8372],[20.2785,67.842],[20.2824,67.8433],[20.3021,67.8434],[20.3254,67.8356],[20.3475,67.8343],[20.3737,67.8295],[20.3151,67.7938],[20.3012,67.7309],[20.2816,67.7311],[20.2758,67.7272],[20.2555,67.7229],[20.2229,67.7218],[20.1785,67.7323],[20.1647,67.7308],[20.118,67.7475],[20.0827,67.75],[20.0422,67.7427],[20.0332,67.7449],[20.0091,67.7458],[19.9774,67.7633],[19.9639,67.7666],[19.9518,67.7737],[19.924,67.7805],[19.873,67.7866],[19.8525,67.7942],[19.8357,67.7959],[19.8206,67.8007],[19.8132,67.8014],[19.809,67.8056],[19.7813,67.8149],[19.702,67.8132],[19.6638,67.8192],[19.6534,67.8223],[19.6419,67.821],[19.6341,67.8247],[19.6358,67.8281],[19.5607,67.8309],[19.4844,67.8376],[19.4663,67.8436],[19.4082,67.8522],[19.3216,67.8563],[19.237,67.8481],[19.1807,67.8508],[19.0818,67.8514],[19.005,67.8573],[18.8526,67.8445],[18.8292,67.8499],[18.8214,67.8491],[18.786,67.8523],[18.3519,67.8543],[18.1865,67.8951],[17.8997,67.9693],[18.0956,68.1461],[18.1511,68.1995]]]},"properties":{"Valdistrik":"25840015","Valdistr_1":"Lombolo östra - Nikkaluoktavägen","Valdistr_2":"Lombolo östra - Nikkaluoktavägen  (Kiruna)","KommunNamn":"Kiruna","And_rösta":83.586448598130829,"A_29_år":273,"A_65__år":488,"A_TOTålde":1694,"UTB_Lång_":240,"UTB_TOTutb":1683}},{"type":"Feature","geometry":{"type":"Polygon","coordinates":[[[21.3327,65.2552],[21.3385,65.2556],[21.3597,65.2779],[21.3588,65.2839],[21.3603,65.2853],[21.3759,65.284],[21.3852,65.288],[21.3798,65.2892],[21.3799,65.291],[21.3753,65.2936],[21.3788,65.2943],[21.3882,65.2895],[21.4068,65.2962],[21.4148,65.2972],[21.4209,65.3005],[21.416,65.3012],[21.4183,65.3028],[21.4243,65.3008],[21.4356,65.3022],[21.442,65.3047],[21.4523,65.3028],[21.459,65.2995],[21.4491,65.2916],[21.4486,65.2876],[21.4599,65.2878],[21.4722,65.2843],[21.4744,65.2764],[21.4859,65.2713],[21.4897,65.2664],[21.5057,65.26],[21.5108,65.2524],[21.5037,65.2483],[21.5037,65.2431],[21.4982,65.2393],[21.4982,65.2364],[21.4927,65.2313],[21.494,65.2283],[21.4875,65.2223],[21.4769,65.2166],[21.4743,65.2132],[21.4766,65.2095],[21.4565,65.1969],[21.437,65.2006],[21.4325,65.2],[21.4173,65.1916],[21.4021,65.189],[21.3698,65.207],[21.3683,65.2181],[21.3736,65.223],[21.3728,65.2247],[21.3622,65.2297],[21.345,65.2338],[21.3294,65.2457],[21.3282,65.2513],[21.3327,65.2552]]]},"properties":{"Valdistrik":"25810010","Valdistr_1":"Hortlax","Valdistr_2":"Hortlax  (Piteå)","KommunNamn":"Piteå","And_rösta":89.316522893165228,"A_29_år":228,"A_65__år":418,"A_TOTålde":1496,"UTB_Lång_":305,"UTB_TOTutb":1492}},{"type":"Feature","geometry":{"type":"Polygon","coordinates":[[[21.459,65.2995],[21.494,65.2972],[21.4955,65.3009],[21.5086,65.3047],[21.5222,65.3009],[21.5208,65.2994],[21.5227,65.2979],[21.5204,65.2933],[21.5247,65.2915],[21.522,65.2898],[21.5116,65.2883],[21.5123,65.2897],[21.5108,65.2899],[21.5036,65.2896],[21.496,65.2863],[21.4934,65.2876],[21.4843,65.2841],[21.4722,65.2843],[21.4599,65.2878],[21.4486,65.2876],[21.4491,65.2916],[21.459,65.2995]]]},"properties":{"Valdistrik":"25810024","Valdistr_1":"Munksund Norra","Valdistr_2":"Munksund Norra  (Piteå)","KommunNamn":"Piteå","And_rösta":82.494365138993246,"A_29_år":206,"A_65__år":421,"A_TOTålde":1313,"UTB_Lång_":232,"UTB_TOTutb":1299}},{"type":"Feature","geometry":{"type":"Polygon","coordinates":[[[21.4082,65.3139],[21.4168,65.3094],[21.442,65.3047],[21.4356,65.3022],[21.4243,65.3008],[21.4183,65.3028],[21.416,65.3012],[21.4209,65.3005],[21.4148,65.2972],[21.4068,65.2962],[21.398,65.2928],[21.3842,65.2992],[21.3853,65.304],[21.3967,65.3049],[21.3927,65.3087],[21.3963,65.3114],[21.3961,65.3129],[21.4082,65.3139]]]},"properties":{"Valdistrik":"25810009","Valdistr_1":"Bergsviken Östra","Valdistr_2":"Bergsviken Östra  (Piteå)","KommunNamn":"Piteå","And_rösta":85.824175824175825,"A_29_år":137,"A_65__år":172,"A_TOTålde":885,"UTB_Lång_":210,"UTB_TOTutb":883}},{"type":"Feature","geometry":{"type":"Polygon","coordinates":[[[21.4722,65.2843],[21.4843,65.2841],[21.4934,65.2876],[21.496,65.2863],[21.5036,65.2896],[21.5108,65.2899],[21.5123,65.2897],[21.5116,65.2883],[21.5262,65.2917],[21.5322,65.2887],[21.5405,65.2878],[21.5329,65.2835],[21.5389,65.2828],[21.544,65.2803],[21.5475,65.2848],[21.562,65.2788],[21.5903,65.2765],[21.6007,65.2704],[21.6369,65.2718],[21.6396,65.2707],[21.6394,65.2595],[21.6188,65.2546],[21.6345,65.2484],[21.6558,65.2495],[21.6614,65.2478],[21.639,65.2396],[21.643,65.2381],[21.6667,65.2409],[21.682,65.2321],[21.7561,65.2172],[21.7891,65.1885],[21.7022,65.1853],[21.6832,65.1926],[21.6359,65.2015],[21.5999,65.2279],[21.5625,65.2212],[21.5381,65.2245],[21.5199,65.23],[21.5095,65.2359],[21.5129,65.2388],[21.5137,65.2441],[21.5108,65.2524],[21.5057,65.26],[21.4897,65.2664],[21.4859,65.2713],[21.4744,65.2764],[21.4722,65.2843]]]},"properties":{"Valdistrik":"25810025","Valdistr_1":"Munksund Södra","Valdistr_2":"Munksund Södra  (Piteå)","KommunNamn":"Piteå","And_rösta":88.906128782001545,"A_29_år":162,"A_65__år":337,"A_TOTålde":1283,"UTB_Lång_":217,"UTB_TOTutb":1278}},{"type":"Feature","geometry":{"type":"Polygon","coordinates":[[[21.4504,65.3031],[21.4691,65.3115],[21.4697,65.31],[21.4816,65.313],[21.4906,65.3123],[21.4966,65.3103],[21.4993,65.3077],[21.5088,65.3052],[21.5045,65.3025],[21.4955,65.3009],[21.494,65.2972],[21.459,65.2995],[21.4504,65.3031]]]},"properties":{"Valdistrik":"25810023","Valdistr_1":"Klubbgärdet","Valdistr_2":"Klubbgärdet  (Piteå)","KommunNamn":"Piteå","And_rösta":85.689802913453292,"A_29_år":207,"A_65__år":248,"A_TOTålde":1158,"UTB_Lång_":210,"UTB_TOTutb":1154}},{"type":"Feature","geometry":{"type":"Polygon","coordinates":[[[21.4729,65.3466],[21.4737,65.3434],[21.481,65.3379],[21.488,65.3366],[21.473,65.3297],[21.477,65.3276],[21.4702,65.3237],[21.4548,65.3293],[21.4564,65.3308],[21.4416,65.3323],[21.4383,65.3359],[21.4662,65.3471],[21.4729,65.3466]]]},"properties":{"Valdistrik":"25810014","Valdistr_1":"Djupviken Norra","Valdistr_2":"Djupviken Norra  (Piteå)","KommunNamn":"Piteå","And_rösta":81.094527363184071,"A_29_år":407,"A_65__år":390,"A_TOTålde":1586,"UTB_Lång_":348,"UTB_TOTutb":1573}},{"type":"Feature","geometry":{"type":"Polygon","coordinates":[[[21.4729,65.3466],[21.477,65.3496],[21.4752,65.3533],[21.4894,65.357],[21.5223,65.3572],[21.5415,65.3513],[21.542,65.3446],[21.5377,65.3413],[21.5376,65.336],[21.5339,65.3334],[21.5205,65.3281],[21.5108,65.3266],[21.4989,65.3206],[21.4889,65.3206],[21.4851,65.3215],[21.4854,65.3236],[21.473,65.3297],[21.488,65.3366],[21.481,65.3379],[21.4737,65.3434],[21.4729,65.3466]]]},"properties":{"Valdistrik":"25810015","Valdistr_1":"Djupviken Södra","Valdistr_2":"Djupviken Södra  (Piteå)","KommunNamn":"Piteå","And_rösta":89.248895434462455,"A_29_år":143,"A_65__år":409,"A_TOTålde":1349,"UTB_Lång_":366,"UTB_TOTutb":1341}},{"type":"Feature","geometry":{"type":"Polygon","coordinates":[[[21.4725,65.3105],[21.4853,65.317],[21.4914,65.3139],[21.4906,65.3123],[21.4816,65.313],[21.4725,65.3105]]]},"properties":{"Valdistrik":"25810020","Valdistr_1":"Häggholmen Östra","Valdistr_2":"Häggholmen Östra  (Piteå)","KommunNamn":"Piteå","And_rösta":81.454302868579049,"A_29_år":147,"A_65__år":923,"A_TOTålde":1485,"UTB_Lång_":174,"UTB_TOTutb":1475}},{"type":"Feature","geometry":{"type":"Polygon","coordinates":[[[21.4769,65.3196],[21.4853,65.317],[21.4697,65.31],[21.4687,65.315],[21.4769,65.3196]]]},"properties":{"Valdistrik":"25810018","Valdistr_1":"Häggholmen Västra","Valdistr_2":"Häggholmen Västra  (Piteå)","KommunNamn":"Piteå","And_rösta":81.9330385344283,"A_29_år":263,"A_65__år":876,"A_TOTålde":1573,"UTB_Lång_":205,"UTB_TOTutb":1559}},{"type":"Feature","geometry":{"type":"Polygon","coordinates":[[[21.4702,65.3237],[21.477,65.3276],[21.4852,65.3226],[21.4687,65.315],[21.4691,65.3115],[21.4618,65.3075],[21.4469,65.3115],[21.4467,65.3169],[21.4643,65.3183],[21.4633,65.3194],[21.4646,65.3208],[21.4702,65.3237]]]},"properties":{"Valdistrik":"25810017","Valdistr_1":"Backen Källbo","Valdistr_2":"Backen Källbo  (Piteå)","KommunNamn":"Piteå","And_rösta":83.09419837804117,"A_29_år":379,"A_65__år":592,"A_TOTålde":1594,"UTB_Lång_":253,"UTB_TOTutb":1588}},{"type":"Feature","geometry":{"type":"Polygon","coordinates":[[[21.2441,65.336],[21.2609,65.3373],[21.2787,65.3341],[21.2834,65.3316],[21.2933,65.3313],[21.309,65.3346],[21.3299,65.3362],[21.3295,65.3325],[21.3436,65.3243],[21.3171,65.3017],[21.3112,65.286],[21.2899,65.2827],[21.2901,65.2837],[21.2587,65.2777],[21.2602,65.2757],[21.2566,65.2774],[21.2455,65.2756],[21.1655,65.2524],[21.1132,65.2174],[21,65.2148],[21.0823,65.2532],[21.083,65.2727],[21.078,65.2776],[21.0814,65.2789],[21.0721,65.3018],[21.0654,65.3018],[21.0675,65.3148],[21.0611,65.3295],[21.1097,65.3287],[21.1259,65.3147],[21.1423,65.3177],[21.1562,65.3252],[21.1922,65.3292],[21.1993,65.333],[21.2097,65.335],[21.222,65.3344],[21.226,65.3321],[21.2382,65.3337],[21.2441,65.336]]]},"properties":{"Valdistrik":"25810004","Valdistr_1":"Svensbyn","Valdistr_2":"Svensbyn  (Piteå)","KommunNamn":"Piteå","And_rösta":87.8048780487805,"A_29_år":93,"A_65__år":215,"A_TOTålde":736,"UTB_Lång_":126,"UTB_TOTutb":735}},{"type":"Feature","geometry":{"type":"Polygon","coordinates":[[[21.4256,65.3309],[21.4313,65.3332],[21.4354,65.3326],[21.4384,65.3357],[21.4416,65.3323],[21.4564,65.3308],[21.4548,65.3293],[21.4702,65.3237],[21.4646,65.3208],[21.4633,65.3194],[21.4643,65.3183],[21.4467,65.3169],[21.4469,65.3115],[21.4618,65.3075],[21.4504,65.3031],[21.4276,65.3074],[21.429,65.3123],[21.4263,65.3147],[21.4266,65.317],[21.4285,65.3171],[21.4276,65.3225],[21.4183,65.3272],[21.4256,65.3309]]]},"properties":{"Valdistrik":"25810016","Valdistr_1":"Backen Annelund","Valdistr_2":"Backen Annelund  (Piteå)","KommunNamn":"Piteå","And_rösta":85.526315789473685,"A_29_år":209,"A_65__år":412,"A_TOTålde":1432,"UTB_Lång_":272,"UTB_TOTutb":1427}},{"type":"Feature","geometry":{"type":"Polygon","coordinates":[[[21.4909,65.3152],[21.5108,65.3266],[21.5205,65.3281],[21.5317,65.3325],[21.5473,65.327],[21.5258,65.3186],[21.5288,65.3164],[21.5143,65.3085],[21.509,65.3107],[21.5037,65.3071],[21.4993,65.3077],[21.4966,65.3103],[21.4906,65.3123],[21.4909,65.3152]]]},"properties":{"Valdistrik":"25810021","Valdistr_1":"Strömnäs","Valdistr_2":"Strömnäs  (Piteå)","KommunNamn":"Piteå","And_rösta":86.3013698630137,"A_29_år":216,"A_65__år":259,"A_TOTålde":1231,"UTB_Lång_":341,"UTB_TOTutb":1223}},{"type":"Feature","geometry":{"type":"Polygon","coordinates":[[[21.3299,65.3362],[21.3305,65.341],[21.3715,65.3353],[21.3905,65.3281],[21.4082,65.3139],[21.3961,65.3129],[21.3963,65.3114],[21.3927,65.3087],[21.3967,65.3049],[21.3853,65.304],[21.3842,65.2992],[21.398,65.2928],[21.3882,65.2895],[21.3788,65.2943],[21.3753,65.2936],[21.3799,65.291],[21.3798,65.2892],[21.3852,65.288],[21.3759,65.284],[21.3603,65.2853],[21.3588,65.2839],[21.3597,65.2779],[21.3385,65.2556],[21.3327,65.2552],[21.3301,65.2696],[21.3199,65.273],[21.3182,65.275],[21.3086,65.2767],[21.3034,65.2793],[21.3018,65.2845],[21.3112,65.286],[21.3171,65.3017],[21.3436,65.3243],[21.3295,65.3325],[21.3299,65.3362]]]},"properties":{"Valdistrik":"25810008","Valdistr_1":"Bergsviken Västra","Valdistr_2":"Bergsviken Västra  (Piteå)","KommunNamn":"Piteå","And_rösta":91.651205936920221,"A_29_år":145,"A_65__år":264,"A_TOTålde":1070,"UTB_Lång_":215,"UTB_TOTutb":1070}},{"type":"Feature","geometry":{"type":"Polygon","coordinates":[[[21.3878,65.3291],[21.3976,65.3335],[21.4049,65.3349],[21.4041,65.3358],[21.4084,65.3381],[21.4256,65.3309],[21.4183,65.3272],[21.4276,65.3225],[21.4285,65.3171],[21.4266,65.317],[21.4263,65.3147],[21.429,65.3123],[21.4276,65.3074],[21.4168,65.3094],[21.4054,65.3153],[21.3995,65.3213],[21.3878,65.3291]]]},"properties":{"Valdistrik":"25810013","Valdistr_1":"Öjebyn Södra","Valdistr_2":"Öjebyn Södra  (Piteå)","KommunNamn":"Piteå","And_rösta":83.719298245614041,"A_29_år":194,"A_65__år":390,"A_TOTålde":1417,"UTB_Lång_":191,"UTB_TOTutb":1396}},{"type":"Feature","geometry":{"type":"Polygon","coordinates":[[[21.5317,65.3325],[21.5376,65.336],[21.5377,65.3413],[21.542,65.3446],[21.5415,65.3513],[21.5619,65.3506],[21.6287,65.3385],[21.667,65.3351],[21.6748,65.3323],[21.7131,65.3264],[21.737,65.3489],[21.7667,65.3465],[21.8229,65.3359],[21.8503,65.3421],[21.8607,65.3381],[21.8406,65.3214],[21.8515,65.3078],[21.8004,65.31],[21.7592,65.3033],[21.8118,65.287],[21.873,65.275],[21.9027,65.2572],[21.9058,65.2287],[21.9175,65.2046],[21.9689,65.1951],[21.9633,65.1814],[21.909,65.15],[21.8665,65.1677],[21.7891,65.1885],[21.7561,65.2172],[21.682,65.2321],[21.6667,65.2409],[21.643,65.2381],[21.639,65.2396],[21.6614,65.2478],[21.6558,65.2495],[21.6345,65.2484],[21.6188,65.2546],[21.6394,65.2595],[21.6396,65.2707],[21.6369,65.2718],[21.6007,65.2704],[21.5903,65.2765],[21.562,65.2788],[21.5475,65.2848],[21.544,65.2803],[21.5389,65.2828],[21.5331,65.2833],[21.5405,65.2878],[21.5322,65.2887],[21.5204,65.2933],[21.5227,65.2979],[21.5208,65.2994],[21.5222,65.3009],[21.5029,65.3073],[21.509,65.3107],[21.5143,65.3085],[21.5288,65.3164],[21.5258,65.3186],[21.5473,65.327],[21.5317,65.3325]]]},"properties":{"Valdistrik":"25810022","Valdistr_1":"Pitholm","Valdistr_2":"Pitholm  (Piteå)","KommunNamn":"Piteå","And_rösta":88.9792899408284,"A_29_år":187,"A_65__år":333,"A_TOTålde":1341,"UTB_Lång_":331,"UTB_TOTutb":1334}},{"type":"Feature","geometry":{"type":"Polygon","coordinates":[[[21.3187,65.4638],[21.3401,65.4709],[21.3527,65.4528],[21.3485,65.4411],[21.3837,65.4139],[21.4093,65.398],[21.3973,65.401],[21.4089,65.3962],[21.4021,65.3946],[21.414,65.3949],[21.4165,65.3937],[21.4171,65.3912],[21.4402,65.383],[21.4537,65.3851],[21.4629,65.3836],[21.4808,65.3725],[21.4818,65.3699],[21.4882,65.366],[21.493,65.368],[21.5064,65.3662],[21.5223,65.3572],[21.4894,65.357],[21.4752,65.3533],[21.477,65.3496],[21.4733,65.3465],[21.4662,65.3471],[21.4383,65.3359],[21.4354,65.3326],[21.4313,65.3332],[21.4256,65.3309],[21.4084,65.3381],[21.4072,65.3405],[21.3974,65.3392],[21.3839,65.3512],[21.3649,65.357],[21.3567,65.3645],[21.3499,65.3662],[21.3531,65.3706],[21.3431,65.3731],[21.3421,65.3763],[21.3501,65.378],[21.3605,65.3832],[21.3409,65.3863],[21.3346,65.3893],[21.3424,65.3929],[21.3355,65.3949],[21.3346,65.3972],[21.3416,65.3963],[21.3477,65.3984],[21.3475,65.4036],[21.3392,65.4024],[21.3318,65.4036],[21.3279,65.4086],[21.3314,65.4114],[21.3307,65.4127],[21.3346,65.4222],[21.3444,65.425],[21.352,65.4303],[21.3134,65.4349],[21.3081,65.4388],[21.3098,65.447],[21.3155,65.4475],[21.3311,65.4557],[21.3187,65.4638]]]},"properties":{"Valdistrik":"25810012","Valdistr_1":"Öjebyn Norra","Valdistr_2":"Öjebyn Norra  (Piteå)","KommunNamn":"Piteå","And_rösta":81.947261663286014,"A_29_år":207,"A_65__år":445,"A_TOTålde":1472,"UTB_Lång_":190,"UTB_TOTutb":1459}},{"type":"Feature","geometry":{"type":"Polygon","coordinates":[[[21.0613,65.4704],[21.0734,65.4784],[21.0896,65.4801],[21.1015,65.4792],[21.1046,65.4813],[21.1246,65.4832],[21.1295,65.4868],[21.1399,65.4865],[21.1509,65.4888],[21.1658,65.4882],[21.175,65.4843],[21.1732,65.4773],[21.2002,65.4791],[21.2093,65.4737],[21.2126,65.4701],[21.19,65.4611],[21.2151,65.4614],[21.2172,65.459],[21.2173,65.4554],[21.2259,65.4534],[21.2207,65.4465],[21.2327,65.4451],[21.2357,65.4439],[21.2359,65.442],[21.245,65.4393],[21.2544,65.4405],[21.2544,65.4425],[21.3187,65.4638],[21.3311,65.4557],[21.3155,65.4475],[21.3098,65.447],[21.3081,65.4388],[21.3134,65.4349],[21.352,65.4303],[21.3444,65.425],[21.3346,65.4222],[21.3307,65.4127],[21.3314,65.4114],[21.3279,65.4086],[21.3318,65.4036],[21.3392,65.4024],[21.3475,65.4036],[21.3477,65.3984],[21.3416,65.3963],[21.3346,65.3972],[21.3355,65.3949],[21.3424,65.3929],[21.3346,65.3893],[21.3409,65.3863],[21.3605,65.3832],[21.3501,65.378],[21.3421,65.3763],[21.3431,65.3731],[21.3535,65.3702],[21.3483,65.3645],[21.343,65.3633],[21.3479,65.3579],[21.3187,65.358],[21.3251,65.3501],[21.3373,65.34],[21.3305,65.341],[21.3299,65.3362],[21.309,65.3346],[21.2933,65.3313],[21.2834,65.3316],[21.2787,65.3341],[21.2609,65.3373],[21.2441,65.336],[21.232,65.3411],[21.2259,65.3457],[21.2105,65.3485],[21.2083,65.3538],[21.1852,65.3576],[21.2065,65.3668],[21.2087,65.3711],[21.2042,65.372],[21.1884,65.366],[21.1848,65.3668],[21.186,65.3697],[21.1975,65.3743],[21.1934,65.3767],[21.1774,65.3792],[21.1718,65.3836],[21.1688,65.3896],[21.1534,65.3921],[21.1452,65.3962],[21.1433,65.4],[21.1444,65.4012],[21.1284,65.4088],[21.1222,65.4142],[21.1214,65.4167],[21.0998,65.4219],[21.091,65.4287],[21.0906,65.4306],[21.082,65.4339],[21.0624,65.4353],[21.0607,65.4372],[21.0509,65.4406],[21.0495,65.4526],[21.0693,65.4514],[21.0845,65.4566],[21.0888,65.4663],[21.0613,65.4704]]]},"properties":{"Valdistrik":"25810003","Valdistr_1":"Sjulnäs Böle","Valdistr_2":"Sjulnäs Böle  (Piteå)","KommunNamn":"Piteå","And_rösta":88.423457730388421,"A_29_år":169,"A_65__år":336,"A_TOTålde":1303,"UTB_Lång_":220,"UTB_TOTutb":1301}},{"type":"Feature","geometry":{"type":"Polygon","coordinates":[[[21.3522,65.4534],[21.3758,65.4405],[21.4198,65.4657],[21.4312,65.4707],[21.4353,65.4741],[21.4329,65.4773],[21.4472,65.4844],[21.45,65.4834],[21.4507,65.4775],[21.454,65.4719],[21.469,65.466],[21.4702,65.4609],[21.4612,65.4568],[21.4611,65.4525],[21.4825,65.4447],[21.4898,65.4404],[21.4875,65.4386],[21.475,65.4372],[21.4888,65.4316],[21.4985,65.4216],[21.5003,65.4173],[21.5086,65.41],[21.4818,65.4038],[21.4595,65.3966],[21.4377,65.384],[21.4171,65.3912],[21.4165,65.3937],[21.414,65.3949],[21.4021,65.3946],[21.4089,65.3962],[21.3973,65.401],[21.4093,65.398],[21.3837,65.4139],[21.3485,65.4411],[21.3522,65.4534]]]},"properties":{"Valdistrik":"25810006","Valdistr_1":"Porsnäs Västra","Valdistr_2":"Porsnäs Västra  (Piteå)","KommunNamn":"Piteå","And_rösta":89.761092150170654,"A_29_år":154,"A_65__år":239,"A_TOTålde":876,"UTB_Lång_":152,"UTB_TOTutb":870}},{"type":"Feature","geometry":{"type":"Polygon","coordinates":[[[21.5663,65.4777],[21.5835,65.4646],[21.587,65.4586],[21.6114,65.4312],[21.6202,65.4238],[21.632,65.4219],[21.6345,65.4195],[21.6443,65.4184],[21.6426,65.4121],[21.6591,65.4106],[21.6568,65.4082],[21.657,65.406],[21.6524,65.4018],[21.6449,65.4016],[21.6411,65.3943],[21.6448,65.3893],[21.6426,65.3824],[21.6528,65.3744],[21.6733,65.374],[21.684,65.3705],[21.7349,65.3694],[21.739,65.3663],[21.7376,65.3587],[21.7319,65.3495],[21.7356,65.3476],[21.7131,65.3264],[21.6748,65.3323],[21.667,65.3351],[21.6287,65.3385],[21.5619,65.3506],[21.5415,65.3513],[21.5223,65.3572],[21.5064,65.3662],[21.493,65.368],[21.4882,65.366],[21.4818,65.3699],[21.4808,65.3725],[21.4629,65.3836],[21.4537,65.3851],[21.4402,65.383],[21.4377,65.384],[21.4595,65.3966],[21.4818,65.4038],[21.5086,65.41],[21.5003,65.4173],[21.4985,65.4216],[21.4888,65.4316],[21.475,65.4372],[21.4875,65.4386],[21.4898,65.4404],[21.4825,65.4447],[21.4611,65.4525],[21.4612,65.4568],[21.4702,65.4609],[21.469,65.466],[21.454,65.4719],[21.4507,65.4775],[21.45,65.4834],[21.4444,65.487],[21.4449,65.4901],[21.4602,65.4989],[21.5663,65.4777]]]},"properties":{"Valdistrik":"25810005","Valdistr_1":"Porsnäs Östra","Valdistr_2":"Porsnäs Östra  (Piteå)","KommunNamn":"Piteå","And_rösta":84.353741496598644,"A_29_år":107,"A_65__år":335,"A_TOTålde":1014,"UTB_Lång_":222,"UTB_TOTutb":1013}},{"type":"Feature","geometry":{"type":"Polygon","coordinates":[[[21.5663,65.4777],[21.5681,65.4787],[21.5711,65.4873],[21.5984,65.4881],[21.5993,65.4901],[21.5956,65.4953],[21.6154,65.5009],[21.6183,65.5032],[21.6339,65.5045],[21.6492,65.4994],[21.6637,65.502],[21.671,65.5083],[21.6971,65.4967],[21.7067,65.4972],[21.708,65.4962],[21.7061,65.4952],[21.7006,65.4951],[21.7345,65.4798],[21.8261,65.4547],[21.9151,65.3981],[21.9375,65.3623],[22.019,65.3167],[21.9689,65.1951],[21.9175,65.2046],[21.9058,65.2287],[21.9027,65.2572],[21.873,65.275],[21.8118,65.287],[21.7592,65.3033],[21.8004,65.31],[21.8515,65.3078],[21.8406,65.3214],[21.8607,65.3381],[21.8503,65.3421],[21.8229,65.3359],[21.7667,65.3465],[21.737,65.3489],[21.7356,65.3476],[21.7319,65.3495],[21.7376,65.3587],[21.739,65.3663],[21.7349,65.3694],[21.684,65.3705],[21.6733,65.374],[21.6528,65.3744],[21.6426,65.3824],[21.6448,65.3893],[21.6411,65.3943],[21.6449,65.4016],[21.6524,65.4018],[21.657,65.406],[21.6568,65.4082],[21.6591,65.4106],[21.6426,65.4121],[21.6443,65.4184],[21.6345,65.4195],[21.632,65.4219],[21.6202,65.4238],[21.6114,65.4312],[21.587,65.4586],[21.5835,65.4646],[21.5663,65.4777]]]},"properties":{"Valdistrik":"25810007","Valdistr_1":"Rosvik","Valdistr_2":"Rosvik  (Piteå)","KommunNamn":"Piteå","And_rösta":88.881909547738687,"A_29_år":170,"A_65__år":536,"A_TOTålde":1574,"UTB_Lång_":258,"UTB_TOTutb":1569}},{"type":"Feature","geometry":{"type":"Polygon","coordinates":[[[21.0105,65.5153],[21.0604,65.5241],[21.0552,65.5291],[21.0863,65.5427],[21.0969,65.5519],[21.1206,65.537],[21.1228,65.5491],[21.1317,65.5529],[21.1616,65.5621],[21.1698,65.5586],[21.1815,65.5564],[21.1877,65.5592],[21.175,65.5671],[21.187,65.5701],[21.1442,65.6003],[21.3583,65.6584],[21.38,65.6457],[21.3864,65.6178],[21.396,65.6195],[21.4899,65.5913],[21.671,65.5083],[21.6637,65.502],[21.6492,65.4994],[21.6339,65.5045],[21.6183,65.5032],[21.6154,65.5009],[21.5956,65.4953],[21.5993,65.4901],[21.5984,65.4881],[21.5711,65.4873],[21.5681,65.4787],[21.5663,65.4777],[21.4602,65.4989],[21.4449,65.4901],[21.444,65.488],[21.4472,65.4844],[21.4329,65.4773],[21.4353,65.4741],[21.4312,65.4707],[21.4198,65.4657],[21.3758,65.4405],[21.3522,65.4534],[21.3401,65.4709],[21.2544,65.4425],[21.2544,65.4405],[21.245,65.4393],[21.2359,65.442],[21.2357,65.4439],[21.2327,65.4451],[21.2207,65.4465],[21.2259,65.4534],[21.2173,65.4554],[21.2172,65.459],[21.2151,65.4614],[21.19,65.4611],[21.2126,65.4701],[21.2093,65.4737],[21.2002,65.4791],[21.1732,65.4773],[21.175,65.4843],[21.1658,65.4882],[21.1509,65.4888],[21.1399,65.4865],[21.1295,65.4868],[21.1246,65.4832],[21.1046,65.4813],[21.1015,65.4792],[21.0896,65.4801],[21.0734,65.4784],[21.0613,65.4704],[21.0439,65.4667],[21.0164,65.4696],[21.0112,65.4723],[21,65.4865],[21.0039,65.489],[21.0105,65.5153]]]},"properties":{"Valdistrik":"25810002","Valdistr_1":"Sjulsmark Alterdalen Sikfors","Valdistr_2":"Sjulsmark Alterdalen Sikfors  (Piteå)","KommunNamn":"Piteå","And_rösta":85.058309037900869,"A_29_år":170,"A_65__år":413,"A_TOTålde":1361,"UTB_Lång_":204,"UTB_TOTutb":1357}},{"type":"Feature","geometry":{"type":"Polygon","coordinates":[[[21.2827,65.1547],[21.3351,65.1637],[21.3621,65.1594],[21.3953,65.1721],[21.4003,65.1816],[21.3989,65.1842],[21.4021,65.189],[21.4173,65.1916],[21.4325,65.2],[21.437,65.2006],[21.4565,65.1969],[21.4766,65.2095],[21.4743,65.2132],[21.4769,65.2166],[21.4875,65.2223],[21.494,65.2283],[21.4927,65.2313],[21.4982,65.2364],[21.4982,65.2393],[21.5037,65.2431],[21.5037,65.2483],[21.5108,65.2524],[21.5137,65.2441],[21.5129,65.2388],[21.5095,65.2359],[21.5199,65.23],[21.5381,65.2245],[21.5625,65.2212],[21.5999,65.2279],[21.6359,65.2015],[21.6832,65.1926],[21.7022,65.1853],[21.7891,65.1885],[21.8665,65.1677],[21.909,65.15],[21.894,65.1254],[21.8045,65.1256],[21.756,65.1052],[21.572,65.0533],[21.488,65.0856],[21.3188,65.1359],[21.2827,65.1547]]]},"properties":{"Valdistrik":"25810027","Valdistr_1":"Jävre","Valdistr_2":"Jävre  (Piteå)","KommunNamn":"Piteå","And_rösta":91.449814126394045,"A_29_år":95,"A_65__år":270,"A_TOTålde":802,"UTB_Lång_":144,"UTB_TOTutb":801}},{"type":"Feature","geometry":{"type":"Polygon","coordinates":[[[21.4769,65.3196],[21.4852,65.3226],[21.4851,65.3215],[21.4889,65.3206],[21.4989,65.3206],[21.4909,65.3152],[21.4769,65.3196]]]},"properties":{"Valdistrik":"25810019","Valdistr_1":"Norrmalm","Valdistr_2":"Norrmalm  (Piteå)","KommunNamn":"Piteå","And_rösta":83.512064343163544,"A_29_år":192,"A_65__år":248,"A_TOTålde":738,"UTB_Lång_":123,"UTB_TOTutb":734}},{"type":"Feature","geometry":{"type":"Polygon","coordinates":[[[20.8872,65.2016],[20.9051,65.2147],[20.9266,65.2099],[20.9477,65.2218],[20.9555,65.2188],[20.9661,65.2169],[20.9684,65.2183],[20.9868,65.2145],[21.1132,65.2174],[21.1655,65.2524],[21.2455,65.2756],[21.2566,65.2774],[21.2602,65.2757],[21.2587,65.2777],[21.2901,65.2837],[21.2899,65.2827],[21.3018,65.2845],[21.3034,65.2793],[21.3086,65.2767],[21.3182,65.275],[21.3199,65.273],[21.3301,65.2696],[21.3327,65.2552],[21.3282,65.2513],[21.3294,65.2457],[21.345,65.2338],[21.3622,65.2297],[21.3728,65.2247],[21.3736,65.223],[21.3683,65.2181],[21.3698,65.207],[21.4021,65.189],[21.3989,65.1842],[21.4003,65.1816],[21.3953,65.1721],[21.3621,65.1594],[21.3351,65.1637],[21.2827,65.1547],[21.2659,65.1635],[21.2301,65.1688],[20.8872,65.2016]]]},"properties":{"Valdistrik":"25810026","Valdistr_1":"Blåsmark Hemmingsmark","Valdistr_2":"Blåsmark Hemmingsmark  (Piteå)","KommunNamn":"Piteå","And_rösta":91.334250343878949,"A_29_år":88,"A_65__år":206,"A_TOTålde":723,"UTB_Lång_":103,"UTB_TOTutb":722}},{"type":"Feature","geometry":{"type":"Polygon","coordinates":[[[21.3499,65.3662],[21.3567,65.3645],[21.3649,65.357],[21.3839,65.3512],[21.3974,65.3392],[21.4072,65.3405],[21.4084,65.3381],[21.4041,65.3358],[21.4049,65.3349],[21.3976,65.3335],[21.3878,65.3291],[21.3715,65.3353],[21.3373,65.34],[21.3251,65.3501],[21.3187,65.358],[21.3474,65.3577],[21.343,65.3633],[21.3499,65.3662]]]},"properties":{"Valdistrik":"25810011","Valdistr_1":"Öjebyn Centrala","Valdistr_2":"Öjebyn Centrala  (Piteå)","KommunNamn":"Piteå","And_rösta":80.372807017543863,"A_29_år":163,"A_65__år":235,"A_TOTålde":901,"UTB_Lång_":116,"UTB_TOTutb":888}},{"type":"Feature","geometry":{"type":"Polygon","coordinates":[[[20.2059,65.594],[20.2489,65.596],[20.2512,65.5989],[20.2572,65.5974],[20.2881,65.6034],[20.2884,65.6053],[20.3157,65.609],[20.322,65.6039],[20.3516,65.5993],[20.3511,65.5963],[20.3787,65.5966],[20.3803,65.5949],[20.3932,65.5923],[20.4043,65.597],[20.4587,65.6117],[20.4899,65.6],[20.525,65.6279],[20.6081,65.5994],[20.6193,65.5907],[20.6371,65.5843],[20.6582,65.5822],[20.6593,65.5832],[20.7038,65.5762],[20.6926,65.5702],[20.7399,65.554],[20.7577,65.5598],[20.7648,65.5532],[20.8832,65.5354],[20.8786,65.5331],[20.9108,65.5211],[20.9369,65.5145],[20.9322,65.5121],[20.9446,65.5111],[20.9427,65.5094],[20.9584,65.5228],[20.9625,65.5226],[20.9589,65.5233],[20.9675,65.5307],[20.9695,65.5305],[20.9677,65.5308],[20.9687,65.5317],[20.9785,65.5237],[20.9856,65.5235],[20.9856,65.5178],[20.9955,65.5099],[21.0105,65.5153],[21.0039,65.489],[21,65.4865],[21.0112,65.4723],[21.0164,65.4696],[21.0439,65.4667],[21.0596,65.4704],[21.0888,65.4663],[21.0845,65.4566],[21.0693,65.4514],[21.0495,65.4526],[21.0509,65.4406],[21.0607,65.4372],[21.0624,65.4353],[21.082,65.4339],[21.0906,65.4306],[21.091,65.4287],[21.0998,65.4219],[21.1214,65.4167],[21.1222,65.4142],[21.1284,65.4088],[21.1444,65.4012],[21.1433,65.4],[21.1452,65.3962],[21.1534,65.3921],[21.1688,65.3896],[21.1718,65.3836],[21.1774,65.3792],[21.1934,65.3767],[21.1975,65.3743],[21.186,65.3697],[21.1848,65.3668],[21.1884,65.366],[21.2042,65.372],[21.2087,65.3711],[21.2065,65.3668],[21.1852,65.3576],[21.2083,65.3538],[21.2105,65.3485],[21.2259,65.3457],[21.232,65.3411],[21.2441,65.336],[21.2382,65.3337],[21.226,65.3321],[21.222,65.3344],[21.2097,65.335],[21.1993,65.333],[21.1922,65.3292],[21.1562,65.3252],[21.1423,65.3177],[21.1259,65.3147],[21.1097,65.3287],[21.0611,65.3295],[21.0675,65.3148],[21.0654,65.3018],[21.0721,65.3018],[21.0814,65.2789],[21.078,65.2776],[21.083,65.2727],[21.0823,65.2532],[21,65.2148],[20.9868,65.2145],[20.9684,65.2183],[20.9661,65.2169],[20.9477,65.2218],[20.9266,65.2099],[20.9051,65.2147],[20.8872,65.2016],[20.8055,65.2093],[20.5991,65.248],[20.11,65.3457],[19.8948,65.381],[19.6288,65.4516],[19.6866,65.5145],[19.6897,65.5144],[19.6913,65.5168],[19.6893,65.5172],[19.6976,65.5263],[19.7574,65.5359],[20.0256,65.5033],[20.2172,65.5651],[20.2059,65.594]],[[20.0262,65.3619],[20.0275,65.3614],[20.0366,65.3677],[19.9996,65.3727],[19.9868,65.3771],[19.9972,65.3701],[20.01,65.3683],[20.0262,65.3619]]]},"properties":{"Valdistrik":"25810001","Valdistr_1":"Roknäs Lillpite Markbygden","Valdistr_2":"Roknäs Lillpite Markbygden  (Piteå)","KommunNamn":"Piteå","And_rösta":82.7683615819209,"A_29_år":173,"A_65__år":480,"A_TOTålde":1410,"UTB_Lång_":170,"UTB_TOTutb":1406}},{"type":"Feature","geometry":{"type":"Polygon","coordinates":[[[23.2382,65.9063],[23.2619,65.906],[23.2598,65.8977],[23.2692,65.894],[23.2738,65.8865],[23.2793,65.8837],[23.2832,65.8836],[23.2859,65.8808],[23.2956,65.8818],[23.3041,65.8759],[23.3126,65.8741],[23.3122,65.87],[23.308,65.865],[23.3087,65.8635],[23.2937,65.8561],[23.2939,65.8537],[23.2985,65.8505],[23.3166,65.8577],[23.3184,65.8565],[23.3078,65.8447],[23.3222,65.8404],[23.3323,65.84],[23.3438,65.8461],[23.3562,65.8485],[23.3656,65.8464],[23.3809,65.838],[23.3897,65.8401],[23.4026,65.8355],[23.406,65.8329],[23.3784,65.824],[23.371,65.811],[23.3798,65.8048],[23.3795,65.8003],[23.3917,65.7936],[23.3919,65.7899],[23.3835,65.7837],[23.3403,65.778],[23.3307,65.7858],[23.2877,65.7863],[23.2686,65.7823],[23.2635,65.785],[23.2792,65.791],[23.2754,65.7931],[23.2431,65.7936],[23.2275,65.7962],[23.2181,65.8039],[23.2181,65.8104],[23.2138,65.8159],[23.2035,65.8206],[23.1999,65.825],[23.1913,65.8279],[23.1856,65.8318],[23.1859,65.8331],[23.1895,65.8336],[23.1985,65.8389],[23.2076,65.8418],[23.2025,65.8487],[23.2117,65.854],[23.188,65.8566],[23.1749,65.8552],[23.1696,65.8575],[23.1702,65.8592],[23.1548,65.8617],[23.1536,65.8656],[23.1821,65.8754],[23.1858,65.8797],[23.1924,65.8816],[23.2013,65.8873],[23.1974,65.889],[23.21,65.8953],[23.2163,65.8973],[23.2222,65.8967],[23.227,65.8987],[23.2382,65.9063]]]},"properties":{"Valdistrik":"25140108","Valdistr_1":"Risön","Valdistr_2":"Risön  (Kalix)","KommunNamn":"Kalix","And_rösta":83.606557377049185,"A_29_år":122,"A_65__år":361,"A_TOTålde":1029,"UTB_Lång_":113,"UTB_TOTutb":1028}},{"type":"Feature","geometry":{"type":"Polygon","coordinates":[[[22.8363,65.9212],[22.8661,65.905],[22.8726,65.9056],[22.8824,65.9016],[22.889,65.8951],[22.9037,65.8856],[22.9292,65.8898],[22.931,65.8888],[22.9306,65.8866],[22.9374,65.8853],[22.9445,65.8872],[22.9502,65.8823],[22.9648,65.8844],[22.9703,65.8809],[22.9736,65.8836],[22.9814,65.8835],[22.9876,65.8809],[22.9981,65.8818],[23.0131,65.8796],[23.0399,65.873],[23.0604,65.8779],[23.0694,65.8751],[23.0785,65.875],[23.0998,65.8672],[23.1082,65.8661],[23.1221,65.8541],[23.1546,65.8472],[23.1705,65.8367],[23.1859,65.8331],[23.1856,65.8318],[23.1913,65.8279],[23.1999,65.825],[23.2035,65.8206],[23.213,65.816],[23.19,65.8119],[23.1763,65.8151],[23.1775,65.8196],[23.1522,65.8251],[23.1324,65.813],[23.1142,65.82],[23.1077,65.8133],[23.0938,65.8181],[23.0798,65.818],[23.0774,65.8173],[23.0795,65.8048],[23.0728,65.8017],[23.0491,65.8094],[23.0422,65.8096],[23.0332,65.8068],[23.016,65.8089],[23.0095,65.8138],[22.9952,65.8157],[22.9857,65.815],[22.9807,65.804],[22.9407,65.7983],[22.9377,65.7949],[22.9383,65.7919],[22.9412,65.7899],[22.9317,65.7805],[22.925,65.7796],[22.8912,65.7654],[22.8687,65.7722],[22.843,65.7837],[22.8145,65.789],[22.8014,65.806],[22.8117,65.8352],[22.8332,65.8575],[22.8416,65.8573],[22.8386,65.8612],[22.8377,65.8683],[22.8296,65.8743],[22.8434,65.8783],[22.8398,65.882],[22.8183,65.8893],[22.8191,65.8905],[22.8236,65.8901],[22.8193,65.8935],[22.8282,65.8914],[22.815,65.8968],[22.8191,65.927],[22.8226,65.9285],[22.8363,65.9212]]]},"properties":{"Valdistrik":"25140105","Valdistr_1":"Innanbäcken","Valdistr_2":"Innanbäcken  (Kalix)","KommunNamn":"Kalix","And_rösta":86.246418338108882,"A_29_år":180,"A_65__år":422,"A_TOTålde":1383,"UTB_Lång_":261,"UTB_TOTutb":1382}},{"type":"Feature","geometry":{"type":"Polygon","coordinates":[[[23.1112,65.8632],[23.1183,65.8652],[23.1194,65.8675],[23.1264,65.8675],[23.1525,65.8605],[23.1401,65.8565],[23.1385,65.8551],[23.1392,65.8523],[23.1304,65.8513],[23.1221,65.8541],[23.1112,65.8632]]]},"properties":{"Valdistrik":"25140106","Valdistr_1":"Kalix V","Valdistr_2":"Kalix V  (Kalix)","KommunNamn":"Kalix","And_rösta":82.510578279266582,"A_29_år":215,"A_65__år":527,"A_TOTålde":1411,"UTB_Lång_":206,"UTB_TOTutb":1400}},{"type":"Feature","geometry":{"type":"Polygon","coordinates":[[[23.1546,65.8472],[23.1627,65.8508],[23.1676,65.8565],[23.1662,65.857],[23.1696,65.8575],[23.1749,65.8552],[23.188,65.8566],[23.2117,65.854],[23.2025,65.8487],[23.2076,65.8418],[23.1859,65.8331],[23.1705,65.8367],[23.1546,65.8472]]]},"properties":{"Valdistrik":"25140107","Valdistr_1":"Näsbyn","Valdistr_2":"Näsbyn  (Kalix)","KommunNamn":"Kalix","And_rösta":79.101429543907415,"A_29_år":188,"A_65__år":478,"A_TOTålde":1440,"UTB_Lång_":229,"UTB_TOTutb":1433}},{"type":"Feature","geometry":{"type":"Polygon","coordinates":[[[23.4158,66.002],[23.4729,65.9559],[23.5883,65.8758],[23.5846,65.8735],[23.591,65.874],[23.5993,65.8681],[23.5701,65.7833],[23.5833,65.7821],[23.6086,65.7723],[23.6174,65.734],[23.622,65.6908],[23.609,65.6465],[23.4506,65.6674],[23.4206,65.6641],[23.3765,65.6821],[23.3733,65.694],[23.3493,65.712],[23.3533,65.7282],[23.3498,65.7297],[23.3406,65.7404],[23.3819,65.7532],[23.3823,65.7559],[23.3262,65.7591],[23.3403,65.778],[23.3835,65.7837],[23.3919,65.7899],[23.3917,65.7936],[23.3795,65.8003],[23.3798,65.8048],[23.371,65.811],[23.3784,65.824],[23.406,65.8329],[23.4026,65.8355],[23.3897,65.8401],[23.3809,65.838],[23.3656,65.8464],[23.3562,65.8485],[23.3438,65.8461],[23.3323,65.84],[23.3222,65.8404],[23.3078,65.8447],[23.3153,65.8518],[23.3184,65.8565],[23.3166,65.8577],[23.2985,65.8505],[23.2939,65.8537],[23.2937,65.8561],[23.3087,65.8635],[23.308,65.865],[23.3122,65.87],[23.3126,65.8741],[23.3041,65.8759],[23.2956,65.8818],[23.2859,65.8808],[23.2832,65.8836],[23.2793,65.8837],[23.2738,65.8865],[23.2692,65.894],[23.2598,65.8977],[23.2619,65.906],[23.2556,65.9141],[23.2633,65.9214],[23.2663,65.93],[23.2721,65.9311],[23.2724,65.9348],[23.2865,65.9408],[23.2877,65.9439],[23.2728,65.953],[23.2777,65.9581],[23.2302,65.9544],[23.23,65.9593],[23.2751,65.9836],[23.2929,65.9791],[23.3206,65.9641],[23.3646,65.9636],[23.3769,65.9672],[23.3662,65.9855],[23.3912,65.9992],[23.4158,66.002]]]},"properties":{"Valdistrik":"25140115","Valdistr_1":"Sangis","Valdistr_2":"Sangis  (Kalix)","KommunNamn":"Kalix","And_rösta":84.216101694915253,"A_29_år":91,"A_65__år":366,"A_TOTålde":932,"UTB_Lång_":133,"UTB_TOTutb":928}},{"type":"Feature","geometry":{"type":"Polygon","coordinates":[[[23.213,65.816],[23.2181,65.8104],[23.2181,65.8039],[23.2275,65.7962],[23.2431,65.7936],[23.2754,65.7931],[23.2781,65.7917],[23.2792,65.791],[23.2635,65.785],[23.2686,65.7823],[23.2877,65.7863],[23.3307,65.7858],[23.3403,65.778],[23.3288,65.7639],[23.3262,65.7584],[23.3823,65.7559],[23.3819,65.7532],[23.3406,65.7404],[23.3498,65.7297],[23.3533,65.7282],[23.3493,65.712],[23.3733,65.694],[23.3765,65.6821],[23.4206,65.6641],[23.0887,65.627],[23.0728,65.6352],[23.0475,65.6691],[23.0312,65.6771],[23.0262,65.7293],[22.9655,65.7505],[22.8921,65.7653],[22.925,65.7796],[22.9317,65.7805],[22.9412,65.7899],[22.9383,65.7919],[22.9377,65.7949],[22.9407,65.7983],[22.9807,65.804],[22.9857,65.815],[22.9952,65.8157],[23.0095,65.8138],[23.016,65.8089],[23.0332,65.8068],[23.0422,65.8096],[23.0491,65.8094],[23.0728,65.8017],[23.0795,65.8048],[23.0774,65.8173],[23.0798,65.818],[23.0938,65.8181],[23.1077,65.8133],[23.1142,65.82],[23.1324,65.813],[23.1522,65.8251],[23.1775,65.8196],[23.1763,65.8151],[23.19,65.8119],[23.213,65.816]]]},"properties":{"Valdistrik":"25140118","Valdistr_1":"Ytterbyn","Valdistr_2":"Ytterbyn  (Kalix)","KommunNamn":"Kalix","And_rösta":86.851211072664356,"A_29_år":132,"A_65__år":414,"A_TOTålde":1142,"UTB_Lång_":166,"UTB_TOTutb":1138}},{"type":"Feature","geometry":{"type":"Polygon","coordinates":[[[23.1525,65.8605],[23.1649,65.8587],[23.1676,65.8565],[23.1593,65.8486],[23.1546,65.8472],[23.1353,65.8512],[23.1392,65.8523],[23.1385,65.8551],[23.1401,65.8565],[23.1525,65.8605]]]},"properties":{"Valdistrik":"25140123","Valdistr_1":"Kalix C","Valdistr_2":"Kalix C  (Kalix)","KommunNamn":"Kalix","And_rösta":77.065351418002464,"A_29_år":242,"A_65__år":753,"A_TOTålde":1599,"UTB_Lång_":184,"UTB_TOTutb":1592}},{"type":"Feature","geometry":{"type":"Polygon","coordinates":[[[23.2382,65.9063],[23.227,65.8987],[23.2222,65.8967],[23.2163,65.8973],[23.21,65.8953],[23.1974,65.889],[23.2013,65.8873],[23.1924,65.8816],[23.1858,65.8797],[23.1821,65.8754],[23.1536,65.8656],[23.1548,65.8617],[23.1702,65.8592],[23.1696,65.8575],[23.1662,65.857],[23.1649,65.8587],[23.1473,65.8616],[23.1281,65.8674],[23.1194,65.8675],[23.1037,65.8759],[23.1115,65.8793],[23.116,65.8834],[23.1361,65.8852],[23.1499,65.8925],[23.1536,65.8924],[23.1646,65.8969],[23.1684,65.8993],[23.1573,65.9025],[23.164,65.9052],[23.1626,65.9082],[23.173,65.9144],[23.1785,65.9131],[23.1793,65.9141],[23.2023,65.9146],[23.2052,65.9114],[23.2175,65.9116],[23.2382,65.9063]]]},"properties":{"Valdistrik":"25140125","Valdistr_1":"Stenbäcken","Valdistr_2":"Stenbäcken  (Kalix)","KommunNamn":"Kalix","And_rösta":86.8421052631579,"A_29_år":145,"A_65__år":397,"A_TOTålde":1240,"UTB_Lång_":197,"UTB_TOTutb":1232}},{"type":"Feature","geometry":{"type":"Polygon","coordinates":[[[22.8765,65.6369],[22.8349,65.6913],[22.8019,65.6981],[22.7477,65.6981],[22.7472,65.7065],[22.7454,65.7091],[22.7355,65.7112],[22.717,65.7103],[22.7108,65.7308],[22.6922,65.7339],[22.652,65.7256],[22.6369,65.7379],[22.6045,65.7489],[22.6466,65.7675],[22.6576,65.7756],[22.64,65.787],[22.6313,65.7903],[22.6224,65.8031],[22.6205,65.8035],[22.6209,65.8054],[22.5946,65.8452],[22.5775,65.8748],[22.5759,65.8747],[22.5773,65.8751],[22.558,65.9073],[22.545,65.9244],[22.5407,65.9252],[22.5433,65.9266],[22.5378,65.9338],[22.542,65.9563],[22.494,65.9885],[22.5811,65.9974],[22.6061,66.0018],[22.6205,66.0009],[22.6354,65.998],[22.6467,65.9917],[22.6693,65.9917],[22.6738,65.9968],[22.687,66.0032],[22.6886,66.0064],[22.6822,66.0127],[22.6881,66.0155],[22.6786,66.0282],[22.6949,66.0309],[22.7256,66.0329],[22.7309,66.0324],[22.7518,66.0251],[22.758,66.0284],[22.7923,66.0388],[22.8151,66.0342],[22.8212,66.0285],[22.8185,66.0238],[22.8231,66.02],[22.7844,66.0101],[22.7525,66.0211],[22.7483,66.0193],[22.7318,66.003],[22.7282,65.9931],[22.7605,65.9907],[22.7747,65.9949],[22.8086,65.9814],[22.8087,65.9758],[22.8127,65.9735],[22.8162,65.9641],[22.8041,65.9603],[22.7982,65.9605],[22.7899,65.9688],[22.7916,65.9724],[22.7763,65.9737],[22.7674,65.9762],[22.7349,65.9718],[22.7762,65.9589],[22.7749,65.9533],[22.8012,65.9423],[22.8089,65.9426],[22.8282,65.9358],[22.8395,65.9261],[22.8363,65.9212],[22.8226,65.9285],[22.8191,65.927],[22.815,65.8968],[22.8282,65.8914],[22.8193,65.8935],[22.8236,65.8901],[22.8191,65.8905],[22.8183,65.8893],[22.8398,65.882],[22.8434,65.8783],[22.8296,65.8743],[22.8377,65.8683],[22.8386,65.8612],[22.8416,65.8573],[22.8332,65.8575],[22.8117,65.8352],[22.8014,65.806],[22.8145,65.789],[22.843,65.7837],[22.8687,65.7722],[22.8912,65.7654],[22.9655,65.7505],[23.0262,65.7293],[23.0312,65.6771],[23.0475,65.6691],[23.0728,65.6352],[23.0887,65.627],[22.8765,65.6369]]]},"properties":{"Valdistrik":"25140221","Valdistr_1":"Töre","Valdistr_2":"Töre  (Kalix)","KommunNamn":"Kalix","And_rösta":81.7658349328215,"A_29_år":110,"A_65__år":406,"A_TOTålde":1034,"UTB_Lång_":109,"UTB_TOTutb":1032}},{"type":"Feature","geometry":{"type":"Polygon","coordinates":[[[22.6075,66.2212],[22.8133,66.1698],[22.919,66.1682],[22.9016,66.1525],[22.9559,66.1358],[22.981,66.1459],[22.9748,66.1641],[22.9749,66.1675],[23.1846,66.1647],[23.1948,66.16],[23.1962,66.1605],[23.1916,66.1627],[23.1912,66.1646],[23.2144,66.1644],[23.2181,66.1601],[23.2263,66.1594],[23.2183,66.1401],[23.2134,66.139],[23.2181,66.1397],[23.2156,66.1338],[23.2251,66.1356],[23.2318,66.1395],[23.2357,66.138],[23.2276,66.1345],[23.2253,66.1355],[23.2155,66.1335],[23.2144,66.1308],[23.2127,66.1307],[23.2142,66.1304],[23.2119,66.1264],[23.2128,66.125],[23.2039,66.1056],[23.2613,66.08],[23.2707,66.0804],[23.2635,66.0836],[23.2658,66.0841],[23.2715,66.083],[23.2729,66.0806],[23.2807,66.0812],[23.2765,66.0792],[23.2606,66.0795],[23.2765,66.0722],[23.2937,66.0735],[23.2901,66.0722],[23.3036,66.072],[23.2987,66.0707],[23.3585,66.0526],[23.3319,66.0466],[23.3998,66.0149],[23.4158,66.002],[23.3912,65.9992],[23.3662,65.9855],[23.3769,65.9672],[23.3646,65.9636],[23.3206,65.9641],[23.2929,65.9791],[23.2751,65.9836],[23.23,65.9593],[23.2302,65.9544],[23.2777,65.9581],[23.2728,65.953],[23.2877,65.9439],[23.2865,65.9408],[23.2724,65.9348],[23.2721,65.9311],[23.2663,65.93],[23.2633,65.9214],[23.2556,65.9141],[23.2619,65.906],[23.2382,65.9063],[23.2175,65.9116],[23.2052,65.9114],[23.2023,65.9146],[23.1793,65.9141],[23.1785,65.9131],[23.173,65.9144],[23.1626,65.9082],[23.164,65.9052],[23.1573,65.9025],[23.1684,65.8993],[23.1646,65.8969],[23.1536,65.8924],[23.1499,65.8925],[23.1361,65.8852],[23.116,65.8834],[23.1115,65.8793],[23.1045,65.8771],[23.1037,65.8759],[23.1194,65.8675],[23.1183,65.8652],[23.1112,65.8632],[23.1076,65.8664],[23.0998,65.8672],[23.0785,65.875],[23.0694,65.8751],[23.0604,65.8779],[23.0399,65.873],[23.0131,65.8796],[22.9981,65.8818],[22.9876,65.8809],[22.9814,65.8835],[22.9736,65.8836],[22.9703,65.8809],[22.9648,65.8844],[22.9502,65.8823],[22.9445,65.8872],[22.9374,65.8853],[22.9306,65.8866],[22.931,65.8888],[22.9292,65.8898],[22.9037,65.8856],[22.889,65.8951],[22.8824,65.9016],[22.8726,65.9056],[22.8661,65.905],[22.8363,65.9212],[22.8395,65.9261],[22.8282,65.9358],[22.8089,65.9426],[22.8012,65.9423],[22.7883,65.9471],[22.7749,65.9533],[22.7762,65.9589],[22.7349,65.9718],[22.7674,65.9762],[22.7763,65.9737],[22.7916,65.9724],[22.7899,65.9688],[22.7982,65.9605],[22.8041,65.9603],[22.8162,65.9641],[22.8127,65.9735],[22.8087,65.9758],[22.8086,65.9814],[22.7747,65.9949],[22.7605,65.9907],[22.7281,65.9922],[22.7318,66.003],[22.7483,66.0193],[22.7525,66.0211],[22.7844,66.0101],[22.8231,66.02],[22.8185,66.0238],[22.8212,66.0285],[22.8151,66.0342],[22.7926,66.0387],[22.758,66.0284],[22.7518,66.0251],[22.7309,66.0324],[22.7256,66.0329],[22.6949,66.0309],[22.6786,66.0282],[22.6881,66.0155],[22.6822,66.0127],[22.6886,66.0064],[22.687,66.0032],[22.6738,65.9968],[22.6693,65.9917],[22.6467,65.9917],[22.6354,65.998],[22.6205,66.0009],[22.6061,66.0018],[22.5811,65.9974],[22.494,65.9885],[22.4889,65.9919],[22.4261,66.0647],[22.4179,66.0691],[22.4122,66.0762],[22.338,66.1362],[22.3737,66.1544],[22.3666,66.1584],[22.3871,66.1697],[22.4094,66.1728],[22.5351,66.2388],[22.6075,66.2212]]]},"properties":{"Valdistrik":"25140103","Valdistr_1":"Gammelgården-Morjärv","Valdistr_2":"Gammelgården-Morjärv  (Kalix)","KommunNamn":"Kalix","And_rösta":82.146077547339942,"A_29_år":111,"A_65__år":450,"A_TOTålde":1096,"UTB_Lång_":169,"UTB_TOTutb":1093}},{"type":"Feature","geometry":{"type":"Polygon","coordinates":[[[19.0321,66.1752],[19.0767,66.1453],[19.1162,66.1297],[19.0987,66.1235],[19.1048,66.1195],[19.1246,66.1145],[19.1349,66.1098],[19.1664,66.1026],[19.1665,66.1006],[19.1706,66.099],[19.1854,66.101],[19.1919,66.0997],[19.1949,66.0966],[19.1989,66.0957],[19.2103,66.0947],[19.2232,66.0957],[19.2303,66.0931],[19.2395,66.095],[19.2477,66.0939],[19.2758,66.0955],[19.2804,66.0933],[19.3156,66.0865],[19.3265,66.0864],[19.3456,66.0804],[19.3484,66.0762],[19.3567,66.0702],[19.3752,66.068],[19.3783,66.0647],[19.3784,66.0594],[19.3832,66.0567],[19.4,66.0544],[19.4174,66.0477],[19.464,66.043],[19.4838,66.0351],[19.4927,66.0389],[19.4941,66.0409],[19.501,66.0421],[19.5265,66.0411],[19.5733,66.0439],[19.5851,66.0395],[19.6351,66.0455],[19.6679,66.0441],[19.7047,66.0349],[19.7405,66.0295],[19.7556,66.0255],[19.7731,66.0247],[19.7984,66.017],[19.7728,65.9896],[19.7397,65.9613],[19.6256,65.8991],[19.5382,65.8426],[19.5038,65.8054],[19.4986,65.774],[19.4976,65.739],[19.459,65.6976],[19.2161,65.6005],[19.2015,65.5975],[19.2044,65.5954],[19.1894,65.5882],[19.1673,65.596],[19.1467,65.5995],[19.0804,65.6171],[18.9605,65.627],[18.9371,65.6348],[18.8708,65.6726],[18.7969,65.6883],[18.7377,65.7121],[18.6169,65.743],[18.5764,65.7618],[18.5197,65.7806],[18.5249,65.7853],[18.5193,65.7868],[18.5212,65.7884],[18.5134,65.7905],[18.465,65.7949],[18.4865,65.8043],[18.4313,65.891],[18.4623,65.8973],[18.4423,65.9156],[18.4997,65.985],[18.6187,66.0445],[18.8374,66.01],[19.0321,66.1752]]]},"properties":{"Valdistrik":"25050001","Valdistr_1":"Arvidsjaur Norra","Valdistr_2":"Arvidsjaur Norra  (Arvidsjaur)","KommunNamn":"Arvidsjaur","And_rösta":80.82437275985663,"A_29_år":227,"A_65__år":562,"A_TOTålde":1655,"UTB_Lång_":230,"UTB_TOTutb":1639}},{"type":"Feature","geometry":{"type":"Polygon","coordinates":[[[19.1894,65.5882],[19.2044,65.5954],[19.2015,65.5975],[19.2161,65.6005],[19.459,65.6976],[19.4976,65.739],[19.4986,65.774],[19.5038,65.8054],[19.5382,65.8426],[19.6256,65.8991],[19.7397,65.9613],[19.7728,65.9896],[19.798,66.0171],[19.8123,66.0133],[19.8217,66.0125],[19.876,66.015],[19.8891,66.0172],[19.9042,66.0154],[19.9066,66.013],[19.9315,66.0067],[19.9369,66.0036],[19.9367,66.0019],[19.9445,65.9988],[19.9614,65.9936],[19.9724,65.992],[19.9787,65.9885],[19.9822,65.9845],[19.9918,65.9801],[19.9969,65.9796],[20.0226,65.97],[20.033,65.9609],[20.0324,65.9561],[20.0361,65.9505],[20.0411,65.9472],[20.0521,65.9464],[20.0545,65.9423],[20.0756,65.9413],[20.0976,65.9357],[20.1149,65.9344],[20.1351,65.9281],[20.1432,65.9308],[20.1537,65.927],[20.1685,65.9279],[20.1746,65.9233],[20.1801,65.9232],[20.1748,65.9211],[20.1952,65.9186],[20.1931,65.917],[20.1978,65.9155],[20.1944,65.9118],[20.1971,65.9101],[20.2049,65.9092],[20.1086,65.8471],[20.2172,65.5651],[20.0256,65.5033],[19.7574,65.5359],[19.6976,65.5263],[19.6893,65.5172],[19.6913,65.5168],[19.6897,65.5144],[19.6866,65.5145],[19.6288,65.4516],[19.8949,65.381],[19.7038,65.2597],[19.7115,65.2575],[19.703,65.2523],[19.6957,65.2546],[19.6154,65.2036],[19.5277,65.2939],[19.5002,65.3243],[19.488,65.3445],[19.4685,65.3577],[19.4264,65.3798],[19.3704,65.4186],[19.3506,65.4475],[19.2982,65.48],[19.2805,65.5074],[19.2438,65.5345],[19.2422,65.5414],[19.2338,65.5495],[19.2209,65.5664],[19.2178,65.5762],[19.1894,65.5882]]]},"properties":{"Valdistrik":"25050002","Valdistr_1":"Arvidsjaur Östra","Valdistr_2":"Arvidsjaur Östra  (Arvidsjaur)","KommunNamn":"Arvidsjaur","And_rösta":84.0531561461794,"A_29_år":174,"A_65__år":511,"A_TOTålde":1492,"UTB_Lång_":193,"UTB_TOTutb":1488}},{"type":"Feature","geometry":{"type":"Polygon","coordinates":[[[18.5197,65.7806],[18.5764,65.7618],[18.6169,65.743],[18.7377,65.7121],[18.7969,65.6883],[18.8708,65.6726],[18.9371,65.6348],[18.9605,65.627],[19.0804,65.6171],[19.1467,65.5995],[19.1673,65.596],[19.2154,65.5778],[19.2188,65.5752],[19.2209,65.5664],[19.2338,65.5495],[19.2422,65.5414],[19.2438,65.5345],[19.2805,65.5074],[19.2982,65.48],[19.3506,65.4475],[19.3704,65.4186],[19.4264,65.3798],[19.4685,65.3577],[19.488,65.3445],[19.5002,65.3243],[19.5277,65.2939],[19.6154,65.2036],[19.6076,65.1986],[19.4784,65.1656],[19.4836,65.1618],[19.4352,65.1487],[19.4308,65.1533],[19.3904,65.1428],[19.3878,65.1457],[19.3875,65.1496],[19.3709,65.1597],[19.3675,65.1648],[19.3505,65.1721],[19.3384,65.1796],[19.3444,65.1824],[19.3394,65.1867],[19.3218,65.1926],[19.3012,65.1967],[19.2816,65.204],[19.2651,65.2066],[19.2495,65.2148],[19.2442,65.2189],[19.2416,65.2241],[19.2461,65.2301],[19.2501,65.2402],[19.2525,65.2425],[19.2644,65.2397],[19.2729,65.2409],[19.2733,65.2421],[19.2602,65.2547],[19.2381,65.2618],[19.2319,65.2659],[19.2023,65.2723],[19.1682,65.286],[19.1377,65.2901],[19.0967,65.3051],[19.0869,65.3069],[19.0769,65.3062],[19.0725,65.3079],[19.0609,65.3064],[19.0502,65.3081],[19.0439,65.3058],[19.0332,65.3074],[19.0221,65.3113],[19.0195,65.3137],[19.0222,65.3181],[19.0217,65.3201],[19.0157,65.3264],[19.0195,65.3273],[19.0153,65.3308],[18.9873,65.337],[18.9764,65.3416],[18.933,65.3466],[18.93,65.3513],[18.8951,65.3619],[18.8695,65.373],[18.851,65.3699],[18.8339,65.3714],[18.8301,65.3745],[18.8232,65.3768],[18.8196,65.3821],[18.8113,65.3873],[18.7983,65.3885],[18.7743,65.3946],[18.7512,65.4046],[18.7466,65.4085],[18.7443,65.4135],[18.7488,65.4226],[18.7311,65.4329],[18.7199,65.4368],[18.7015,65.4384],[18.6549,65.4353],[18.6437,65.4365],[18.6266,65.4341],[18.5802,65.4401],[18.5704,65.4448],[18.543,65.4464],[18.522,65.452],[18.5184,65.4592],[18.5124,65.4634],[18.5033,65.4748],[18.4256,65.4968],[18.3421,65.4939],[18.2679,65.5245],[18.2309,65.5433],[18.1952,65.5549],[18.178,65.5661],[18.1807,65.5726],[18.1761,65.5808],[18.1789,65.585],[18.2944,65.5859],[18.2553,65.6229],[18.258,65.6773],[18.3779,65.6694],[18.3953,65.6647],[18.5036,65.766],[18.4966,65.767],[18.4927,65.7702],[18.4999,65.7773],[18.5134,65.7749],[18.5197,65.7806]]]},"properties":{"Valdistrik":"25050003","Valdistr_1":"Arvidsjaur Västra","Valdistr_2":"Arvidsjaur Västra  (Arvidsjaur)","KommunNamn":"Arvidsjaur","And_rösta":82.234777150031391,"A_29_år":216,"A_65__år":643,"A_TOTålde":1578,"UTB_Lång_":162,"UTB_TOTutb":1569}},{"type":"Feature","geometry":{"type":"Polygon","coordinates":[[[22.151,65.5818],[22.1639,65.5832],[22.1697,65.5806],[22.1677,65.5783],[22.1533,65.5777],[22.151,65.5818]]]},"properties":{"Valdistrik":"25800113","Valdistr_1":"Södra hamn","Valdistr_2":"Södra hamn  (Luleå)","KommunNamn":"Luleå","And_rösta":87.23941882501579,"A_29_år":242,"A_65__år":653,"A_TOTålde":1560,"UTB_Lång_":421,"UTB_TOTutb":1557}},{"type":"Feature","geometry":{"type":"Polygon","coordinates":[[[22.1741,65.5939],[22.1802,65.5911],[22.1916,65.5907],[22.1994,65.5923],[22.2006,65.5905],[22.2105,65.5884],[22.2023,65.5886],[22.2026,65.587],[22.1934,65.5897],[22.1864,65.5884],[22.1877,65.5864],[22.1862,65.5849],[22.1937,65.5801],[22.1868,65.579],[22.173,65.5848],[22.1767,65.5904],[22.1703,65.593],[22.1741,65.5939]]]},"properties":{"Valdistrik":"25800212","Valdistr_1":"Burströmska","Valdistr_2":"Burströmska  (Luleå)","KommunNamn":"Luleå","And_rösta":85.95779220779221,"A_29_år":192,"A_65__år":401,"A_TOTålde":1221,"UTB_Lång_":339,"UTB_TOTutb":1219}},{"type":"Feature","geometry":{"type":"Polygon","coordinates":[[[22.1539,65.6109],[22.1676,65.6061],[22.172,65.6014],[22.1704,65.597],[22.1715,65.5952],[22.1671,65.5948],[22.1606,65.599],[22.158,65.6037],[22.1549,65.6051],[22.1456,65.6013],[22.1376,65.6047],[22.1381,65.6071],[22.1366,65.6096],[22.1517,65.6079],[22.1539,65.6109]]]},"properties":{"Valdistrik":"25800220","Valdistr_1":"Klintbacken","Valdistr_2":"Klintbacken  (Luleå)","KommunNamn":"Luleå","And_rösta":82.036613272311214,"A_29_år":376,"A_65__år":155,"A_TOTålde":865,"UTB_Lång_":186,"UTB_TOTutb":858}},{"type":"Feature","geometry":{"type":"Polygon","coordinates":[[[22.1706,65.5813],[22.173,65.5848],[22.1756,65.5844],[22.1868,65.579],[22.1706,65.5813]]]},"properties":{"Valdistrik":"25800213","Valdistr_1":"Malmudden","Valdistr_2":"Malmudden  (Luleå)","KommunNamn":"Luleå","And_rösta":81.469979296066256,"A_29_år":186,"A_65__år":271,"A_TOTålde":952,"UTB_Lång_":162,"UTB_TOTutb":948}},{"type":"Feature","geometry":{"type":"Polygon","coordinates":[[[22.1249,65.5757],[22.1677,65.5783],[22.1706,65.5813],[22.1842,65.5785],[22.1937,65.5801],[22.2102,65.5697],[22.226,65.5667],[22.2577,65.5641],[22.2644,65.5663],[22.3205,65.5496],[22.2979,65.5398],[22.2664,65.5446],[22.2625,65.5423],[22.2277,65.5479],[22.2169,65.554],[22.1966,65.5511],[22.1917,65.5555],[22.1821,65.5586],[22.1538,65.5497],[22.1473,65.5597],[22.1439,65.5606],[22.1467,65.561],[22.1393,65.5626],[22.1426,65.5684],[22.139,65.5728],[22.1249,65.5757]]]},"properties":{"Valdistrik":"25800214","Valdistr_1":"Svartöstan-Lövskatan","Valdistr_2":"Svartöstan-Lövskatan  (Luleå)","KommunNamn":"Luleå","And_rösta":82.229150428682772,"A_29_år":226,"A_65__år":343,"A_TOTålde":1261,"UTB_Lång_":305,"UTB_TOTutb":1258}},{"type":"Feature","geometry":{"type":"Polygon","coordinates":[[[22.198,65.5781],[22.2027,65.5795],[22.2275,65.5762],[22.226,65.5667],[22.2102,65.5697],[22.198,65.5781]]]},"properties":{"Valdistrik":"25800215","Valdistr_1":"Södra Örnäset","Valdistr_2":"Södra Örnäset  (Luleå)","KommunNamn":"Luleå","And_rösta":75.59121621621621,"A_29_år":271,"A_65__år":236,"A_TOTålde":1164,"UTB_Lång_":130,"UTB_TOTutb":1152}},{"type":"Feature","geometry":{"type":"Polygon","coordinates":[[[22.1223,65.5788],[22.1511,65.5809],[22.1533,65.5777],[22.1249,65.5757],[22.1223,65.5788]]]},"properties":{"Valdistrik":"25800101","Valdistr_1":"Varvet","Valdistr_2":"Varvet  (Luleå)","KommunNamn":"Luleå","And_rösta":86.607142857142861,"A_29_år":266,"A_65__år":396,"A_TOTålde":1112,"UTB_Lång_":273,"UTB_TOTutb":1109}},{"type":"Feature","geometry":{"type":"Polygon","coordinates":[[[22.2042,65.8133],[22.196,65.8147],[22.1861,65.8231],[22.1844,65.8228],[22.1757,65.8293],[22.1754,65.8279],[22.1285,65.8421],[22.0495,65.8795],[22.0019,65.9224],[22.0021,65.9238],[21.9985,65.9246],[21.9682,65.9444],[21.8683,65.9573],[21.8658,65.9605],[21.869,65.961],[21.8668,65.9636],[21.863,65.964],[21.8513,65.9785],[21.8562,65.99],[21.8819,65.9911],[21.8911,66.0017],[21.9042,65.9979],[21.9094,66.0014],[21.9414,66.0381],[21.977,66.056],[22.0138,66.0605],[22.0082,66.0732],[22.0363,66.0701],[22.0311,66.0846],[22.0752,66.0869],[22.0707,66.1107],[22.0231,66.1085],[22.0198,66.1222],[21.9897,66.15],[21.9693,66.1547],[21.9778,66.1605],[21.9911,66.1546],[22.0186,66.1572],[22.0256,66.1736],[22.0245,66.174],[22.0615,66.1834],[22.0316,66.2027],[22.0323,66.2092],[22.0265,66.2401],[22.0824,66.2547],[22.1012,66.2383],[22.0983,66.2205],[22.1101,66.1961],[22.1455,66.2018],[22.1558,66.1776],[22.1766,66.1687],[22.1725,66.1643],[22.1834,66.1609],[22.2122,66.1427],[22.1891,66.1358],[22.1753,66.1268],[22.1883,66.1236],[22.177,66.1091],[22.1834,66.0528],[22.186,66.044],[22.2659,66.0242],[22.257,66.0142],[22.3001,65.9868],[22.3212,65.9941],[22.3465,65.9833],[22.3158,65.9582],[22.328,65.9316],[22.3688,65.9319],[22.3776,65.8914],[22.2488,65.8674],[22.2252,65.8606],[22.2547,65.8392],[22.2042,65.8133]]]},"properties":{"Valdistrik":"25800442","Valdistr_1":"Niemisel-Prästholm","Valdistr_2":"Niemisel-Prästholm  (Luleå)","KommunNamn":"Luleå","And_rösta":82.559598494353821,"A_29_år":77,"A_65__år":323,"A_TOTålde":795,"UTB_Lång_":92,"UTB_TOTutb":794}},{"type":"Feature","geometry":{"type":"Polygon","coordinates":[[[21.9332,65.645],[21.9418,65.6555],[21.9544,65.6601],[21.9609,65.6602],[21.9634,65.6573],[21.9757,65.6533],[21.9727,65.651],[21.9731,65.6477],[21.9754,65.6423],[21.9807,65.639],[21.9768,65.631],[21.9537,65.6372],[21.9332,65.645]]]},"properties":{"Valdistrik":"25800350","Valdistr_1":"Hammaren","Valdistr_2":"Hammaren  (Luleå)","KommunNamn":"Luleå","And_rösta":92.177121771217713,"A_29_år":168,"A_65__år":346,"A_TOTålde":1340,"UTB_Lång_":435,"UTB_TOTutb":1329}},{"type":"Feature","geometry":{"type":"Polygon","coordinates":[[[22.1041,65.5772],[22.1082,65.5745],[22.1054,65.5714],[22.0989,65.5736],[22.0971,65.5722],[22.0928,65.5723],[22.0816,65.5749],[22.0853,65.5779],[22.1041,65.5772]]]},"properties":{"Valdistrik":"25800355","Valdistr_1":"Bergstaden","Valdistr_2":"Bergstaden  (Luleå)","KommunNamn":"Luleå","And_rösta":78.507992895204254,"A_29_år":200,"A_65__år":363,"A_TOTålde":1111,"UTB_Lång_":193,"UTB_TOTutb":1105}},{"type":"Feature","geometry":{"type":"Polygon","coordinates":[[[22.1513,65.5852],[22.152,65.5842],[22.1497,65.5839],[22.1516,65.581],[22.1378,65.5804],[22.137,65.5818],[22.1396,65.5821],[22.1386,65.5837],[22.1513,65.5852]]]},"properties":{"Valdistrik":"25800102","Valdistr_1":"Stadsparken","Valdistr_2":"Stadsparken  (Luleå)","KommunNamn":"Luleå","And_rösta":82.851378614660391,"A_29_år":323,"A_65__år":426,"A_TOTålde":1452,"UTB_Lång_":401,"UTB_TOTutb":1437}},{"type":"Feature","geometry":{"type":"Polygon","coordinates":[[[22.1415,65.5953],[22.1591,65.5933],[22.1627,65.5882],[22.1629,65.5846],[22.152,65.5842],[22.1415,65.5953]]]},"properties":{"Valdistrik":"25800103","Valdistr_1":"Kulturens hus","Valdistr_2":"Kulturens hus  (Luleå)","KommunNamn":"Luleå","And_rösta":85.714285714285708,"A_29_år":234,"A_65__år":479,"A_TOTålde":1336,"UTB_Lång_":337,"UTB_TOTutb":1334}},{"type":"Feature","geometry":{"type":"Polygon","coordinates":[[[21.9757,65.6533],[21.9812,65.6542],[22.0217,65.64],[22.0215,65.6382],[22.0146,65.6396],[22.0087,65.6388],[21.9805,65.629],[21.9768,65.631],[21.9807,65.639],[21.9754,65.6423],[21.9731,65.6477],[21.9727,65.651],[21.9757,65.6533]]]},"properties":{"Valdistrik":"25800361","Valdistr_1":"Stadsön","Valdistr_2":"Stadsön  (Luleå)","KommunNamn":"Luleå","And_rösta":84.782608695652172,"A_29_år":265,"A_65__år":571,"A_TOTålde":1779,"UTB_Lång_":415,"UTB_TOTutb":1765}},{"type":"Feature","geometry":{"type":"Polygon","coordinates":[[[22.1042,65.5883],[22.1436,65.5926],[22.1513,65.5852],[22.1386,65.5837],[22.1396,65.5821],[22.137,65.5818],[22.1378,65.5804],[22.1223,65.5788],[22.1179,65.584],[22.1042,65.5883]]]},"properties":{"Valdistrik":"25800104","Valdistr_1":"Gültsauudden-Norra hamn","Valdistr_2":"Gültsauudden-Norra hamn  (Luleå)","KommunNamn":"Luleå","And_rösta":84.765625,"A_29_år":171,"A_65__år":313,"A_TOTålde":1011,"UTB_Lång_":311,"UTB_TOTutb":1001}},{"type":"Feature","geometry":{"type":"Polygon","coordinates":[[[22.1671,65.5948],[22.1741,65.5939],[22.1703,65.593],[22.1767,65.5904],[22.1697,65.5806],[22.1644,65.5822],[22.1618,65.5862],[22.1627,65.5882],[22.1591,65.5933],[22.1671,65.5948]]]},"properties":{"Valdistrik":"25800105","Valdistr_1":"Östermalm","Valdistr_2":"Östermalm  (Luleå)","KommunNamn":"Luleå","And_rösta":85.370370370370381,"A_29_år":142,"A_65__år":393,"A_TOTålde":1054,"UTB_Lång_":325,"UTB_TOTutb":1050}},{"type":"Feature","geometry":{"type":"Polygon","coordinates":[[[22.1342,65.6017],[22.1376,65.6047],[22.1514,65.5979],[22.1602,65.601],[22.1606,65.599],[22.1671,65.5948],[22.1551,65.593],[22.1415,65.5953],[22.1342,65.6017]]]},"properties":{"Valdistrik":"25800106","Valdistr_1":"Bergviken","Valdistr_2":"Bergviken  (Luleå)","KommunNamn":"Luleå","And_rösta":83.26572008113591,"A_29_år":258,"A_65__år":294,"A_TOTålde":977,"UTB_Lång_":268,"UTB_TOTutb":969}},{"type":"Feature","geometry":{"type":"Polygon","coordinates":[[[22.1463,65.6014],[22.1549,65.6051],[22.1602,65.601],[22.1514,65.5979],[22.1463,65.6014]]]},"properties":{"Valdistrik":"25800107","Valdistr_1":"Kallkällan","Valdistr_2":"Kallkällan  (Luleå)","KommunNamn":"Luleå","And_rösta":83.07692307692308,"A_29_år":313,"A_65__år":366,"A_TOTålde":1289,"UTB_Lång_":245,"UTB_TOTutb":1281}},{"type":"Feature","geometry":{"type":"Polygon","coordinates":[[[22.0964,65.5997],[22.1073,65.6047],[22.1235,65.5996],[22.1283,65.6018],[22.1342,65.6017],[22.1436,65.5926],[22.1042,65.5883],[22.1093,65.5938],[22.0964,65.5997]]]},"properties":{"Valdistrik":"25800108","Valdistr_1":"Munkeberg","Valdistr_2":"Munkeberg  (Luleå)","KommunNamn":"Luleå","And_rösta":85.009253547193083,"A_29_år":263,"A_65__år":536,"A_TOTålde":1605,"UTB_Lång_":436,"UTB_TOTutb":1601}},{"type":"Feature","geometry":{"type":"Polygon","coordinates":[[[22.1577,65.6093],[22.163,65.6133],[22.1618,65.6152],[22.1787,65.6161],[22.1831,65.6111],[22.1828,65.6072],[22.1864,65.6074],[22.1847,65.6038],[22.1866,65.5996],[22.1827,65.5984],[22.1841,65.5973],[22.1824,65.5966],[22.1754,65.5963],[22.1741,65.5939],[22.1708,65.5948],[22.172,65.6014],[22.1676,65.6061],[22.1577,65.6093]]]},"properties":{"Valdistrik":"25800221","Valdistr_1":"Lulsundet","Valdistr_2":"Lulsundet  (Luleå)","KommunNamn":"Luleå","And_rösta":88.09710258418167,"A_29_år":188,"A_65__år":314,"A_TOTålde":1258,"UTB_Lång_":490,"UTB_TOTutb":1255}},{"type":"Feature","geometry":{"type":"Polygon","coordinates":[[[22.1966,65.5888],[22.2026,65.587],[22.2023,65.5886],[22.2079,65.5877],[22.2043,65.5862],[22.2078,65.5832],[22.1933,65.5803],[22.1896,65.5818],[22.1862,65.5849],[22.1877,65.5864],[22.1864,65.5884],[22.1934,65.5897],[22.1966,65.5888]]]},"properties":{"Valdistrik":"25800216","Valdistr_1":"Skurholmen","Valdistr_2":"Skurholmen  (Luleå)","KommunNamn":"Luleå","And_rösta":85.521885521885523,"A_29_år":280,"A_65__år":392,"A_TOTålde":1475,"UTB_Lång_":347,"UTB_TOTutb":1475}},{"type":"Feature","geometry":{"type":"Polygon","coordinates":[[[22.2454,65.5928],[22.2501,65.5927],[22.2551,65.5904],[22.2396,65.5839],[22.2265,65.5853],[22.2265,65.5895],[22.23,65.5912],[22.2454,65.5928]]]},"properties":{"Valdistrik":"25800237","Valdistr_1":"Hertsöcentrum","Valdistr_2":"Hertsöcentrum  (Luleå)","KommunNamn":"Luleå","And_rösta":80.755265068990553,"A_29_år":234,"A_65__år":343,"A_TOTålde":1353,"UTB_Lång_":198,"UTB_TOTutb":1343}},{"type":"Feature","geometry":{"type":"Polygon","coordinates":[[[22.2208,65.5853],[22.2265,65.5886],[22.2265,65.5853],[22.2466,65.5826],[22.2507,65.5803],[22.2653,65.5858],[22.2729,65.5808],[22.2797,65.5834],[22.2585,65.5939],[22.283,65.5974],[22.2783,65.5979],[22.2838,65.6053],[22.2978,65.609],[22.3138,65.604],[22.3191,65.6005],[22.4013,65.5823],[22.4201,65.5672],[22.404,65.5563],[22.4072,65.5504],[22.4019,65.5466],[22.4087,65.5469],[22.4297,65.5417],[22.432,65.5374],[22.4298,65.5331],[22.4074,65.536],[22.4038,65.5225],[22.3377,65.5465],[22.3097,65.5522],[22.2644,65.5663],[22.2577,65.5641],[22.226,65.5667],[22.2276,65.5722],[22.2268,65.5752],[22.2291,65.5791],[22.2218,65.5806],[22.2208,65.5853]]]},"properties":{"Valdistrik":"25800260","Valdistr_1":"Hertsöängar","Valdistr_2":"Hertsöängar  (Luleå)","KommunNamn":"Luleå","And_rösta":81.06312292358804,"A_29_år":231,"A_65__år":401,"A_TOTålde":1477,"UTB_Lång_":228,"UTB_TOTutb":1468}},{"type":"Feature","geometry":{"type":"Polygon","coordinates":[[[22.1073,65.6047],[22.1135,65.6061],[22.1152,65.6089],[22.1342,65.6017],[22.1283,65.6018],[22.1235,65.5996],[22.1073,65.6047]]]},"properties":{"Valdistrik":"25800109","Valdistr_1":"Mjölkudden","Valdistr_2":"Mjölkudden  (Luleå)","KommunNamn":"Luleå","And_rösta":84.202453987730067,"A_29_år":163,"A_65__år":408,"A_TOTålde":1288,"UTB_Lång_":303,"UTB_TOTutb":1276}},{"type":"Feature","geometry":{"type":"Polygon","coordinates":[[[22.0593,65.6243],[22.1011,65.6178],[22.1376,65.6047],[22.1342,65.6017],[22.1152,65.6089],[22.1135,65.6061],[22.1108,65.6063],[22.0964,65.5997],[22.0832,65.6042],[22.0828,65.6073],[22.0662,65.6129],[22.0619,65.6183],[22.0574,65.6197],[22.0593,65.6243]]]},"properties":{"Valdistrik":"25800111","Valdistr_1":"Notviken","Valdistr_2":"Notviken  (Luleå)","KommunNamn":"Luleå","And_rösta":76.736111111111114,"A_29_år":332,"A_65__år":349,"A_TOTålde":1696,"UTB_Lång_":366,"UTB_TOTutb":1680}},{"type":"Feature","geometry":{"type":"Polygon","coordinates":[[[21.6807,65.6411],[21.6862,65.6406],[21.6859,65.6379],[21.7336,65.6316],[21.7794,65.6343],[21.7671,65.6221],[21.7618,65.6133],[21.7777,65.6129],[21.8577,65.5929],[21.8601,65.5907],[21.8263,65.5663],[21.8199,65.5587],[21.8037,65.5625],[21.7996,65.5604],[21.7911,65.5619],[21.7765,65.5578],[21.7896,65.5453],[21.8041,65.5362],[21.8281,65.5251],[21.8607,65.52],[21.8656,65.5167],[21.8823,65.5188],[21.8846,65.5246],[21.8948,65.5234],[21.9081,65.5248],[21.9214,65.5228],[21.9451,65.5223],[21.9516,65.5194],[21.9602,65.5198],[21.9689,65.5172],[21.9721,65.5179],[21.9698,65.5196],[21.9766,65.5218],[21.9791,65.5206],[21.9779,65.5199],[21.9786,65.5175],[22.0003,65.5123],[22.0025,65.514],[22.0102,65.513],[22.0149,65.5133],[22.0166,65.515],[22.0216,65.5142],[22.0208,65.5155],[22.0231,65.5171],[22.0295,65.5169],[22.0378,65.5197],[22.0373,65.5132],[22.0473,65.5099],[22.049,65.506],[22.0583,65.5009],[22.0859,65.4883],[22.1058,65.4858],[22.1374,65.5073],[22.1702,65.5059],[22.248,65.4674],[22.2827,65.4202],[22.3127,65.4166],[22.3792,65.4261],[22.4621,65.4548],[22.5187,65.4523],[22.8991,65.3603],[22.8813,65.2849],[22.8489,65.2789],[22.019,65.3167],[21.9375,65.3623],[21.9151,65.3981],[21.8261,65.4547],[21.7345,65.4798],[21.7006,65.4951],[21.7061,65.4952],[21.708,65.4962],[21.7067,65.4972],[21.6971,65.4967],[21.5299,65.5722],[21.5356,65.5722],[21.5516,65.5781],[21.5327,65.5892],[21.5372,65.6074],[21.5191,65.6214],[21.5205,65.6334],[21.5441,65.6353],[21.6021,65.652],[21.5989,65.653],[21.6482,65.6622],[21.6807,65.6411]]]},"properties":{"Valdistrik":"25800323","Valdistr_1":"Alvik-Ersnäs","Valdistr_2":"Alvik-Ersnäs  (Luleå)","KommunNamn":"Luleå","And_rösta":88.663171690694625,"A_29_år":168,"A_65__år":455,"A_TOTålde":1509,"UTB_Lång_":301,"UTB_TOTutb":1504}},{"type":"Feature","geometry":{"type":"Polygon","coordinates":[[[22.1674,65.6256],[22.1898,65.6229],[22.1887,65.6205],[22.1777,65.619],[22.1787,65.6161],[22.1618,65.6152],[22.1565,65.6228],[22.1674,65.6256]]]},"properties":{"Valdistrik":"25800267","Valdistr_1":"Björkskatan norra","Valdistr_2":"Björkskatan norra  (Luleå)","KommunNamn":"Luleå","And_rösta":87.785234899328856,"A_29_år":221,"A_65__år":401,"A_TOTålde":1465,"UTB_Lång_":508,"UTB_TOTutb":1461}},{"type":"Feature","geometry":{"type":"Polygon","coordinates":[[[22.1887,65.6205],[22.191,65.6197],[22.1904,65.6175],[22.1998,65.6166],[22.191,65.6123],[22.1864,65.6074],[22.1828,65.6072],[22.1831,65.6111],[22.1777,65.617],[22.1777,65.619],[22.1887,65.6205]]]},"properties":{"Valdistrik":"25800268","Valdistr_1":"Björkskatan södra","Valdistr_2":"Björkskatan södra  (Luleå)","KommunNamn":"Luleå","And_rösta":85.938945420906563,"A_29_år":115,"A_65__år":378,"A_TOTålde":1069,"UTB_Lång_":338,"UTB_TOTutb":1062}},{"type":"Feature","geometry":{"type":"Polygon","coordinates":[[[22.359,65.8261],[22.3784,65.8269],[22.3786,65.8553],[22.4313,65.8567],[22.5009,65.8187],[22.5202,65.8107],[22.4874,65.7914],[22.4902,65.7808],[22.5457,65.7698],[22.5909,65.7794],[22.6041,65.7875],[22.6262,65.792],[22.6274,65.7959],[22.6313,65.7903],[22.64,65.787],[22.6452,65.7823],[22.6575,65.7756],[22.6477,65.7683],[22.6045,65.7489],[22.6369,65.7379],[22.652,65.7256],[22.6922,65.7339],[22.7108,65.7308],[22.717,65.7103],[22.7355,65.7112],[22.7454,65.7091],[22.7472,65.7065],[22.7477,65.6981],[22.8014,65.6981],[22.8349,65.6913],[22.8765,65.6369],[22.9516,65.5297],[22.8991,65.3603],[22.5187,65.4523],[22.4621,65.4548],[22.3792,65.4261],[22.3127,65.4166],[22.2827,65.4202],[22.248,65.4674],[22.3126,65.4631],[22.3162,65.4753],[22.4103,65.4756],[22.4127,65.478],[22.4209,65.5159],[22.4038,65.5225],[22.4074,65.536],[22.4298,65.5331],[22.432,65.5374],[22.4297,65.5417],[22.4087,65.5469],[22.4019,65.5466],[22.4072,65.5504],[22.404,65.5563],[22.4201,65.5672],[22.4013,65.5823],[22.3191,65.6005],[22.3138,65.604],[22.2978,65.609],[22.2838,65.6053],[22.2532,65.6144],[22.2473,65.6284],[22.2148,65.6309],[22.1609,65.6554],[22.1892,65.6817],[22.1595,65.6861],[22.1992,65.7086],[22.2124,65.7121],[22.2229,65.7175],[22.2604,65.7267],[22.3008,65.7204],[22.3035,65.7232],[22.3128,65.7185],[22.3684,65.7119],[22.361,65.7632],[22.3761,65.7759],[22.3794,65.7905],[22.3734,65.8107],[22.359,65.8261]]]},"properties":{"Valdistrik":"25800326","Valdistr_1":"Bensbyn-Brändön","Valdistr_2":"Bensbyn-Brändön  (Luleå)","KommunNamn":"Luleå","And_rösta":90.88378566457898,"A_29_år":140,"A_65__år":369,"A_TOTålde":1430,"UTB_Lång_":397,"UTB_TOTutb":1427}},{"type":"Feature","geometry":{"type":"Polygon","coordinates":[[[22.1595,65.6861],[22.1364,65.6949],[22.0487,65.7223],[22.0059,65.727],[22.0238,65.7326],[21.947,65.7572],[21.9286,65.7529],[21.8927,65.7827],[21.8893,65.7829],[21.8898,65.8012],[21.9118,65.805],[21.9027,65.8075],[21.9033,65.8083],[21.916,65.8058],[21.9754,65.817],[21.9701,65.8194],[21.9697,65.8212],[21.9573,65.8246],[21.9609,65.8263],[21.9823,65.8183],[21.9877,65.8193],[21.9932,65.824],[22.0001,65.8264],[22.0273,65.8252],[22.029,65.826],[22.0279,65.8275],[22.0297,65.8289],[22.0368,65.8293],[22.038,65.8303],[22.0372,65.8326],[22.0414,65.8335],[22.0389,65.8373],[22.04,65.8382],[22.0372,65.8386],[22.0421,65.8424],[22.0224,65.8643],[22.0196,65.8641],[22.0169,65.8692],[22.0112,65.8726],[22.0135,65.8732],[22.1079,65.845],[22.1148,65.8485],[22.1285,65.8421],[22.1754,65.8279],[22.1757,65.8293],[22.1844,65.8228],[22.1861,65.8231],[22.196,65.8147],[22.2042,65.8133],[22.2547,65.8392],[22.3163,65.8219],[22.359,65.8261],[22.3734,65.8107],[22.3794,65.7905],[22.3761,65.7759],[22.361,65.7632],[22.3684,65.7119],[22.3128,65.7185],[22.3035,65.7232],[22.3008,65.7204],[22.2604,65.7267],[22.2229,65.7175],[22.2124,65.7121],[22.1992,65.7086],[22.1595,65.6861]]]},"properties":{"Valdistrik":"25800344","Valdistr_1":"Persön","Valdistr_2":"Persön  (Luleå)","KommunNamn":"Luleå","And_rösta":86.318972033257751,"A_29_år":167,"A_65__år":355,"A_TOTålde":1314,"UTB_Lång_":272,"UTB_TOTutb":1310}},{"type":"Feature","geometry":{"type":"Polygon","coordinates":[[[21.9998,65.7116],[22.0011,65.7148],[22.0071,65.7162],[22.0028,65.7194],[22.0059,65.727],[22.0487,65.7223],[22.1364,65.6949],[22.1595,65.6861],[22.1892,65.6817],[22.1609,65.6554],[22.1337,65.6488],[22.1239,65.6506],[22.1198,65.6497],[22.1219,65.6479],[22.12,65.6388],[22.1154,65.6375],[22.1034,65.6369],[22.0896,65.6403],[22.0801,65.6365],[22.0611,65.646],[22.0737,65.6526],[22.031,65.6696],[21.9998,65.7116]]]},"properties":{"Valdistrik":"25800346","Valdistr_1":"Rutvik","Valdistr_2":"Rutvik  (Luleå)","KommunNamn":"Luleå","And_rösta":89.722863741339481,"A_29_år":104,"A_65__år":164,"A_TOTålde":859,"UTB_Lång_":239,"UTB_TOTutb":853}},{"type":"Feature","geometry":{"type":"Polygon","coordinates":[[[22.1933,65.5803],[22.2208,65.5853],[22.2218,65.5806],[22.2291,65.5791],[22.2275,65.5762],[22.2027,65.5795],[22.198,65.5781],[22.1933,65.5803]]]},"properties":{"Valdistrik":"25800217","Valdistr_1":"Norra Örnäset","Valdistr_2":"Norra Örnäset  (Luleå)","KommunNamn":"Luleå","And_rösta":79.0468364831553,"A_29_år":183,"A_65__år":381,"A_TOTålde":1184,"UTB_Lång_":191,"UTB_TOTutb":1180}},{"type":"Feature","geometry":{"type":"Polygon","coordinates":[[[22.152,65.5842],[22.1597,65.585],[22.1639,65.5832],[22.151,65.5818],[22.1497,65.5839],[22.152,65.5842]]]},"properties":{"Valdistrik":"25800112","Valdistr_1":"Köpmantorget","Valdistr_2":"Köpmantorget  (Luleå)","KommunNamn":"Luleå","And_rösta":84.180790960451972,"A_29_år":211,"A_65__år":522,"A_TOTålde":1222,"UTB_Lång_":304,"UTB_TOTutb":1218}},{"type":"Feature","geometry":{"type":"Polygon","coordinates":[[[22.1609,65.6554],[22.1937,65.6405],[22.1744,65.6383],[22.1764,65.6363],[22.1797,65.6364],[22.1785,65.6348],[22.1864,65.6319],[22.1797,65.6304],[22.1696,65.6253],[22.1425,65.6246],[22.1432,65.6218],[22.1368,65.6212],[22.13,65.6241],[22.1278,65.6277],[22.135,65.6311],[22.1195,65.6386],[22.1219,65.6479],[22.1198,65.6497],[22.1239,65.6506],[22.1337,65.6488],[22.1609,65.6554]]]},"properties":{"Valdistrik":"25800363","Valdistr_1":"Porsöberget","Valdistr_2":"Porsöberget  (Luleå)","KommunNamn":"Luleå","And_rösta":92.37472766884531,"A_29_år":91,"A_65__år":266,"A_TOTålde":895,"UTB_Lång_":361,"UTB_TOTutb":892}},{"type":"Feature","geometry":{"type":"Polygon","coordinates":[[[22.1674,65.6256],[22.1565,65.6228],[22.1585,65.6199],[22.1464,65.6181],[22.1425,65.6246],[22.1674,65.6256]]]},"properties":{"Valdistrik":"25800365","Valdistr_1":"Lillporsön","Valdistr_2":"Lillporsön  (Luleå)","KommunNamn":"Luleå","And_rösta":79.947916666666657,"A_29_år":707,"A_65__år":58,"A_TOTålde":1135,"UTB_Lång_":295,"UTB_TOTutb":1128}},{"type":"Feature","geometry":{"type":"Polygon","coordinates":[[[22.5457,65.7698],[22.4902,65.7808],[22.4874,65.7914],[22.5202,65.8107],[22.5009,65.8187],[22.4313,65.8567],[22.3631,65.8548],[22.3263,65.8811],[22.3776,65.8914],[22.3688,65.9319],[22.328,65.9316],[22.3158,65.9582],[22.3465,65.9833],[22.3212,65.9941],[22.3001,65.9868],[22.257,66.0142],[22.2659,66.0242],[22.186,66.044],[22.1834,66.0528],[22.177,66.1091],[22.1883,66.1236],[22.1753,66.1268],[22.1891,66.1358],[22.2122,66.1427],[22.1834,66.1609],[22.1725,66.1643],[22.1766,66.1687],[22.1558,66.1776],[22.1455,66.2018],[22.1101,66.1961],[22.0983,66.2205],[22.1012,66.2383],[22.0824,66.2547],[22.0643,66.2679],[22.0667,66.2685],[22.069,66.2669],[22.1464,66.2833],[22.3449,66.1306],[22.4122,66.0762],[22.4179,66.0691],[22.4261,66.0647],[22.4889,65.9919],[22.542,65.9563],[22.5376,65.9341],[22.5433,65.9266],[22.5407,65.9252],[22.545,65.9244],[22.559,65.9057],[22.5773,65.8751],[22.5759,65.8747],[22.5775,65.8748],[22.5946,65.8452],[22.6209,65.8054],[22.6205,65.8035],[22.6224,65.8031],[22.6274,65.7959],[22.6262,65.792],[22.6041,65.7875],[22.5909,65.7794],[22.5457,65.7698]]]},"properties":{"Valdistrik":"25800439","Valdistr_1":"Jämtön-Vitå","Valdistr_2":"Jämtön-Vitå  (Luleå)","KommunNamn":"Luleå","And_rösta":86.733238231098426,"A_29_år":61,"A_65__år":266,"A_TOTålde":694,"UTB_Lång_":112,"UTB_TOTutb":691}},{"type":"Feature","geometry":{"type":"Polygon","coordinates":[[[22.1741,65.5939],[22.1754,65.5963],[22.1824,65.5966],[22.1841,65.5973],[22.1827,65.5984],[22.1866,65.5996],[22.1861,65.6014],[22.1928,65.6033],[22.2084,65.5998],[22.2149,65.5966],[22.2147,65.5948],[22.1916,65.5907],[22.1802,65.5911],[22.1741,65.5939]]]},"properties":{"Valdistrik":"25800222","Valdistr_1":"Kronan","Valdistr_2":"Kronan  (Luleå)","KommunNamn":"Luleå","And_rösta":86.824324324324323,"A_29_år":483,"A_65__år":407,"A_TOTålde":1766,"UTB_Lång_":607,"UTB_TOTutb":1756}},{"type":"Feature","geometry":{"type":"Polygon","coordinates":[[[22.2551,65.5904],[22.2653,65.5858],[22.2507,65.5803],[22.2396,65.5839],[22.2551,65.5904]]]},"properties":{"Valdistrik":"25800259","Valdistr_1":"Hertsölund","Valdistr_2":"Hertsölund  (Luleå)","KommunNamn":"Luleå","And_rösta":80.530240265120128,"A_29_år":215,"A_65__år":274,"A_TOTålde":1193,"UTB_Lång_":190,"UTB_TOTutb":1187}},{"type":"Feature","geometry":{"type":"Polygon","coordinates":[[[22.1994,65.5923],[22.2165,65.5951],[22.2537,65.5965],[22.2797,65.5834],[22.2729,65.5808],[22.2691,65.5828],[22.2707,65.5833],[22.2501,65.5927],[22.2396,65.5929],[22.23,65.5912],[22.2208,65.5853],[22.2078,65.5832],[22.2043,65.5862],[22.2104,65.589],[22.2006,65.5905],[22.1994,65.5923]]]},"properties":{"Valdistrik":"25800270","Valdistr_1":"Bredviken-Lerbäcken","Valdistr_2":"Bredviken-Lerbäcken  (Luleå)","KommunNamn":"Luleå","And_rösta":89.230769230769241,"A_29_år":167,"A_65__år":363,"A_TOTålde":1412,"UTB_Lång_":428,"UTB_TOTutb":1401}},{"type":"Feature","geometry":{"type":"Polygon","coordinates":[[[21.9973,65.6115],[21.9988,65.6051],[22.0255,65.5897],[22.0504,65.5861],[22.0648,65.59],[22.1042,65.5883],[22.1179,65.584],[22.1223,65.5788],[22.1078,65.5772],[22.0853,65.5779],[22.0816,65.5749],[22.0883,65.5727],[22.0971,65.5722],[22.0981,65.5737],[22.1039,65.5721],[22.0944,65.5695],[22.094,65.567],[22.1131,65.5583],[22.1339,65.5634],[22.1429,65.5628],[22.1467,65.561],[22.1439,65.5606],[22.1473,65.5597],[22.1538,65.5497],[22.1821,65.5586],[22.1917,65.5555],[22.1966,65.5511],[22.2169,65.554],[22.2277,65.5479],[22.2625,65.5423],[22.2664,65.5446],[22.2979,65.5398],[22.3205,65.5496],[22.3377,65.5465],[22.4209,65.5159],[22.4127,65.478],[22.4103,65.4756],[22.3162,65.4753],[22.3126,65.4631],[22.248,65.4674],[22.1702,65.5059],[22.1374,65.5073],[22.1058,65.4858],[22.0859,65.4883],[22.049,65.506],[22.0473,65.5099],[22.0373,65.5132],[22.039,65.5285],[22.0445,65.5501],[21.971,65.5701],[21.9446,65.5882],[21.9424,65.5874],[21.9371,65.5896],[21.9973,65.6115]]]},"properties":{"Valdistrik":"25800327","Valdistr_1":"G:a Bergnäset-Kallax-Gäddvik","Valdistr_2":"G:a Bergnäset-Kallax-Gäddvik  (Luleå)","KommunNamn":"Luleå","And_rösta":88.177777777777777,"A_29_år":100,"A_65__år":335,"A_TOTålde":1099,"UTB_Lång_":292,"UTB_TOTutb":1088}},{"type":"Feature","geometry":{"type":"Polygon","coordinates":[[[21.9286,65.7529],[21.947,65.7572],[22.0238,65.7326],[22.0059,65.727],[22.0028,65.7194],[22.0071,65.7162],[22.0011,65.7148],[21.9998,65.7116],[22.031,65.6696],[21.9999,65.6523],[21.9859,65.6549],[21.9757,65.6533],[21.9634,65.6573],[21.9609,65.6602],[21.9552,65.6602],[21.9418,65.6555],[21.9332,65.645],[21.9124,65.6487],[21.8964,65.6606],[21.8773,65.6669],[21.8613,65.6631],[21.8333,65.6701],[21.8271,65.673],[21.8272,65.6754],[21.8199,65.688],[21.798,65.698],[21.7845,65.7115],[21.799,65.7131],[21.8324,65.7277],[21.8594,65.7366],[21.9286,65.7529]]]},"properties":{"Valdistrik":"25800371","Valdistr_1":"Sunderbyn","Valdistr_2":"Sunderbyn  (Luleå)","KommunNamn":"Luleå","And_rösta":90.398550724637687,"A_29_år":120,"A_65__år":239,"A_TOTålde":1095,"UTB_Lång_":369,"UTB_TOTutb":1089}},{"type":"Feature","geometry":{"type":"Polygon","coordinates":[[[22.3263,65.8811],[22.3631,65.8548],[22.3786,65.8553],[22.3784,65.8269],[22.3163,65.8219],[22.2531,65.8396],[22.2252,65.8606],[22.2488,65.8674],[22.3263,65.8811]]]},"properties":{"Valdistrik":"25800447","Valdistr_1":"Råneå","Valdistr_2":"Råneå  (Luleå)","KommunNamn":"Luleå","And_rösta":84.016393442622956,"A_29_år":241,"A_65__år":623,"A_TOTålde":1674,"UTB_Lång_":234,"UTB_TOTutb":1664}},{"type":"Feature","geometry":{"type":"Polygon","coordinates":[[[22.1464,65.6181],[22.1585,65.6199],[22.163,65.6133],[22.1577,65.6093],[22.145,65.6145],[22.1484,65.6151],[22.1464,65.6181]]]},"properties":{"Valdistrik":"25800362","Valdistr_1":"Porsöudden","Valdistr_2":"Porsöudden  (Luleå)","KommunNamn":"Luleå","And_rösta":76.283618581907092,"A_29_år":181,"A_65__år":153,"A_TOTålde":801,"UTB_Lång_":174,"UTB_TOTutb":798}},{"type":"Feature","geometry":{"type":"Polygon","coordinates":[[[21.8601,65.5907],[21.8802,65.6056],[21.888,65.6065],[21.9424,65.5874],[21.9446,65.5882],[21.971,65.5701],[22.0445,65.5501],[22.0378,65.5197],[22.0295,65.5169],[22.0231,65.5171],[22.0208,65.5155],[22.0216,65.5142],[22.0166,65.515],[22.0149,65.5133],[22.0102,65.513],[22.0025,65.514],[22.0003,65.5123],[21.9786,65.5175],[21.9779,65.5199],[21.9791,65.5206],[21.9766,65.5218],[21.9698,65.5196],[21.9721,65.5179],[21.9689,65.5172],[21.9602,65.5198],[21.9516,65.5194],[21.9451,65.5223],[21.9214,65.5228],[21.9081,65.5248],[21.8948,65.5234],[21.8846,65.5246],[21.8823,65.5188],[21.8656,65.5167],[21.8607,65.52],[21.8281,65.5251],[21.8041,65.5362],[21.7896,65.5453],[21.7765,65.5578],[21.7911,65.5619],[21.7996,65.5604],[21.8037,65.5625],[21.8199,65.5587],[21.8263,65.5663],[21.8601,65.5907]]]},"properties":{"Valdistrik":"25800324","Valdistr_1":"Antnäs-Måttsund","Valdistr_2":"Antnäs-Måttsund  (Luleå)","KommunNamn":"Luleå","And_rösta":91.558441558441558,"A_29_år":156,"A_65__år":346,"A_TOTålde":1377,"UTB_Lång_":376,"UTB_TOTutb":1371}},{"type":"Feature","geometry":{"type":"Polygon","coordinates":[[[21.9812,65.6542],[21.9913,65.6545],[21.9999,65.6523],[22.031,65.6696],[22.0737,65.6526],[22.0611,65.646],[22.0801,65.6365],[22.0877,65.6264],[22.0888,65.6227],[22.1011,65.6178],[22.0593,65.6243],[22.0612,65.6279],[22.0519,65.6329],[22.0435,65.6355],[22.0359,65.6342],[22.0272,65.638],[22.0245,65.6358],[22.0156,65.6335],[22.017,65.633],[21.9855,65.6264],[21.9805,65.629],[22.008,65.6386],[22.0146,65.6396],[22.0206,65.6379],[22.0217,65.64],[21.9812,65.6542]]]},"properties":{"Valdistrik":"25800335","Valdistr_1":"Gammelstad","Valdistr_2":"Gammelstad  (Luleå)","KommunNamn":"Luleå","And_rösta":86.152416356877325,"A_29_år":131,"A_65__år":278,"A_TOTålde":1050,"UTB_Lång_":340,"UTB_TOTutb":1039}},{"type":"Feature","geometry":{"type":"Polygon","coordinates":[[[21.6713,65.6732],[21.8001,65.6972],[21.8199,65.688],[21.8272,65.6754],[21.8271,65.673],[21.8333,65.6701],[21.8613,65.6631],[21.8773,65.6669],[21.8964,65.6606],[21.9124,65.6487],[21.9332,65.645],[21.9537,65.6372],[21.9768,65.631],[21.9855,65.6264],[21.9967,65.6153],[21.9973,65.6115],[21.9371,65.5896],[21.888,65.6065],[21.8802,65.6056],[21.8601,65.5907],[21.8577,65.5929],[21.7777,65.6129],[21.7618,65.6133],[21.7671,65.6221],[21.7794,65.6343],[21.7336,65.6316],[21.6859,65.6379],[21.6862,65.6406],[21.6817,65.64],[21.6482,65.6622],[21.5989,65.653],[21.6021,65.652],[21.5441,65.6353],[21.5205,65.6334],[21.5191,65.6214],[21.5372,65.6074],[21.5327,65.5892],[21.5516,65.5781],[21.5356,65.5722],[21.5299,65.5722],[21.4899,65.5913],[21.396,65.6195],[21.3864,65.6178],[21.38,65.6457],[21.3361,65.6717],[21.4642,65.6906],[21.4687,65.6838],[21.4726,65.6822],[21.4738,65.6795],[21.4673,65.6793],[21.4626,65.6739],[21.4645,65.671],[21.4694,65.6675],[21.4823,65.6633],[21.5129,65.6891],[21.4776,65.7145],[21.5053,65.7288],[21.5144,65.7252],[21.5124,65.7219],[21.524,65.7181],[21.5349,65.7174],[21.5371,65.715],[21.5628,65.709],[21.5701,65.7018],[21.5697,65.7001],[21.577,65.6991],[21.577,65.6979],[21.5825,65.6959],[21.5949,65.6841],[21.6027,65.6804],[21.6462,65.6684],[21.6713,65.6732]]]},"properties":{"Valdistrik":"25800325","Valdistr_1":"Avan-Bälinge-Klöverträsk","Valdistr_2":"Avan-Bälinge-Klöverträsk  (Luleå)","KommunNamn":"Luleå","And_rösta":87.860780984719867,"A_29_år":139,"A_65__år":347,"A_TOTålde":1161,"UTB_Lång_":240,"UTB_TOTutb":1160}},{"type":"Feature","geometry":{"type":"Polygon","coordinates":[[[21.9855,65.6264],[22.017,65.633],[22.0156,65.6335],[22.0245,65.6358],[22.0272,65.638],[22.0359,65.6342],[22.0435,65.6355],[22.0612,65.6279],[22.0574,65.6197],[22.0619,65.6183],[22.0662,65.6129],[22.0828,65.6073],[22.0832,65.6042],[22.0896,65.6028],[22.1093,65.5938],[22.1042,65.5883],[22.0648,65.59],[22.0504,65.5861],[22.0255,65.5897],[21.9988,65.6051],[21.9967,65.6153],[21.9855,65.6264]]]},"properties":{"Valdistrik":"25800349","Valdistr_1":"Öhemmanet-Karlsvik","Valdistr_2":"Öhemmanet-Karlsvik  (Luleå)","KommunNamn":"Luleå","And_rösta":90.02770083102493,"A_29_år":127,"A_65__år":305,"A_TOTålde":1066,"UTB_Lång_":310,"UTB_TOTutb":1062}},{"type":"Feature","geometry":{"type":"Polygon","coordinates":[[[22.1039,65.5721],[22.1054,65.5714],[22.1082,65.5745],[22.1041,65.5772],[22.1223,65.5788],[22.1249,65.5757],[22.139,65.5728],[22.1426,65.5684],[22.1393,65.5626],[22.1313,65.563],[22.1131,65.5583],[22.094,65.567],[22.0944,65.5695],[22.1039,65.5721]]]},"properties":{"Valdistrik":"25800328","Valdistr_1":"Trollstaden","Valdistr_2":"Trollstaden  (Luleå)","KommunNamn":"Luleå","And_rösta":91.6597853014038,"A_29_år":122,"A_65__år":303,"A_TOTålde":1197,"UTB_Lång_":478,"UTB_TOTutb":1194}},{"type":"Feature","geometry":{"type":"Polygon","coordinates":[[[22.1696,65.6253],[22.1797,65.6304],[22.1864,65.6319],[22.1785,65.6348],[22.1797,65.6364],[22.1764,65.6363],[22.1744,65.6383],[22.1937,65.6405],[22.2148,65.6309],[22.2473,65.6284],[22.2532,65.6144],[22.2838,65.6053],[22.2783,65.5979],[22.283,65.5974],[22.2585,65.5939],[22.2537,65.5965],[22.2147,65.5948],[22.2149,65.5966],[22.2084,65.5998],[22.1928,65.6033],[22.1861,65.6014],[22.1848,65.6049],[22.1887,65.6104],[22.1998,65.6166],[22.1904,65.6175],[22.191,65.6197],[22.1883,65.6212],[22.1893,65.623],[22.1696,65.6253]]]},"properties":{"Valdistrik":"25800223","Valdistr_1":"Hällbacken","Valdistr_2":"Hällbacken  (Luleå)","KommunNamn":"Luleå","And_rösta":93.389592123769333,"A_29_år":60,"A_65__år":43,"A_TOTålde":711,"UTB_Lång_":359,"UTB_TOTutb":708}},{"type":"Feature","geometry":{"type":"Polygon","coordinates":[[[22.0801,65.6365],[22.0896,65.6403],[22.1034,65.6369],[22.1195,65.6386],[22.1267,65.6362],[22.135,65.6311],[22.1278,65.6277],[22.13,65.6241],[22.1368,65.6212],[22.1432,65.6218],[22.1484,65.6151],[22.145,65.6145],[22.1539,65.6109],[22.1517,65.6079],[22.1366,65.6096],[22.1381,65.6071],[22.1376,65.6047],[22.1188,65.6107],[22.0888,65.6227],[22.0877,65.6264],[22.0801,65.6365]]]},"properties":{"Valdistrik":"25800364","Valdistr_1":"Universitetet","Valdistr_2":"Universitetet  (Luleå)","KommunNamn":"Luleå","And_rösta":78.249158249158242,"A_29_år":1389,"A_65__år":0,"A_TOTålde":1468,"UTB_Lång_":145,"UTB_TOTutb":1467}},{"type":"Feature","geometry":{"type":"Polygon","coordinates":[[[21.6814,65.8252],[21.6949,65.8259],[21.6953,65.8244],[21.6837,65.8215],[21.6814,65.8252]]]},"properties":{"Valdistrik":"25820124","Valdistr_1":"Centrum södra","Valdistr_2":"Centrum södra  (Boden)","KommunNamn":"Boden","And_rösta":78.673383711167091,"A_29_år":150,"A_65__år":735,"A_TOTålde":1184,"UTB_Lång_":172,"UTB_TOTutb":1182}},{"type":"Feature","geometry":{"type":"Polygon","coordinates":[[[21.6964,65.8252],[21.707,65.8262],[21.7075,65.8241],[21.7116,65.8236],[21.7332,65.8137],[21.7278,65.8113],[21.717,65.8102],[21.6964,65.8252]]]},"properties":{"Valdistrik":"25820132","Valdistr_1":"Torpgärdan","Valdistr_2":"Torpgärdan  (Boden)","KommunNamn":"Boden","And_rösta":80.570801317233816,"A_29_år":203,"A_65__år":225,"A_TOTålde":905,"UTB_Lång_":157,"UTB_TOTutb":898}},{"type":"Feature","geometry":{"type":"Polygon","coordinates":[[[21.6779,65.8139],[21.6807,65.8154],[21.684,65.8215],[21.6964,65.8252],[21.7172,65.81],[21.7055,65.8088],[21.6923,65.8147],[21.6779,65.8139]]]},"properties":{"Valdistrik":"25820133","Valdistr_1":"Sanden","Valdistr_2":"Sanden  (Boden)","KommunNamn":"Boden","And_rösta":82.305084745762713,"A_29_år":272,"A_65__år":478,"A_TOTålde":1463,"UTB_Lång_":311,"UTB_TOTutb":1455}},{"type":"Feature","geometry":{"type":"Polygon","coordinates":[[[21.7055,65.8088],[21.7278,65.8113],[21.7332,65.8137],[21.745,65.8092],[21.7556,65.8124],[21.7599,65.8182],[21.7708,65.8151],[21.8,65.8125],[21.8153,65.8064],[21.8216,65.8083],[21.8346,65.8074],[21.8476,65.8122],[21.8646,65.8123],[21.8898,65.8012],[21.8893,65.7829],[21.8155,65.7865],[21.8158,65.7855],[21.801,65.7849],[21.7958,65.7875],[21.763,65.7891],[21.741,65.7831],[21.7383,65.7857],[21.7375,65.7906],[21.7265,65.7908],[21.7199,65.7929],[21.7061,65.8059],[21.7055,65.8088]]]},"properties":{"Valdistrik":"25820136","Valdistr_1":"Svartbyn","Valdistr_2":"Svartbyn  (Boden)","KommunNamn":"Boden","And_rösta":87.83185840707965,"A_29_år":224,"A_65__år":539,"A_TOTålde":1794,"UTB_Lång_":491,"UTB_TOTutb":1786}},{"type":"Feature","geometry":{"type":"Polygon","coordinates":[[[21.5864,65.8372],[21.5978,65.8403],[21.6061,65.8382],[21.6073,65.8346],[21.6106,65.8324],[21.6267,65.8249],[21.6245,65.8213],[21.6267,65.8191],[21.6405,65.8209],[21.6495,65.8168],[21.6514,65.8151],[21.648,65.8144],[21.6555,65.8066],[21.6593,65.7994],[21.6753,65.7915],[21.665,65.7843],[21.5984,65.8049],[21.5944,65.802],[21.5885,65.8007],[21.5782,65.8041],[21.5846,65.8101],[21.5878,65.8177],[21.596,65.8213],[21.5935,65.8228],[21.5952,65.8233],[21.5917,65.8276],[21.5793,65.8339],[21.5864,65.8372]]]},"properties":{"Valdistrik":"25820139","Valdistr_1":"Trångfors","Valdistr_2":"Trångfors  (Boden)","KommunNamn":"Boden","And_rösta":88.424124513618679,"A_29_år":157,"A_65__år":266,"A_TOTålde":1019,"UTB_Lång_":250,"UTB_TOTutb":1011}},{"type":"Feature","geometry":{"type":"Polygon","coordinates":[[[21.9467,66.4323],[22.1464,66.2833],[22.069,66.2669],[22.0667,66.2685],[22.0643,66.2679],[22.0824,66.2547],[22.0265,66.2401],[22.0323,66.2092],[22.0316,66.2027],[22.0615,66.1834],[22.0245,66.174],[22.0256,66.1736],[22.0186,66.1572],[21.9911,66.1546],[21.9778,66.1605],[21.9693,66.1547],[21.9897,66.15],[22.0198,66.1222],[22.0231,66.1085],[22.0707,66.1107],[22.0752,66.0869],[22.0311,66.0846],[22.0363,66.0701],[22.0082,66.0732],[22.0136,66.0606],[21.977,66.056],[21.94,66.0374],[21.9094,66.0014],[21.9042,65.9979],[21.8911,66.0017],[21.8819,65.9911],[21.8562,65.99],[21.8513,65.9785],[21.863,65.964],[21.8668,65.9636],[21.869,65.961],[21.8658,65.9605],[21.8683,65.9573],[21.8604,65.9587],[21.8573,65.9565],[21.8531,65.956],[21.8566,65.9554],[21.8539,65.955],[21.8525,65.9558],[21.8523,65.9603],[21.6214,66.0041],[21.624,66.0032],[21.6208,66.0022],[21.6173,66.0048],[21.6044,66.0074],[21.3285,66.1378],[21.2991,66.1966],[21.2741,66.2786],[21.3785,66.3002],[21.5485,66.3567],[21.6389,66.3845],[21.9467,66.4323]]]},"properties":{"Valdistrik":"25820220","Valdistr_1":"Gunnarsbyn","Valdistr_2":"Gunnarsbyn  (Boden)","KommunNamn":"Boden","And_rösta":86.290322580645167,"A_29_år":34,"A_65__år":237,"A_TOTålde":493,"UTB_Lång_":62,"UTB_TOTutb":489}},{"type":"Feature","geometry":{"type":"Polygon","coordinates":[[[20.5803,66.2002],[20.7128,66.3092],[20.7043,66.3092],[20.7035,66.316],[20.7179,66.3132],[20.7722,66.3579],[20.9981,66.3926],[21.2741,66.2786],[21.2991,66.1966],[21.3285,66.1378],[21.5678,66.0242],[21.5175,66.0029],[21.4829,66.0195],[21.436,66.0002],[21.4175,66.0079],[21.3454,65.9797],[21.334,65.9846],[21.3001,65.9901],[21.2233,65.9867],[21.2216,65.988],[21.2171,65.9875],[21.2131,65.9918],[21.1912,65.9977],[21.1809,65.9927],[21.1744,65.9948],[21.1421,65.9792],[21.2163,65.9472],[21.1039,65.9114],[21.0071,65.9301],[20.8752,65.9529],[20.7673,65.9022],[20.5329,65.9689],[20.362,66.0143],[20.5803,66.2002]]]},"properties":{"Valdistrik":"25820328","Valdistr_1":"Harads","Valdistr_2":"Harads  (Boden)","KommunNamn":"Boden","And_rösta":76.97495183044316,"A_29_år":95,"A_65__år":437,"A_TOTålde":1026,"UTB_Lång_":106,"UTB_TOTutb":1020}},{"type":"Feature","geometry":{"type":"Polygon","coordinates":[[[21.6968,65.7677],[21.7407,65.7657],[21.7625,65.762],[21.7627,65.765],[21.741,65.7831],[21.763,65.7891],[21.7958,65.7875],[21.801,65.7849],[21.8158,65.7855],[21.8155,65.7865],[21.8927,65.7827],[21.9286,65.7529],[21.8594,65.7366],[21.8324,65.7277],[21.799,65.7131],[21.7845,65.7115],[21.7612,65.7237],[21.7573,65.7297],[21.7549,65.7382],[21.7596,65.7417],[21.7571,65.7464],[21.7344,65.7559],[21.7016,65.7629],[21.698,65.7642],[21.6968,65.7677]]]},"properties":{"Valdistrik":"25820409","Valdistr_1":"Sävastön","Valdistr_2":"Sävastön  (Boden)","KommunNamn":"Boden","And_rösta":88.095238095238088,"A_29_år":214,"A_65__år":244,"A_TOTålde":1291,"UTB_Lång_":390,"UTB_TOTutb":1285}},{"type":"Feature","geometry":{"type":"Polygon","coordinates":[[[21.7377,65.7879],[21.739,65.7847],[21.7627,65.765],[21.7625,65.762],[21.7407,65.7657],[21.6968,65.7677],[21.6915,65.772],[21.6931,65.7735],[21.6913,65.7759],[21.6877,65.7773],[21.6879,65.7796],[21.7377,65.7879]]]},"properties":{"Valdistrik":"25820440","Valdistr_1":"Sävast","Valdistr_2":"Sävast  (Boden)","KommunNamn":"Boden","And_rösta":88.808139534883722,"A_29_år":166,"A_65__år":413,"A_TOTålde":1359,"UTB_Lång_":402,"UTB_TOTutb":1355}},{"type":"Feature","geometry":{"type":"Polygon","coordinates":[[[21.6521,65.8269],[21.6687,65.8234],[21.6671,65.822],[21.6835,65.8211],[21.6807,65.8154],[21.6755,65.8119],[21.6675,65.8111],[21.6545,65.813],[21.6429,65.8201],[21.6521,65.8269]]]},"properties":{"Valdistrik":"25820101","Valdistr_1":"Sveafältet","Valdistr_2":"Sveafältet  (Boden)","KommunNamn":"Boden","And_rösta":70.767960363336087,"A_29_år":362,"A_65__år":250,"A_TOTålde":1186,"UTB_Lång_":142,"UTB_TOTutb":1161}},{"type":"Feature","geometry":{"type":"Polygon","coordinates":[[[21.6822,65.8335],[21.6886,65.8336],[21.698,65.8271],[21.6814,65.8252],[21.6806,65.8278],[21.6839,65.8281],[21.6822,65.8335]]]},"properties":{"Valdistrik":"25820103","Valdistr_1":"Centrum norra","Valdistr_2":"Centrum norra  (Boden)","KommunNamn":"Boden","And_rösta":78.1010719754977,"A_29_år":117,"A_65__år":321,"A_TOTålde":644,"UTB_Lång_":92,"UTB_TOTutb":641}},{"type":"Feature","geometry":{"type":"Polygon","coordinates":[[[21.6787,65.8389],[21.6902,65.8383],[21.6958,65.8357],[21.7064,65.8372],[21.7084,65.8358],[21.7116,65.8391],[21.7143,65.839],[21.7154,65.8309],[21.7103,65.8295],[21.7097,65.8261],[21.6953,65.8244],[21.6954,65.8265],[21.698,65.8271],[21.6886,65.8336],[21.6822,65.8335],[21.6787,65.8389]]]},"properties":{"Valdistrik":"25820104","Valdistr_1":"Prästholmen","Valdistr_2":"Prästholmen  (Boden)","KommunNamn":"Boden","And_rösta":78.373800112930553,"A_29_år":282,"A_65__år":734,"A_TOTålde":1758,"UTB_Lång_":275,"UTB_TOTutb":1742}},{"type":"Feature","geometry":{"type":"Polygon","coordinates":[[[21.6141,65.8565],[21.6364,65.8522],[21.6431,65.8486],[21.6464,65.8444],[21.6758,65.8434],[21.6822,65.8335],[21.6839,65.8281],[21.6806,65.8278],[21.6821,65.8227],[21.684,65.8215],[21.6671,65.822],[21.6687,65.8234],[21.6599,65.8253],[21.6148,65.8335],[21.6128,65.8353],[21.6183,65.8383],[21.6113,65.84],[21.6141,65.8565]]]},"properties":{"Valdistrik":"25820102","Valdistr_1":"Björknäs","Valdistr_2":"Björknäs  (Boden)","KommunNamn":"Boden","And_rösta":70.2493551160791,"A_29_år":238,"A_65__år":456,"A_TOTålde":1147,"UTB_Lång_":152,"UTB_TOTutb":1136}},{"type":"Feature","geometry":{"type":"Polygon","coordinates":[[[21.2233,65.9867],[21.2271,65.9824],[21.2395,65.9757],[21.24,65.9654],[21.2485,65.9585],[21.2506,65.9484],[21.2532,65.9439],[21.2648,65.9335],[21.2721,65.9289],[21.3015,65.9176],[21.3178,65.9068],[21.383,65.8878],[21.3945,65.8794],[21.4012,65.8703],[21.4213,65.8598],[21.4369,65.856],[21.4842,65.8499],[21.4912,65.8475],[21.4964,65.841],[21.5018,65.8381],[21.5293,65.8271],[21.5433,65.8273],[21.5502,65.8295],[21.5535,65.832],[21.5582,65.8425],[21.5573,65.8435],[21.5632,65.8471],[21.5735,65.8461],[21.5752,65.8444],[21.5745,65.8418],[21.5767,65.8399],[21.5864,65.8372],[21.5793,65.8339],[21.5917,65.8276],[21.5952,65.8233],[21.5935,65.8228],[21.596,65.8213],[21.5878,65.8177],[21.5846,65.8101],[21.578,65.8044],[21.5987,65.7968],[21.5918,65.7949],[21.598,65.7903],[21.576,65.7852],[21.6101,65.7643],[21.6011,65.7562],[21.6046,65.7517],[21.606,65.7412],[21.6336,65.7204],[21.6225,65.7178],[21.6501,65.7021],[21.6434,65.7003],[21.6549,65.6835],[21.6672,65.678],[21.6688,65.674],[21.6713,65.6732],[21.6462,65.6684],[21.6027,65.6804],[21.5949,65.6841],[21.5825,65.6959],[21.577,65.6979],[21.577,65.6991],[21.5697,65.7001],[21.5701,65.7018],[21.5628,65.709],[21.5371,65.715],[21.5349,65.7174],[21.524,65.7181],[21.5124,65.7219],[21.5144,65.7252],[21.5053,65.7288],[21.4776,65.7145],[21.5129,65.6891],[21.4823,65.6633],[21.4694,65.6675],[21.4645,65.671],[21.4626,65.6739],[21.4673,65.6793],[21.4738,65.6795],[21.4726,65.6822],[21.4687,65.6838],[21.4642,65.6906],[21.3361,65.6717],[21.2149,65.7313],[21.1132,65.7774],[21.0161,65.8161],[20.9128,65.8548],[20.7673,65.9022],[20.8752,65.9529],[21.0071,65.9301],[21.1039,65.9114],[21.2163,65.9472],[21.1421,65.9792],[21.1744,65.9948],[21.1809,65.9927],[21.1912,65.9977],[21.2131,65.9918],[21.2171,65.9875],[21.2216,65.988],[21.2233,65.9867]]]},"properties":{"Valdistrik":"25820115","Valdistr_1":"Heden - Södra Bredåker","Valdistr_2":"Heden - Södra Bredåker  (Boden)","KommunNamn":"Boden","And_rösta":86.248912097476065,"A_29_år":121,"A_65__år":374,"A_TOTålde":1137,"UTB_Lång_":188,"UTB_TOTutb":1135}},{"type":"Feature","geometry":{"type":"Polygon","coordinates":[[[21.8898,65.8012],[21.8766,65.8081],[21.8744,65.807],[21.8709,65.8104],[21.8629,65.8126],[21.8476,65.8122],[21.8346,65.8074],[21.8216,65.8083],[21.8153,65.8064],[21.8,65.8125],[21.7708,65.8151],[21.7599,65.8182],[21.7556,65.8124],[21.745,65.8092],[21.7116,65.8236],[21.7075,65.8241],[21.707,65.8262],[21.7097,65.8261],[21.7103,65.8295],[21.7154,65.8309],[21.7136,65.8381],[21.7149,65.8402],[21.7263,65.8389],[21.7678,65.8394],[21.7677,65.8382],[21.7783,65.8358],[21.8368,65.8311],[21.8595,65.817],[21.8654,65.8151],[21.8852,65.8177],[21.8803,65.8207],[21.8977,65.8279],[21.9,65.8261],[21.9088,65.8306],[21.9124,65.838],[21.9307,65.8426],[21.9265,65.8459],[21.9412,65.8476],[21.9435,65.8457],[22.0128,65.8632],[21.9989,65.8702],[21.9952,65.877],[21.9892,65.9048],[22.0106,65.9014],[22.0225,65.9046],[22.0495,65.8795],[22.1148,65.8485],[22.1079,65.845],[22.0135,65.8732],[22.0112,65.8726],[22.0169,65.8692],[22.0196,65.8641],[22.0224,65.8643],[22.0421,65.8424],[22.0372,65.8386],[22.04,65.8382],[22.0389,65.8373],[22.0414,65.8335],[22.0372,65.8326],[22.0375,65.8297],[22.0297,65.8289],[22.0279,65.8275],[22.029,65.826],[22.0273,65.8252],[22.0001,65.8264],[21.9932,65.824],[21.9877,65.8193],[21.9823,65.8183],[21.9609,65.8263],[21.9573,65.8246],[21.9697,65.8212],[21.9701,65.8194],[21.9754,65.817],[21.916,65.8058],[21.9033,65.8083],[21.9027,65.8075],[21.9118,65.805],[21.8898,65.8012]]]},"properties":{"Valdistrik":"25820105","Valdistr_1":"Erikslund- Fagernäs","Valdistr_2":"Erikslund- Fagernäs  (Boden)","KommunNamn":"Boden","And_rösta":80.41488712629652,"A_29_år":211,"A_65__år":500,"A_TOTålde":1623,"UTB_Lång_":273,"UTB_TOTutb":1601}},{"type":"Feature","geometry":{"type":"Polygon","coordinates":[[[21.8654,65.8151],[21.8595,65.817],[21.8368,65.8311],[21.7783,65.8358],[21.7677,65.8382],[21.7678,65.8394],[21.7263,65.8389],[21.7149,65.8402],[21.7084,65.8358],[21.7064,65.8372],[21.6958,65.8357],[21.6902,65.8383],[21.6787,65.8389],[21.6758,65.8434],[21.6722,65.8445],[21.6562,65.8432],[21.6464,65.8444],[21.6431,65.8486],[21.6364,65.8522],[21.6141,65.8565],[21.6188,65.8824],[21.5555,65.9213],[21.5563,65.9232],[21.4988,65.925],[21.4548,65.9324],[21.3454,65.9797],[21.4175,66.0079],[21.436,66.0002],[21.4829,66.0195],[21.5175,66.0029],[21.5678,66.0242],[21.6044,66.0074],[21.6173,66.0048],[21.6208,66.0022],[21.624,66.0032],[21.6214,66.0041],[21.8523,65.9603],[21.8525,65.9558],[21.8539,65.955],[21.8566,65.9554],[21.8531,65.956],[21.8573,65.9565],[21.8604,65.9587],[21.9682,65.9444],[21.9985,65.9246],[22.002,65.9238],[22.0019,65.9224],[22.0225,65.9046],[22.0106,65.9014],[21.9892,65.9048],[21.9952,65.877],[21.9989,65.8702],[22.0128,65.8632],[21.9435,65.8457],[21.9412,65.8476],[21.9265,65.8459],[21.9307,65.8426],[21.9124,65.838],[21.9088,65.8306],[21.9,65.8261],[21.8977,65.8279],[21.8803,65.8207],[21.8852,65.8177],[21.8654,65.8151]]]},"properties":{"Valdistrik":"25820113","Valdistr_1":"Svartbjörsbyn-Skogså","Valdistr_2":"Svartbjörsbyn-Skogså  (Boden)","KommunNamn":"Boden","And_rösta":86.576354679802961,"A_29_år":196,"A_65__år":504,"A_TOTålde":1611,"UTB_Lång_":307,"UTB_TOTutb":1609}},{"type":"Feature","geometry":{"type":"Polygon","coordinates":[[[21.5885,65.8007],[21.5944,65.802],[21.5984,65.8049],[21.665,65.7843],[21.6753,65.7915],[21.6593,65.7994],[21.6555,65.8066],[21.648,65.8144],[21.6514,65.8151],[21.6545,65.813],[21.6675,65.8111],[21.6861,65.8154],[21.6923,65.8147],[21.7055,65.8088],[21.7061,65.8059],[21.7199,65.7929],[21.7265,65.7908],[21.7375,65.7906],[21.7377,65.7879],[21.6879,65.7796],[21.6877,65.7773],[21.6913,65.7759],[21.6931,65.7735],[21.6915,65.772],[21.6968,65.7677],[21.698,65.7642],[21.7344,65.7559],[21.7571,65.7464],[21.7596,65.7417],[21.7549,65.7382],[21.7573,65.7297],[21.7612,65.7237],[21.7845,65.7115],[21.8001,65.6972],[21.6691,65.6738],[21.6672,65.678],[21.6549,65.6835],[21.6434,65.7003],[21.6501,65.7021],[21.6225,65.7178],[21.6336,65.7204],[21.606,65.7412],[21.6046,65.7517],[21.6011,65.7562],[21.6101,65.7643],[21.576,65.7852],[21.598,65.7903],[21.5918,65.7949],[21.5987,65.7968],[21.5885,65.8007]]]},"properties":{"Valdistrik":"25820116","Valdistr_1":"Bodsvedjan - Unbyn","Valdistr_2":"Bodsvedjan - Unbyn  (Boden)","KommunNamn":"Boden","And_rösta":86.104605776736918,"A_29_år":167,"A_65__år":318,"A_TOTålde":1269,"UTB_Lång_":340,"UTB_TOTutb":1261}},{"type":"Feature","geometry":{"type":"Polygon","coordinates":[[[21.2233,65.9867],[21.3001,65.9901],[21.334,65.9846],[21.4548,65.9324],[21.4988,65.925],[21.5563,65.9232],[21.5555,65.9213],[21.6188,65.8824],[21.6113,65.84],[21.6183,65.8383],[21.6128,65.8353],[21.6138,65.8341],[21.6259,65.8308],[21.6521,65.8269],[21.6429,65.8201],[21.6371,65.821],[21.6272,65.8189],[21.6245,65.8213],[21.6267,65.8249],[21.6106,65.8324],[21.6073,65.8346],[21.6061,65.8382],[21.5978,65.8403],[21.5871,65.8373],[21.5813,65.838],[21.5745,65.8418],[21.5748,65.8453],[21.5674,65.8474],[21.5616,65.8467],[21.5573,65.8435],[21.5582,65.8425],[21.5535,65.832],[21.5502,65.8295],[21.5433,65.8273],[21.5293,65.8271],[21.5018,65.8381],[21.4964,65.841],[21.4912,65.8475],[21.4842,65.8499],[21.4237,65.8589],[21.4012,65.8703],[21.3945,65.8794],[21.383,65.8878],[21.3178,65.9068],[21.3015,65.9176],[21.2721,65.9289],[21.2648,65.9335],[21.2532,65.9439],[21.2506,65.9484],[21.2485,65.9585],[21.24,65.9654],[21.2395,65.9757],[21.2271,65.9824],[21.2233,65.9867]]]},"properties":{"Valdistrik":"25820117","Valdistr_1":"Vittjärv - Norra Bredåker","Valdistr_2":"Vittjärv - Norra Bredåker  (Boden)","KommunNamn":"Boden","And_rösta":88.631346578366447,"A_29_år":105,"A_65__år":237,"A_TOTålde":904,"UTB_Lång_":175,"UTB_TOTutb":900}},{"type":"Feature","geometry":{"type":"Polygon","coordinates":[[[20.7009,66.9906],[20.6142,66.9848],[20.4147,66.9191],[20.4135,66.9202],[20.4175,66.9235],[20.4151,66.924],[20.4148,66.9257],[20.4161,66.9269],[20.4161,66.9324],[20.4145,66.935],[20.4162,66.9366],[20.4098,66.9411],[20.4136,66.9432],[20.4116,66.9447],[20.4156,66.9475],[20.4139,66.9486],[20.4191,66.9519],[20.3999,66.9621],[20.3877,66.9658],[20.3857,66.9682],[20.3933,66.9739],[20.401,66.9754],[20.4127,66.9926],[20.2579,67.0614],[20.2381,67.0624],[20.2801,67.0669],[20.2874,67.0697],[20.3606,67.0839],[20.4271,67.0914],[20.4469,67.0978],[20.4608,67.108],[20.4687,67.1162],[20.4731,67.118],[20.4934,67.1244],[20.5374,67.1336],[20.5746,67.1344],[20.6217,67.1296],[20.6582,67.1235],[20.6709,67.1256],[20.697,67.1151],[20.7113,67.104],[20.712,67.102],[20.7047,67.0979],[20.7035,67.0947],[20.7204,67.0863],[20.7292,67.0791],[20.7311,67.0757],[20.731,67.0708],[20.7353,67.0657],[20.7343,67.061],[20.7305,67.0573],[20.6946,67.0431],[20.6848,67.0357],[20.6936,67.0068],[20.7009,66.9906]]]},"properties":{"Valdistrik":"25230011","Valdistr_1":"Dundret","Valdistr_2":"Dundret  (Gällivare)","KommunNamn":"Gällivare","And_rösta":80.423814328960646,"A_29_år":225,"A_65__år":171,"A_TOTålde":990,"UTB_Lång_":139,"UTB_TOTutb":985}},{"type":"Feature","geometry":{"type":"Polygon","coordinates":[[[20.1557,66.8721],[20.3819,66.9083],[20.6142,66.9848],[20.7978,66.9971],[20.8909,67.0739],[20.9054,67.1085],[20.9795,67.1442],[20.9982,67.1406],[21.1938,67.1195],[21.5193,67.1531],[21.5449,67.1571],[21.5541,67.1513],[21.5752,67.1446],[21.5998,67.1441],[21.6359,67.1367],[21.6459,67.1289],[21.6624,67.1266],[21.6736,67.1211],[21.6914,67.1159],[21.7003,67.1087],[21.726,67.0972],[21.7351,67.0861],[21.7573,67.0777],[21.7571,67.0724],[21.7672,67.0684],[21.7747,67.0678],[21.7777,67.0657],[21.7754,67.0626],[21.9732,67.0554],[22.055,67.064],[22.199,66.9193],[22.1267,66.8339],[22.1585,66.8125],[22.1639,66.8122],[22.1442,66.8098],[22.1385,66.8069],[22.1427,66.8058],[22.1431,66.8041],[22.1379,66.8031],[22.1334,66.8037],[22.1281,66.8067],[22.107,66.8097],[22.0442,66.732],[21.9708,66.6693],[22.1225,66.6057],[22.1222,66.6037],[22.114,66.605],[22.1121,66.6004],[22.122,66.5998],[22.1099,66.4566],[21.6389,66.3845],[21.5485,66.3567],[21.3785,66.3002],[21.2741,66.2786],[21.2456,66.3096],[21.2577,66.3076],[21.2432,66.3122],[21.1987,66.361],[21.1997,66.3623],[21.1949,66.3651],[20.9615,66.6225],[20.6326,66.7359],[20.2906,66.8293],[20.1557,66.8721]]]},"properties":{"Valdistrik":"25230001","Valdistr_1":"Gällivare Södra","Valdistr_2":"Gällivare Södra  (Gällivare)","KommunNamn":"Gällivare","And_rösta":74.714285714285708,"A_29_år":147,"A_65__år":582,"A_TOTålde":1390,"UTB_Lång_":104,"UTB_TOTutb":1385}},{"type":"Feature","geometry":{"type":"Polygon","coordinates":[[[17.8997,67.9693],[18.1865,67.8951],[18.3519,67.8543],[18.786,67.8523],[18.8214,67.8491],[18.8292,67.8499],[18.8526,67.8445],[19.005,67.8573],[19.0818,67.8514],[19.1807,67.8508],[19.237,67.8481],[19.3216,67.8563],[19.4082,67.8522],[19.4663,67.8436],[19.4844,67.8376],[19.5383,67.8323],[19.6358,67.8281],[19.6341,67.8247],[19.6419,67.821],[19.6534,67.8223],[19.6638,67.8192],[19.702,67.8132],[19.7813,67.8149],[19.809,67.8056],[19.8132,67.8014],[19.8206,67.8007],[19.8357,67.7959],[19.8525,67.7942],[19.873,67.7866],[19.924,67.7805],[19.9518,67.7737],[19.9639,67.7666],[19.9774,67.7633],[20.0091,67.7458],[20.0332,67.7449],[20.0422,67.7427],[20.0827,67.75],[20.118,67.7475],[20.1647,67.7308],[20.1785,67.7323],[20.2229,67.7218],[20.2555,67.7229],[20.2758,67.7272],[20.2816,67.7311],[20.3154,67.7307],[20.332,67.7349],[20.3347,67.7322],[20.3518,67.7295],[20.3712,67.7203],[20.3776,67.7143],[20.3837,67.7132],[20.3969,67.7057],[20.409,67.7019],[20.4328,67.6976],[20.4486,67.6929],[20.4659,67.6909],[20.4706,67.6885],[20.4976,67.6878],[20.5242,67.6823],[20.5309,67.6803],[20.5333,67.678],[20.5515,67.6764],[20.5609,67.6726],[20.5775,67.6709],[20.5893,67.6649],[20.6138,67.6623],[20.6246,67.6583],[20.7043,67.6393],[20.7133,67.6356],[20.7161,67.6319],[20.715,67.6301],[20.7284,67.6277],[20.7647,67.6171],[20.7743,67.6129],[20.7734,67.608],[20.7748,67.6073],[20.8192,67.5938],[20.8242,67.5904],[20.8426,67.5862],[20.879,67.5708],[20.9133,67.5629],[20.917,67.5601],[20.9145,67.5583],[20.916,67.5549],[20.9361,67.5504],[20.955,67.5399],[20.9673,67.5364],[20.9696,67.5327],[20.9948,67.5261],[21.0103,67.5242],[21.0151,67.5219],[21.0154,67.5191],[21.0183,67.517],[21.0335,67.5125],[21.0432,67.5117],[21.053,67.5068],[21.0647,67.5041],[21.0686,67.5002],[21.0679,67.4949],[21.0913,67.4903],[21.127,67.4883],[21.1369,67.4857],[21.1702,67.4838],[21.1856,67.4806],[21.2168,67.4814],[21.2624,67.4733],[21.2966,67.4739],[21.3222,67.4782],[21.3268,67.4816],[21.355,67.4848],[21.3604,67.4831],[21.36,67.4821],[21.3656,67.4816],[21.3621,67.4801],[21.3639,67.4789],[21.3699,67.4803],[21.3827,67.4757],[21.3857,67.4764],[21.3908,67.474],[21.4005,67.4731],[21.4007,67.4717],[21.4154,67.4719],[21.4139,67.4704],[21.4181,67.4692],[21.4271,67.4674],[21.4388,67.4683],[21.4455,67.4654],[21.4503,67.4658],[21.4445,67.4681],[21.4261,67.4692],[21.4261,67.4681],[21.4188,67.4703],[21.4246,67.4697],[21.4224,67.4715],[21.4315,67.4728],[21.4347,67.4713],[21.4359,67.4717],[21.435,67.4733],[21.4371,67.4717],[21.4385,67.4726],[21.4363,67.4735],[21.4399,67.474],[21.4412,67.4728],[21.4544,67.473],[21.4555,67.471],[21.4596,67.4712],[21.4607,67.472],[21.459,67.473],[21.4662,67.475],[21.468,67.4745],[21.4677,67.4731],[21.4711,67.4737],[21.4705,67.4722],[21.4779,67.4719],[21.4764,67.4714],[21.4785,67.4702],[21.4738,67.4696],[21.4866,67.4688],[21.4893,67.4704],[21.5034,67.4703],[21.5053,67.4698],[21.5042,67.4688],[21.519,67.4667],[21.5193,67.4649],[21.5278,67.4642],[21.5302,67.4655],[21.5317,67.465],[21.5305,67.4642],[21.5376,67.462],[21.7438,67.4525],[21.7386,67.4482],[21.7397,67.447],[21.7424,67.4489],[21.75,67.4487],[21.7463,67.4523],[21.8022,67.4482],[21.832,67.4382],[21.8416,67.4301],[21.8634,67.4291],[21.9084,67.4126],[21.9098,67.4112],[21.9074,67.4077],[21.908,67.4057],[21.9165,67.4016],[21.9187,67.3995],[21.9183,67.3978],[21.9079,67.3941],[21.8887,67.3915],[21.8843,67.3927],[21.886,67.3888],[21.8981,67.3814],[21.9162,67.3779],[21.9314,67.3671],[21.9368,67.3666],[21.9539,67.3581],[21.9623,67.3562],[21.8452,67.2709],[21.9841,67.1345],[21.9883,67.1333],[21.9886,67.13],[22.055,67.064],[21.9732,67.0554],[21.7754,67.0626],[21.7777,67.0657],[21.7747,67.0678],[21.7672,67.0684],[21.7571,67.0724],[21.7573,67.0777],[21.7351,67.0861],[21.726,67.0972],[21.7003,67.1087],[21.6914,67.1159],[21.6736,67.1211],[21.6624,67.1266],[21.6459,67.1289],[21.6359,67.1367],[21.5998,67.1441],[21.5752,67.1446],[21.5541,67.1513],[21.5449,67.1571],[21.5193,67.1531],[21.1938,67.1195],[20.9982,67.1406],[20.8991,67.1597],[20.9266,67.2726],[20.9286,67.2903],[20.8677,67.3167],[20.8555,67.3528],[20.8367,67.3657],[20.7432,67.3636],[20.6957,67.3718],[20.6445,67.3662],[20.5976,67.3701],[20.5611,67.3995],[20.5275,67.4204],[20.484,67.4308],[20.4464,67.4347],[20.308,67.4127],[20.2908,67.4248],[20.1143,67.4655],[20.0463,67.4702],[20.0295,67.412],[19.8571,67.373],[19.6207,67.4313],[19.4615,67.4997],[19.3968,67.4791],[19.1736,67.4993],[18.9568,67.5564],[18.7994,67.588],[18.7026,67.6219],[18.6413,67.6909],[18.5525,67.7149],[18.3603,67.7463],[18.2429,67.735],[18.1178,67.7582],[18.0839,67.7872],[17.9576,67.8261],[17.6186,67.8817],[17.5403,67.9316],[17.1529,67.9961],[17.0429,68.0108],[17.1806,68.0504],[17.2815,68.1188],[17.6647,68.0384],[17.8997,67.9693]]]},"properties":{"Valdistrik":"25230002","Valdistr_1":"Gällivare Norra","Valdistr_2":"Gällivare Norra  (Gällivare)","KommunNamn":"Gällivare","And_rösta":69.554455445544548,"A_29_år":72,"A_65__år":393,"A_TOTålde":800,"UTB_Lång_":54,"UTB_TOTutb":797}},{"type":"Feature","geometry":{"type":"Polygon","coordinates":[[[17.0429,68.0108],[17.1529,67.9961],[17.5403,67.9316],[17.6186,67.8817],[17.9576,67.8261],[18.0839,67.7872],[18.1178,67.7582],[18.2429,67.735],[18.3603,67.7463],[18.5525,67.7149],[18.6413,67.6909],[18.7026,67.6219],[18.7994,67.588],[18.9568,67.5564],[19.1736,67.4993],[19.3968,67.4791],[19.4615,67.4997],[19.6207,67.4313],[19.791,67.3894],[19.7956,67.3687],[19.8801,67.3312],[20.0758,67.2228],[20.4288,67.1344],[20.4877,67.1398],[20.5221,67.1463],[20.5605,67.1391],[20.5755,67.1381],[20.5836,67.1397],[20.6026,67.1351],[20.6169,67.1373],[20.6439,67.1341],[20.6553,67.1286],[20.6666,67.1296],[20.6753,67.1266],[20.6775,67.1268],[20.6816,67.1318],[20.6909,67.1333],[20.7313,67.1336],[20.7493,67.1257],[20.75,67.1235],[20.7619,67.1154],[20.7812,67.1129],[20.7833,67.1105],[20.7902,67.1089],[20.8007,67.1094],[20.8097,67.1078],[20.8092,67.1053],[20.8111,67.1037],[20.8303,67.1024],[20.8546,67.0972],[20.8582,67.0996],[20.8928,67.1016],[20.9046,67.1065],[20.8909,67.0739],[20.7978,66.9971],[20.7009,66.9906],[20.6936,67.0068],[20.6848,67.0357],[20.6946,67.0431],[20.7305,67.0573],[20.7343,67.061],[20.7353,67.0657],[20.731,67.0708],[20.7311,67.0757],[20.7292,67.0791],[20.7204,67.0863],[20.7035,67.0947],[20.7047,67.0979],[20.712,67.102],[20.7113,67.104],[20.697,67.1151],[20.6709,67.1256],[20.6582,67.1235],[20.6217,67.1296],[20.5746,67.1344],[20.5374,67.1336],[20.4934,67.1244],[20.4731,67.118],[20.4687,67.1162],[20.4608,67.108],[20.4469,67.0978],[20.4271,67.0914],[20.3606,67.0839],[20.2874,67.0697],[20.2801,67.0669],[20.2381,67.0624],[20.2579,67.0614],[20.4127,66.9926],[20.401,66.9754],[20.3933,66.9739],[20.3857,66.9682],[20.3877,66.9658],[20.3999,66.9621],[20.4191,66.9519],[20.4139,66.9486],[20.4156,66.9475],[20.4116,66.9447],[20.4136,66.9432],[20.4098,66.9411],[20.4162,66.9366],[20.4145,66.935],[20.4161,66.9324],[20.4161,66.9269],[20.4148,66.9257],[20.4151,66.924],[20.4175,66.9235],[20.4135,66.9202],[20.4147,66.9191],[20.3819,66.9083],[20.1557,66.8721],[19.8312,66.9753],[19.7868,67.04],[19.7883,67.0404],[19.7841,67.0437],[19.6621,67.0946],[19.5102,67.1456],[19.313,67.1542],[19.0898,67.2791],[19.0528,67.2907],[19.028,67.2936],[18.9898,67.304],[18.9686,67.3049],[18.956,67.3072],[18.9246,67.3067],[18.8937,67.3283],[18.8783,67.3523],[18.7826,67.3856],[18.7035,67.4051],[18.6713,67.3987],[18.6344,67.3969],[18.6183,67.405],[18.5729,67.4104],[18.5059,67.4008],[18.4881,67.4028],[18.4375,67.4189],[18.4171,67.4328],[18.3895,67.4415],[18.3605,67.4578],[18.3399,67.4801],[18.3282,67.4797],[18.3252,67.4762],[18.3108,67.4787],[18.3088,67.4833],[18.2579,67.4978],[18.2068,67.5235],[18.2,67.5313],[18.1899,67.5345],[18.1459,67.5611],[18.1047,67.573],[17.9697,67.586],[17.9582,67.5835],[17.9014,67.5868],[17.8615,67.6118],[17.8243,67.6215],[17.7485,67.6349],[17.7083,67.6355],[17.6288,67.6429],[17.5945,67.651],[17.5785,67.6574],[17.5577,67.6587],[17.5468,67.6625],[17.4513,67.6763],[17.4341,67.6936],[17.4329,67.7141],[17.3652,67.7178],[17.3298,67.729],[17.3087,67.7308],[17.3002,67.7333],[17.2987,67.7393],[17.2902,67.749],[17.2524,67.7744],[17.1543,67.8059],[17.1277,67.8042],[17.1061,67.805],[17.091,67.8026],[17.0858,67.808],[17.0762,67.8127],[17.0542,67.8134],[17.0251,67.8197],[17.023,67.8211],[17.0243,67.823],[17.0107,67.8256],[16.9938,67.8357],[16.9952,67.8368],[16.9907,67.84],[16.9838,67.8413],[16.982,67.8437],[16.9662,67.8451],[16.9561,67.8501],[16.9028,67.8636],[16.8903,67.8704],[16.8721,67.8759],[16.8636,67.8801],[16.8375,67.8844],[16.8352,67.8873],[16.8115,67.8901],[16.786,67.8995],[16.7741,67.8983],[16.7586,67.9022],[16.7475,67.9012],[16.7409,67.9038],[16.7418,67.905],[16.7326,67.9058],[16.7381,67.9142],[16.9081,67.97],[17.0429,68.0108]]]},"properties":{"Valdistrik":"25230003","Valdistr_1":"Gällivare Västra","Valdistr_2":"Gällivare Västra  (Gällivare)","KommunNamn":"Gällivare","And_rösta":81.3273340832396,"A_29_år":108,"A_65__år":287,"A_TOTålde":886,"UTB_Lång_":165,"UTB_TOTutb":885}},{"type":"Feature","geometry":{"type":"Polygon","coordinates":[[[20.6478,67.1329],[20.6605,67.1386],[20.6611,67.1372],[20.6704,67.1346],[20.6719,67.1308],[20.6699,67.1281],[20.6666,67.1296],[20.6553,67.1286],[20.6478,67.1329]]]},"properties":{"Valdistrik":"25230004","Valdistr_1":"Gällivare Centrum","Valdistr_2":"Gällivare Centrum  (Gällivare)","KommunNamn":"Gällivare","And_rösta":74.142011834319518,"A_29_år":228,"A_65__år":716,"A_TOTålde":1664,"UTB_Lång_":140,"UTB_TOTutb":1648}},{"type":"Feature","geometry":{"type":"Polygon","coordinates":[[[20.6382,67.1471],[20.6671,67.1589],[20.7162,67.1632],[20.7234,67.1661],[20.7261,67.1736],[20.7607,67.168],[20.77,67.18],[20.9014,67.1692],[20.8991,67.1597],[20.9795,67.1442],[20.9054,67.1085],[20.9046,67.1065],[20.8989,67.1038],[20.8823,67.1],[20.8582,67.0996],[20.8546,67.0972],[20.8303,67.1024],[20.8111,67.1037],[20.8092,67.1053],[20.8097,67.1078],[20.8007,67.1094],[20.7902,67.1089],[20.7833,67.1105],[20.7812,67.1129],[20.7619,67.1154],[20.75,67.1235],[20.7493,67.1257],[20.7398,67.129],[20.7376,67.1317],[20.7258,67.1342],[20.7147,67.1336],[20.7213,67.1369],[20.7125,67.1411],[20.6824,67.1387],[20.6769,67.136],[20.6619,67.1385],[20.6624,67.1406],[20.6481,67.1419],[20.6447,67.1405],[20.6413,67.1433],[20.6433,67.1462],[20.6382,67.1471]]]},"properties":{"Valdistrik":"25230005","Valdistr_1":"Heden","Valdistr_2":"Heden  (Gällivare)","KommunNamn":"Gällivare","And_rösta":85.085714285714289,"A_29_år":216,"A_65__år":517,"A_TOTålde":1723,"UTB_Lång_":279,"UTB_TOTutb":1717}},{"type":"Feature","geometry":{"type":"Polygon","coordinates":[[[20.5619,67.3989],[20.5976,67.3701],[20.6445,67.3662],[20.6957,67.3718],[20.7432,67.3636],[20.8367,67.3657],[20.8555,67.3528],[20.8677,67.3167],[20.9286,67.2903],[20.9266,67.2726],[20.9014,67.1692],[20.77,67.18],[20.7607,67.168],[20.7261,67.1736],[20.7234,67.1661],[20.7162,67.1632],[20.6822,67.1596],[20.6671,67.1589],[20.6654,67.1663],[20.6448,67.1681],[20.6416,67.1758],[20.6426,67.1766],[20.6821,67.1821],[20.6799,67.1924],[20.6696,67.2082],[20.6362,67.2362],[20.5301,67.2749],[20.4841,67.2825],[20.3634,67.3626],[20.5619,67.3989]]]},"properties":{"Valdistrik":"25230006","Valdistr_1":"Koskullskulle","Valdistr_2":"Koskullskulle  (Gällivare)","KommunNamn":"Gällivare","And_rösta":79.490291262135926,"A_29_år":214,"A_65__år":433,"A_TOTålde":1611,"UTB_Lång_":181,"UTB_TOTutb":1608}},{"type":"Feature","geometry":{"type":"Polygon","coordinates":[[[20.535,67.1438],[20.5436,67.1462],[20.5852,67.15],[20.6314,67.1464],[20.6382,67.1471],[20.6433,67.1462],[20.6413,67.1433],[20.6447,67.1405],[20.6481,67.1419],[20.6624,67.1406],[20.6521,67.1338],[20.6478,67.1329],[20.6169,67.1373],[20.6026,67.1351],[20.5836,67.1397],[20.5755,67.1381],[20.5605,67.1391],[20.535,67.1438]]]},"properties":{"Valdistrik":"25230007","Valdistr_1":"Maria","Valdistr_2":"Maria  (Gällivare)","KommunNamn":"Gällivare","And_rösta":76.580310880829018,"A_29_år":124,"A_65__år":279,"A_TOTålde":954,"UTB_Lång_":143,"UTB_TOTutb":948}},{"type":"Feature","geometry":{"type":"Polygon","coordinates":[[[20.5619,67.3989],[20.3634,67.3626],[20.4841,67.2825],[20.5301,67.2749],[20.6362,67.2362],[20.6696,67.2082],[20.6799,67.1924],[20.6821,67.1821],[20.6426,67.1766],[20.6416,67.1758],[20.6448,67.1681],[20.6654,67.1663],[20.6671,67.1589],[20.6382,67.1471],[20.6314,67.1464],[20.5852,67.15],[20.5436,67.1462],[20.535,67.1438],[20.5221,67.1463],[20.4877,67.1398],[20.4288,67.1344],[20.0758,67.2228],[19.8801,67.3312],[19.7956,67.3687],[19.791,67.3894],[19.8571,67.373],[20.0295,67.412],[20.0463,67.4702],[20.1143,67.4655],[20.2908,67.4248],[20.308,67.4127],[20.4464,67.4347],[20.484,67.4308],[20.5275,67.4204],[20.5619,67.3989]]]},"properties":{"Valdistrik":"25230008","Valdistr_1":"Mellanområdet","Valdistr_2":"Mellanområdet  (Gällivare)","KommunNamn":"Gällivare","And_rösta":86.3197424892704,"A_29_år":216,"A_65__år":570,"A_TOTålde":1846,"UTB_Lång_":242,"UTB_TOTutb":1831}},{"type":"Feature","geometry":{"type":"Polygon","coordinates":[[[20.6605,67.1386],[20.6769,67.136],[20.6824,67.1387],[20.7125,67.1411],[20.7213,67.1369],[20.7147,67.1336],[20.7023,67.1343],[20.6816,67.1318],[20.6763,67.1265],[20.6699,67.1281],[20.6719,67.1308],[20.6704,67.1346],[20.6611,67.1372],[20.6605,67.1386]]]},"properties":{"Valdistrik":"25230009","Valdistr_1":"Sjöparken","Valdistr_2":"Sjöparken  (Gällivare)","KommunNamn":"Gällivare","And_rösta":76.745598057073465,"A_29_år":237,"A_65__år":535,"A_TOTålde":1634,"UTB_Lång_":232,"UTB_TOTutb":1619}},{"type":"Feature","geometry":{"type":"MultiPolygon","coordinates":[[[[20.2277,66.3006],[20.3003,66.281],[20.4632,66.249],[20.5235,66.2113],[20.5803,66.2002],[20.362,66.0143],[20.2049,65.9092],[20.1971,65.9101],[20.1944,65.9118],[20.1978,65.9155],[20.1931,65.917],[20.1952,65.9186],[20.1748,65.9211],[20.1801,65.9232],[20.1746,65.9233],[20.1685,65.9279],[20.1537,65.927],[20.1432,65.9308],[20.1351,65.9281],[20.1149,65.9344],[20.0976,65.9357],[20.0756,65.9413],[20.0545,65.9423],[20.0521,65.9464],[20.0411,65.9472],[20.0361,65.9505],[20.0324,65.9561],[20.033,65.9609],[20.0226,65.97],[19.9969,65.9796],[19.9918,65.9801],[19.9822,65.9845],[19.9787,65.9885],[19.9724,65.992],[19.9614,65.9936],[19.9445,65.9988],[19.9367,66.0019],[19.9369,66.0036],[19.9315,66.0067],[19.9066,66.013],[19.9027,66.0157],[19.8891,66.0172],[19.876,66.015],[19.8336,66.0128],[19.8123,66.0133],[19.7731,66.0247],[19.7556,66.0255],[19.7405,66.0295],[19.7047,66.0349],[19.676,66.0431],[19.6543,66.045],[19.6351,66.0455],[19.5851,66.0395],[19.5733,66.0439],[19.5265,66.0411],[19.501,66.0421],[19.4941,66.0409],[19.4927,66.0389],[19.483,66.0351],[19.4676,66.0405],[19.4648,66.0429],[19.4292,66.0456],[19.414,66.0486],[19.4,66.0544],[19.3832,66.0567],[19.3784,66.0594],[19.3783,66.0647],[19.3752,66.068],[19.3567,66.0702],[19.3484,66.0762],[19.3456,66.0804],[19.3265,66.0864],[19.3156,66.0865],[19.2804,66.0933],[19.2758,66.0955],[19.2477,66.0939],[19.2395,66.095],[19.2303,66.0931],[19.2232,66.0957],[19.2103,66.0947],[19.1989,66.0957],[19.1949,66.0966],[19.1919,66.0997],[19.1854,66.101],[19.1706,66.099],[19.1665,66.1006],[19.1664,66.1026],[19.1349,66.1098],[19.1246,66.1145],[19.1048,66.1195],[19.0987,66.1235],[19.1162,66.1297],[19.0767,66.1453],[19.0321,66.1752],[18.9567,66.2076],[19.082,66.2263],[19.3137,66.349],[19.4289,66.3406],[19.4681,66.3363],[19.5632,66.311],[19.6078,66.3136],[19.632,66.3131],[19.6965,66.3062],[19.77,66.3354],[19.7979,66.3497],[19.8084,66.3617],[19.8184,66.3662],[19.8565,66.3716],[19.8645,66.3691],[19.8926,66.3424],[19.9069,66.333],[20.0546,66.3105],[20.0063,66.2712],[20.034,66.2404],[19.959,66.222],[19.9358,66.2103],[19.9366,66.2077],[19.9446,66.2025],[19.9676,66.1942],[19.9775,66.1937],[20.0191,66.2176],[20.0429,66.2356],[20.0639,66.2305],[20.1326,66.2218],[20.1549,66.2233],[20.2277,66.3006]]],[[[19.849,66.606],[19.8654,66.6032],[19.8613,66.6],[19.849,66.5978],[19.8509,66.5993],[19.8399,66.5994],[19.8412,66.6024],[19.838,66.6036],[19.8425,66.6042],[19.8385,66.605],[19.8391,66.6059],[19.8441,66.6053],[19.845,66.6036],[19.849,66.606]]],[[[19.8073,66.6124],[19.8285,66.6101],[19.8277,66.6092],[19.8299,66.6079],[19.8375,66.6053],[19.8362,66.6039],[19.8227,66.6056],[19.819,66.6026],[19.8019,66.6057],[19.7992,66.6027],[19.7752,66.6014],[19.7634,66.6038],[19.7877,66.6094],[19.8058,66.6104],[19.8073,66.6124]]]]},"properties":{"Valdistrik":"25100202","Valdistr_1":"Jokkmokks Östra","Valdistr_2":"Jokkmokks Östra  (Jokkmokk)","KommunNamn":"Jokkmokk","And_rösta":77.593360995850631,"A_29_år":209,"A_65__år":461,"A_TOTålde":1431,"UTB_Lång_":233,"UTB_TOTutb":1422}},{"type":"Feature","geometry":{"type":"Polygon","coordinates":[[[16.4076,67.5341],[16.8375,67.48],[16.846,67.4803],[16.8497,67.477],[16.858,67.4765],[16.8606,67.4735],[16.8808,67.4666],[16.8824,67.4649],[16.8945,67.465],[16.8949,67.4629],[16.8967,67.4625],[16.9146,67.4624],[16.9411,67.4594],[16.9596,67.4553],[16.9659,67.4515],[16.9963,67.4456],[17.0028,67.4415],[17.0159,67.4397],[17.0309,67.4352],[17.0611,67.4317],[17.074,67.427],[17.0788,67.4269],[17.077,67.4285],[17.0772,67.4326],[17.0829,67.4355],[17.1027,67.4381],[17.1046,67.4403],[17.1012,67.4455],[17.1141,67.4502],[17.1209,67.4512],[17.1344,67.4482],[17.1499,67.4476],[17.1774,67.4418],[17.1798,67.4388],[17.1874,67.441],[17.1915,67.4381],[17.2099,67.4367],[17.2124,67.4345],[17.2259,67.4349],[17.226,67.4335],[17.2189,67.4328],[17.2192,67.4313],[17.231,67.4321],[17.2322,67.431],[17.2313,67.4287],[17.2411,67.4292],[17.238,67.4275],[17.2388,67.4264],[17.246,67.4263],[17.2523,67.4223],[17.2569,67.4218],[17.2643,67.4239],[17.266,67.4231],[17.2663,67.4204],[17.2709,67.4176],[17.2717,67.414],[17.2872,67.4085],[17.2895,67.4058],[17.3063,67.3987],[17.311,67.3979],[17.3133,67.3951],[17.3483,67.3862],[17.3505,67.3838],[17.3625,67.3798],[17.3742,67.3779],[17.4502,67.3762],[17.5037,67.3702],[17.5685,67.3715],[17.577,67.3735],[17.6046,67.3723],[17.6116,67.3704],[17.6255,67.3714],[17.6726,67.362],[17.6769,67.3589],[17.705,67.3527],[17.7073,67.3496],[17.7171,67.346],[17.8444,67.3471],[18.1545,67.3071],[18.1961,67.2966],[18.2511,67.2934],[18.2594,67.2918],[18.2958,67.2828],[18.3238,67.2724],[18.3486,67.2605],[18.3583,67.2512],[18.3696,67.2476],[18.3764,67.2402],[18.3892,67.2323],[18.4003,67.229],[18.424,67.2313],[18.4293,67.2306],[18.4533,67.2099],[18.4774,67.2044],[18.4808,67.2006],[18.4811,67.1946],[18.4975,67.1905],[18.5035,67.1875],[18.5043,67.1837],[18.5089,67.1804],[18.5068,67.1776],[18.5092,67.1747],[18.8874,67.0771],[19.3288,66.9538],[19.3812,66.9263],[19.4216,66.8989],[19.4298,66.8999],[19.5372,66.8503],[19.5432,66.8503],[19.5587,66.8438],[19.5669,66.8424],[19.5801,66.8442],[19.6245,66.8376],[19.8517,66.8232],[20.2906,66.8293],[20.4427,66.7871],[20.421,66.7795],[20.3238,66.787],[20.2824,66.768],[20.3242,66.7271],[20.4617,66.688],[20.4269,66.6196],[20.4243,66.6169],[20.2727,66.5234],[20.2845,66.5209],[20.3268,66.5056],[20.2977,66.4976],[20.3027,66.4944],[20.2672,66.4891],[20.2404,66.4739],[20.2005,66.4786],[20.1979,66.4993],[20.0886,66.4617],[20.1861,66.4266],[20.0732,66.379],[20.0718,66.3265],[20.1694,66.3071],[20.1806,66.3131],[20.2277,66.3006],[20.1549,66.2233],[20.1326,66.2218],[20.0639,66.2305],[20.0429,66.2356],[20.0191,66.2176],[19.9775,66.1937],[19.9676,66.1942],[19.9446,66.2025],[19.9366,66.2077],[19.9358,66.2103],[19.959,66.222],[20.034,66.2404],[20.0063,66.2712],[20.0546,66.3105],[19.9069,66.333],[19.8926,66.3424],[19.8645,66.3691],[19.8565,66.3716],[19.8184,66.3662],[19.8084,66.3617],[19.7979,66.3497],[19.77,66.3354],[19.6965,66.3062],[19.632,66.3131],[19.6078,66.3136],[19.5632,66.311],[19.4681,66.3363],[19.4289,66.3406],[19.3137,66.349],[19.082,66.2263],[18.9567,66.2076],[18.7394,66.3015],[18.7834,66.3929],[18.6915,66.514],[18.3123,66.604],[18.2194,66.6304],[18.1376,66.6506],[17.6402,66.7251],[17.4049,66.8549],[17.0642,66.9985],[16.7134,67.0891],[16.4025,67.1904],[16.4041,67.205],[16.33,67.262],[16.0898,67.4353],[16.158,67.5191],[16.2855,67.528],[16.4076,67.5341]],[[19.8654,66.6032],[19.849,66.606],[19.845,66.6036],[19.8441,66.6053],[19.8391,66.6059],[19.8385,66.605],[19.8425,66.6042],[19.838,66.6036],[19.8412,66.6024],[19.8399,66.5994],[19.8509,66.5993],[19.849,66.5978],[19.8613,66.6],[19.8654,66.6032]],[[19.7752,66.6014],[19.7992,66.6027],[19.8019,66.6057],[19.819,66.6026],[19.8227,66.6056],[19.8355,66.6039],[19.8375,66.6053],[19.8299,66.6079],[19.8277,66.6092],[19.8285,66.6101],[19.8073,66.6124],[19.8058,66.6104],[19.7877,66.6094],[19.7634,66.6043],[19.7752,66.6014]]]},"properties":{"Valdistrik":"25100217","Valdistr_1":"Jokkmokks Västra","Valdistr_2":"Jokkmokks Västra  (Jokkmokk)","KommunNamn":"Jokkmokk","And_rösta":75.535168195718654,"A_29_år":151,"A_65__år":489,"A_TOTålde":1288,"UTB_Lång_":188,"UTB_TOTutb":1281}},{"type":"Feature","geometry":{"type":"Polygon","coordinates":[[[16.7326,67.9058],[16.7418,67.905],[16.7409,67.9038],[16.7475,67.9012],[16.7586,67.9022],[16.7741,67.8983],[16.786,67.8995],[16.8115,67.8901],[16.8352,67.8873],[16.8375,67.8844],[16.8636,67.8801],[16.8721,67.8759],[16.8903,67.8704],[16.9028,67.8636],[16.9561,67.8501],[16.9662,67.8451],[16.982,67.8437],[16.9838,67.8413],[16.9907,67.84],[16.9952,67.8368],[16.9938,67.8357],[17.0107,67.8256],[17.0243,67.823],[17.023,67.8211],[17.0251,67.8197],[17.0542,67.8134],[17.0762,67.8127],[17.0858,67.808],[17.091,67.8026],[17.1061,67.805],[17.1277,67.8042],[17.1543,67.8059],[17.2524,67.7744],[17.2902,67.749],[17.2987,67.7393],[17.3002,67.7333],[17.3087,67.7308],[17.3298,67.729],[17.3652,67.7178],[17.4329,67.7141],[17.4341,67.6936],[17.4513,67.6763],[17.5468,67.6625],[17.5577,67.6587],[17.5785,67.6574],[17.5945,67.651],[17.6288,67.6429],[17.7083,67.6355],[17.7485,67.6349],[17.8243,67.6215],[17.8615,67.6118],[17.9014,67.5868],[17.9582,67.5835],[17.9697,67.586],[18.1047,67.573],[18.1459,67.5611],[18.1899,67.5345],[18.2,67.5313],[18.2068,67.5235],[18.2579,67.4978],[18.3088,67.4833],[18.3108,67.4787],[18.3252,67.4762],[18.3282,67.4797],[18.3399,67.4801],[18.3605,67.4578],[18.3895,67.4415],[18.4171,67.4328],[18.4375,67.4189],[18.4881,67.4028],[18.5059,67.4008],[18.5729,67.4104],[18.6183,67.405],[18.6344,67.3969],[18.6713,67.3987],[18.7035,67.4051],[18.7826,67.3856],[18.8783,67.3523],[18.8937,67.3283],[18.9246,67.3067],[18.956,67.3072],[18.9686,67.3049],[18.9898,67.304],[19.028,67.2936],[19.0528,67.2907],[19.0898,67.2791],[19.313,67.1542],[19.5102,67.1456],[19.6621,67.0946],[19.7841,67.0437],[19.7883,67.0404],[19.7868,67.04],[19.8312,66.9753],[20.2906,66.8293],[19.8517,66.8232],[19.6245,66.8376],[19.5801,66.8442],[19.5628,66.8429],[19.5432,66.8503],[19.5372,66.8503],[19.4298,66.8999],[19.4216,66.8989],[19.3812,66.9263],[19.3288,66.9538],[18.8874,67.0771],[18.5092,67.1747],[18.5068,67.1776],[18.5089,67.1804],[18.5043,67.1837],[18.5035,67.1875],[18.4975,67.1905],[18.4811,67.1946],[18.4808,67.2006],[18.4774,67.2044],[18.4533,67.2099],[18.4293,67.2306],[18.424,67.2313],[18.4003,67.229],[18.3892,67.2323],[18.3764,67.2402],[18.3696,67.2476],[18.3583,67.2512],[18.3447,67.2624],[18.3139,67.2767],[18.2752,67.2884],[18.2511,67.2934],[18.1961,67.2966],[18.1545,67.3071],[17.8444,67.3471],[17.7171,67.346],[17.7073,67.3496],[17.705,67.3527],[17.6769,67.3589],[17.6726,67.362],[17.6255,67.3714],[17.6116,67.3704],[17.6046,67.3723],[17.577,67.3735],[17.5685,67.3715],[17.5037,67.3702],[17.4502,67.3762],[17.3742,67.3779],[17.3625,67.3798],[17.3505,67.3838],[17.3483,67.3862],[17.3133,67.3951],[17.311,67.3979],[17.3063,67.3987],[17.2895,67.4058],[17.2872,67.4085],[17.2717,67.414],[17.2709,67.4176],[17.2663,67.4204],[17.266,67.4231],[17.2643,67.4239],[17.2569,67.4218],[17.2523,67.4223],[17.246,67.4263],[17.2388,67.4264],[17.238,67.4275],[17.2411,67.4292],[17.2313,67.4287],[17.2322,67.431],[17.231,67.4321],[17.2192,67.4313],[17.2189,67.4328],[17.226,67.4335],[17.2259,67.4349],[17.2124,67.4345],[17.2099,67.4367],[17.1915,67.4381],[17.1874,67.441],[17.1798,67.4388],[17.1774,67.4418],[17.1499,67.4476],[17.1344,67.4482],[17.1209,67.4512],[17.1141,67.4502],[17.1012,67.4455],[17.1046,67.4403],[17.1027,67.4381],[17.0829,67.4355],[17.0772,67.4326],[17.077,67.4285],[17.0788,67.4269],[17.074,67.427],[17.0611,67.4317],[17.0309,67.4352],[17.0159,67.4397],[17.0028,67.4415],[16.9963,67.4456],[16.9659,67.4515],[16.9596,67.4553],[16.9411,67.4594],[16.9146,67.4624],[16.8967,67.4625],[16.8949,67.4629],[16.8945,67.465],[16.8824,67.4649],[16.8808,67.4666],[16.8606,67.4735],[16.858,67.4765],[16.8497,67.477],[16.846,67.4803],[16.8375,67.48],[16.4076,67.5341],[16.495,67.5944],[16.5563,67.6472],[16.5799,67.6796],[16.638,67.767],[16.6789,67.8244],[16.7326,67.9058]]]},"properties":{"Valdistrik":"25100409","Valdistr_1":"Porjus","Valdistr_2":"Porjus  (Jokkmokk)","KommunNamn":"Jokkmokk","And_rösta":74.21602787456446,"A_29_år":31,"A_65__år":118,"A_TOTålde":281,"UTB_Lång_":32,"UTB_TOTutb":280}},{"type":"Feature","geometry":{"type":"Polygon","coordinates":[[[20.4427,66.7871],[20.6326,66.7359],[20.9615,66.6225],[21.1949,66.3651],[21.1997,66.3623],[21.1987,66.361],[21.2432,66.3122],[21.2577,66.3076],[21.2456,66.3096],[21.2741,66.2786],[20.9981,66.3926],[20.7722,66.3579],[20.7179,66.3132],[20.7035,66.316],[20.7043,66.3092],[20.7128,66.3092],[20.5803,66.2002],[20.5235,66.2113],[20.4632,66.249],[20.3003,66.281],[20.1806,66.3131],[20.1694,66.3071],[20.0718,66.3265],[20.0732,66.379],[20.1861,66.4266],[20.0886,66.4617],[20.1979,66.4993],[20.2005,66.4786],[20.2404,66.4739],[20.2672,66.4891],[20.3027,66.4944],[20.2977,66.4976],[20.3268,66.5056],[20.2845,66.5209],[20.2727,66.5234],[20.4243,66.6169],[20.4269,66.6196],[20.4617,66.688],[20.3242,66.7271],[20.2824,66.768],[20.3238,66.787],[20.421,66.7795],[20.4427,66.7871]]]},"properties":{"Valdistrik":"25100516","Valdistr_1":"Vuollerim","Valdistr_2":"Vuollerim  (Jokkmokk)","KommunNamn":"Jokkmokk","And_rösta":80.054644808743163,"A_29_år":64,"A_65__år":353,"A_TOTålde":727,"UTB_Lång_":73,"UTB_TOTutb":722}},{"type":"Feature","geometry":{"type":"Polygon","coordinates":[[[20.2049,65.9092],[20.362,66.0143],[20.6097,65.9475],[20.7261,65.9145],[20.8436,65.878],[20.9128,65.8548],[21.0161,65.8161],[21.1132,65.7774],[21.1632,65.7545],[21.1122,65.7438],[21.1093,65.742],[21.108,65.7361],[21.0922,65.7315],[21.0645,65.7421],[21.0343,65.7402],[21.022,65.7317],[21.0165,65.7335],[20.9677,65.7272],[20.977,65.7228],[20.9696,65.7185],[20.9725,65.7126],[20.982,65.7056],[20.9727,65.7033],[20.9714,65.7042],[20.94,65.7002],[20.9208,65.7098],[20.9061,65.7076],[20.8774,65.7341],[20.8754,65.7382],[20.8641,65.7365],[20.8588,65.7351],[20.8577,65.7323],[20.8491,65.7318],[20.8497,65.7307],[20.8264,65.7237],[20.8215,65.7237],[20.8056,65.7178],[20.7961,65.7168],[20.7698,65.7054],[20.7167,65.6901],[20.7087,65.6846],[20.7067,65.6849],[20.6938,65.6785],[20.6811,65.679],[20.6748,65.6742],[20.6629,65.6747],[20.6469,65.6646],[20.6388,65.6565],[20.6292,65.6549],[20.5889,65.6396],[20.525,65.6279],[20.4899,65.6],[20.4587,65.6117],[20.4043,65.597],[20.3932,65.5923],[20.3803,65.5949],[20.3787,65.5966],[20.3511,65.5963],[20.3516,65.5993],[20.322,65.6039],[20.3157,65.609],[20.2884,65.6053],[20.2881,65.6034],[20.2572,65.5974],[20.2512,65.5989],[20.2489,65.596],[20.2059,65.594],[20.1086,65.8471],[20.2049,65.9092]]]},"properties":{"Valdistrik":"25600209","Valdistr_1":"Vidsel","Valdistr_2":"Vidsel  (Älvsbyn)","KommunNamn":"Älvsbyn","And_rösta":80.787401574803155,"A_29_år":111,"A_65__år":526,"A_TOTålde":1258,"UTB_Lång_":125,"UTB_TOTutb":1252}},{"type":"Feature","geometry":{"type":"Polygon","coordinates":[[[20.94,65.7002],[20.9714,65.7042],[20.9727,65.7033],[20.982,65.7056],[20.987,65.6997],[20.9842,65.6962],[20.9844,65.6934],[20.9916,65.6898],[21.0004,65.6894],[21.0051,65.6842],[21.0124,65.6825],[21.0112,65.6818],[21.0163,65.6742],[21.007,65.6717],[21.006,65.6748],[20.9953,65.6785],[20.9686,65.6716],[20.9556,65.6774],[20.9456,65.6762],[20.94,65.7002]]]},"properties":{"Valdistrik":"25600211","Valdistr_1":"Älvsbyns N","Valdistr_2":"Älvsbyns N  (Älvsbyn)","KommunNamn":"Älvsbyn","And_rösta":78.614823815309848,"A_29_år":275,"A_65__år":600,"A_TOTålde":1625,"UTB_Lång_":158,"UTB_TOTutb":1603}},{"type":"Feature","geometry":{"type":"Polygon","coordinates":[[[21.1632,65.7545],[21.3077,65.6866],[21.3583,65.6584],[21.1442,65.6003],[21.187,65.5701],[21.175,65.5671],[21.1877,65.5592],[21.1815,65.5564],[21.1698,65.5586],[21.1616,65.5621],[21.1317,65.5529],[21.1228,65.5491],[21.1206,65.537],[21.0969,65.5519],[21.0863,65.5427],[21.0552,65.5291],[21.0604,65.5241],[21.0101,65.5152],[20.9955,65.5099],[20.9856,65.5178],[20.9856,65.5235],[20.9785,65.5237],[20.9736,65.5277],[20.9698,65.5381],[20.9645,65.5415],[20.9648,65.5449],[20.9712,65.5542],[20.97,65.5595],[20.9711,65.5622],[20.9674,65.566],[20.9712,65.574],[20.9828,65.5781],[20.9925,65.5874],[20.9943,65.5916],[21.0077,65.6073],[21.0057,65.6113],[21.011,65.6176],[21.0185,65.6243],[21.0234,65.6262],[21.0275,65.6323],[21.0326,65.6359],[21.0365,65.6418],[21.0387,65.6497],[21.0046,65.666],[20.9835,65.6712],[20.9906,65.6737],[20.9899,65.675],[20.996,65.6735],[21.001,65.6754],[21.0055,65.675],[21.007,65.6717],[21.0163,65.6742],[21.0112,65.6818],[21.0124,65.6825],[21.0051,65.6842],[21.0004,65.6894],[20.9916,65.6898],[20.984,65.6938],[20.987,65.6997],[20.9865,65.7012],[20.9725,65.7126],[20.9696,65.7185],[20.977,65.7228],[20.9677,65.7272],[21.0165,65.7335],[21.022,65.7317],[21.0343,65.7402],[21.0645,65.7421],[21.0922,65.7315],[21.108,65.7361],[21.1093,65.742],[21.1122,65.7438],[21.1632,65.7545]]]},"properties":{"Valdistrik":"25600212","Valdistr_1":"Älvsbyns Ö","Valdistr_2":"Älvsbyns Ö  (Älvsbyn)","KommunNamn":"Älvsbyn","And_rösta":80.85227272727272,"A_29_år":263,"A_65__år":545,"A_TOTålde":1752,"UTB_Lång_":262,"UTB_TOTutb":1738}},{"type":"Feature","geometry":{"type":"Polygon","coordinates":[[[20.94,65.7002],[20.9456,65.6762],[20.9556,65.6774],[20.9686,65.6716],[20.9953,65.6785],[21.0055,65.675],[21.001,65.6754],[20.996,65.6735],[20.9899,65.675],[20.9906,65.6737],[20.9835,65.6712],[21.0046,65.666],[21.0387,65.6497],[21.0365,65.6418],[21.0326,65.6359],[21.0275,65.6323],[21.0234,65.6262],[21.0185,65.6243],[21.011,65.6176],[21.0057,65.6113],[21.0077,65.6073],[20.9943,65.5916],[20.9909,65.5856],[20.9828,65.5781],[20.9712,65.574],[20.9674,65.566],[20.9711,65.5622],[20.97,65.5595],[20.9712,65.5542],[20.9642,65.5436],[20.9655,65.5404],[20.9698,65.5381],[20.9736,65.5277],[20.9687,65.5317],[20.9677,65.5308],[20.9695,65.5305],[20.9675,65.5307],[20.9589,65.5233],[20.9625,65.5226],[20.9584,65.5228],[20.9427,65.5094],[20.9446,65.5111],[20.9322,65.5121],[20.9369,65.5145],[20.9108,65.5211],[20.8786,65.5331],[20.8832,65.5354],[20.7648,65.5532],[20.7577,65.5598],[20.7399,65.554],[20.6926,65.5702],[20.7038,65.5762],[20.6593,65.5832],[20.6582,65.5822],[20.6371,65.5843],[20.6193,65.5907],[20.6081,65.5994],[20.525,65.6279],[20.5889,65.6396],[20.6292,65.6549],[20.6388,65.6565],[20.6469,65.6646],[20.6629,65.6747],[20.6748,65.6742],[20.6811,65.679],[20.6938,65.6785],[20.7067,65.6849],[20.7087,65.6846],[20.7167,65.6901],[20.7698,65.7054],[20.7961,65.7168],[20.8056,65.7178],[20.8215,65.7237],[20.8264,65.7237],[20.8497,65.7307],[20.8491,65.7318],[20.8577,65.7323],[20.8588,65.7351],[20.8641,65.7365],[20.8754,65.7382],[20.8774,65.7341],[20.9061,65.7076],[20.9208,65.7098],[20.94,65.7002]]]},"properties":{"Valdistrik":"25600214","Valdistr_1":"Älvsbyns V","Valdistr_2":"Älvsbyns V  (Älvsbyn)","KommunNamn":"Älvsbyn","And_rösta":83.728590250329376,"A_29_år":227,"A_65__år":454,"A_TOTålde":1512,"UTB_Lång_":165,"UTB_TOTutb":1503}},{"type":"Feature","geometry":{"type":"MultiPolygon","coordinates":[[[[23.1159,66.4187],[23.1426,66.417],[23.1517,66.3938],[23.1623,66.3944],[23.1707,66.4088],[23.1681,66.4155],[23.2338,66.4168],[23.2677,66.4097],[23.2897,66.4078],[23.3252,66.3917],[23.3861,66.3964],[23.3804,66.3862],[23.3939,66.3871],[23.4154,66.3645],[23.4331,66.3594],[23.4061,66.4133],[23.4234,66.4148],[23.4313,66.3995],[23.4504,66.4009],[23.4741,66.3538],[23.5225,66.3537],[23.5293,66.3363],[23.6475,66.3295],[23.6383,66.3208],[23.6227,66.3218],[23.6194,66.3125],[23.6507,66.3096],[23.6463,66.3042],[23.6463,66.3006],[23.6617,66.2907],[23.6629,66.2879],[23.6606,66.2844],[23.6731,66.2727],[23.6701,66.2642],[23.6669,66.2603],[23.6763,66.2543],[23.6905,66.2504],[23.7013,66.2426],[23.6944,66.2339],[23.6937,66.2293],[23.7047,66.2191],[23.724,66.2145],[23.7303,66.2094],[23.7339,66.2046],[23.7263,66.1997],[23.7273,66.1956],[23.7376,66.1929],[23.7867,66.1868],[23.8316,66.1702],[23.8579,66.1715],[23.8662,66.1655],[23.8791,66.1652],[23.8579,66.1624],[23.75,66.1393],[23.7747,66.1127],[23.6845,66.0985],[23.6925,66.0904],[23.7022,66.0902],[23.6923,66.0887],[23.69,66.0925],[23.6658,66.1158],[23.6596,66.1197],[23.6001,66.1065],[23.6057,66.1027],[23.6036,66.102],[23.5991,66.1063],[23.5719,66.1002],[23.5779,66.0959],[23.5604,66.0916],[23.5539,66.0962],[23.5464,66.0946],[23.5508,66.0898],[23.5576,66.088],[23.547,66.089],[23.5491,66.0869],[23.5332,66.0843],[23.5268,66.0902],[23.4224,66.0668],[23.4195,66.0683],[23.4208,66.0665],[23.3866,66.0589],[23.3872,66.061],[23.3861,66.061],[23.3857,66.0587],[23.3793,66.0572],[23.3796,66.0554],[23.3781,66.0552],[23.3777,66.0569],[23.3585,66.0526],[23.2987,66.0707],[23.3036,66.072],[23.2901,66.0722],[23.2937,66.0735],[23.2765,66.0722],[23.2606,66.0795],[23.2765,66.0792],[23.2807,66.0812],[23.2729,66.0806],[23.2715,66.083],[23.2658,66.0841],[23.2635,66.0836],[23.2707,66.0804],[23.2613,66.08],[23.2039,66.1056],[23.2128,66.125],[23.2119,66.1264],[23.2142,66.1304],[23.2127,66.1307],[23.2144,66.1308],[23.2155,66.1335],[23.2253,66.1355],[23.2276,66.1345],[23.2357,66.138],[23.2318,66.1395],[23.2251,66.1356],[23.2156,66.1338],[23.2181,66.1397],[23.2134,66.139],[23.2183,66.1401],[23.2384,66.1881],[23.2398,66.226],[23.2426,66.2298],[23.2345,66.2398],[23.2237,66.2412],[23.2155,66.245],[23.2165,66.2531],[23.1987,66.2726],[23.1992,66.2745],[23.2044,66.2753],[23.1973,66.2793],[23.2001,66.2855],[23.1872,66.2861],[23.1759,66.2886],[23.1381,66.3335],[23.2169,66.3471],[23.1933,66.3687],[23.1614,66.363],[23.1113,66.4041],[23.115,66.4086],[23.1112,66.4105],[23.1144,66.4117],[23.1122,66.4155],[23.1159,66.4187]]],[[[23.7987,66.1368],[23.8006,66.135],[23.8077,66.1361],[23.8112,66.1329],[23.8047,66.1312],[23.8117,66.1324],[23.815,66.1293],[23.7965,66.1257],[23.7897,66.1385],[23.7961,66.1394],[23.7987,66.1368]]]]},"properties":{"Valdistrik":"25180101","Valdistr_1":"Hedenäset","Valdistr_2":"Hedenäset  (Övertorneå)","KommunNamn":"Övertorneå","And_rösta":66.218809980806142,"A_29_år":40,"A_65__år":280,"A_TOTålde":513,"UTB_Lång_":81,"UTB_TOTutb":512}},{"type":"Feature","geometry":{"type":"Polygon","coordinates":[[[23.4194,66.6857],[23.4887,66.6786],[23.5164,66.6803],[23.4986,66.6518],[23.5025,66.6417],[23.5438,66.6418],[23.6201,66.6265],[23.6775,66.6462],[23.738,66.6599],[23.7578,66.6368],[23.8701,66.6294],[23.8751,66.6253],[23.8777,66.6203],[23.8839,66.6173],[23.8851,66.6151],[23.8841,66.6116],[23.876,66.6021],[23.8773,66.597],[23.875,66.5871],[23.8782,66.5828],[23.874,66.5753],[23.8626,66.5681],[23.8574,66.5573],[23.8366,66.5543],[23.8113,66.5434],[23.7944,66.5376],[23.786,66.5363],[23.7847,66.5327],[23.7975,66.5226],[23.7954,66.5174],[23.7622,66.5106],[23.7572,66.5071],[23.7495,66.5046],[23.74,66.5039],[23.7346,66.5081],[23.7293,66.5081],[23.7252,66.502],[23.7254,66.4976],[23.7143,66.493],[23.7154,66.4851],[23.7202,66.4785],[23.7193,66.4768],[23.7102,66.4737],[23.6996,66.4754],[23.6894,66.4738],[23.6739,66.4652],[23.6559,66.4598],[23.6515,66.4563],[23.65,66.4547],[23.6477,66.4395],[23.6436,66.4363],[23.6428,66.43],[23.6444,66.4279],[23.6427,66.4252],[23.6541,66.4166],[23.6596,66.4101],[23.596,66.4075],[23.5829,66.4123],[23.5702,66.4198],[23.5489,66.4216],[23.5145,66.4337],[23.5,66.4399],[23.495,66.4449],[23.4844,66.4515],[23.4837,66.4538],[23.3918,66.4489],[23.3871,66.468],[23.3089,66.4639],[23.3157,66.4605],[23.3012,66.4563],[23.2487,66.4822],[23.1243,66.4751],[23.1218,66.4799],[23.101,66.4789],[23.0903,66.5131],[23.0538,66.6538],[23.0401,66.6529],[23.0317,66.6585],[23.0465,66.6622],[23.1678,66.6703],[23.1669,66.673],[23.1746,66.6735],[23.176,66.6709],[23.2055,66.6728],[23.1813,66.6994],[23.1875,66.7003],[23.2177,66.6735],[23.4194,66.6857]]]},"properties":{"Valdistrik":"25180102","Valdistr_1":"Kuivakangas","Valdistr_2":"Kuivakangas  (Övertorneå)","KommunNamn":"Övertorneå","And_rösta":70.903954802259889,"A_29_år":79,"A_65__år":321,"A_TOTålde":697,"UTB_Lång_":89,"UTB_TOTutb":693}},{"type":"Feature","geometry":{"type":"Polygon","coordinates":[[[23.4731,66.9371],[23.474,66.9358],[23.4852,66.9361],[23.4742,66.951],[23.8892,66.9072],[23.9092,66.8954],[23.9132,66.889],[23.9158,66.8874],[23.932,66.8854],[23.9363,66.8835],[23.9436,66.876],[23.943,66.8725],[23.9525,66.867],[23.9534,66.8627],[23.9697,66.8493],[23.9723,66.84],[23.982,66.8347],[23.9944,66.8231],[23.9951,66.8197],[23.9877,66.8115],[23.9893,66.8091],[23.9875,66.8025],[23.9767,66.7983],[23.9765,66.7963],[23.9833,66.7892],[23.9809,66.7856],[23.9722,66.7829],[23.9569,66.7824],[23.9352,66.7902],[23.9272,66.7948],[23.9111,66.7954],[23.9078,66.7938],[23.9079,66.7916],[23.9157,66.7781],[23.9157,66.7719],[23.9106,66.7702],[23.8929,66.7696],[23.8799,66.7638],[23.8802,66.7593],[23.8773,66.7568],[23.8764,66.7537],[23.8871,66.7492],[23.8894,66.739],[23.9078,66.7212],[23.8949,66.711],[23.8952,66.7084],[23.8981,66.7063],[23.8876,66.6932],[23.8881,66.6863],[23.8859,66.6824],[23.8876,66.6779],[23.8867,66.6752],[23.8746,66.6715],[23.8721,66.6677],[23.8724,66.663],[23.8647,66.6548],[23.8657,66.6495],[23.8723,66.6427],[23.869,66.6332],[23.8701,66.6294],[23.7578,66.6368],[23.738,66.6599],[23.6775,66.6462],[23.6201,66.6265],[23.5438,66.6418],[23.5025,66.6417],[23.4986,66.6518],[23.5164,66.6803],[23.4887,66.6786],[23.4194,66.6857],[23.2532,66.9738],[23.4632,66.9522],[23.4731,66.9371]],[[23.8064,66.9069],[23.8391,66.8941],[23.8439,66.8753],[23.8637,66.876],[23.8431,66.9051],[23.8096,66.9091],[23.8064,66.9069]]]},"properties":{"Valdistrik":"25180103","Valdistr_1":"Svanstein","Valdistr_2":"Svanstein  (Övertorneå)","KommunNamn":"Övertorneå","And_rösta":67.84,"A_29_år":33,"A_65__år":306,"A_TOTålde":599,"UTB_Lång_":79,"UTB_TOTutb":599}},{"type":"Feature","geometry":{"type":"Polygon","coordinates":[[[23.101,66.4789],[23.1218,66.4799],[23.1243,66.4751],[23.2487,66.4822],[23.3012,66.4563],[23.3157,66.4605],[23.3089,66.4639],[23.3871,66.468],[23.3918,66.4489],[23.4837,66.4538],[23.4844,66.4515],[23.495,66.4449],[23.5,66.4399],[23.5145,66.4337],[23.5489,66.4216],[23.5702,66.4198],[23.5829,66.4123],[23.596,66.4075],[23.6596,66.4101],[23.668,66.3978],[23.6834,66.3934],[23.6893,66.3869],[23.6858,66.3772],[23.6771,66.3708],[23.669,66.3612],[23.6631,66.3591],[23.6611,66.3531],[23.6572,66.3496],[23.6573,66.3408],[23.6603,66.3363],[23.659,66.3279],[23.6557,66.3232],[23.6578,66.32],[23.6522,66.3137],[23.6507,66.3096],[23.6205,66.3116],[23.6194,66.3125],[23.6227,66.3218],[23.6383,66.3208],[23.6475,66.3295],[23.5293,66.3363],[23.5225,66.3537],[23.4741,66.3538],[23.4504,66.4009],[23.4313,66.3995],[23.4234,66.4148],[23.4061,66.4133],[23.4331,66.3594],[23.4154,66.3645],[23.3939,66.3871],[23.3804,66.3862],[23.3861,66.3964],[23.3252,66.3917],[23.2897,66.4078],[23.2677,66.4097],[23.2338,66.4168],[23.1681,66.4155],[23.1159,66.4187],[23.1204,66.4196],[23.118,66.4217],[23.1182,66.425],[23.1156,66.4265],[23.1182,66.4306],[23.1142,66.4347],[23.1152,66.4355],[23.1123,66.4396],[23.1093,66.4413],[23.1094,66.444],[23.1124,66.4445],[23.1123,66.4471],[23.1142,66.4493],[23.1049,66.4654],[23.101,66.4789]]]},"properties":{"Valdistrik":"25180104","Valdistr_1":"Övertorneå","Valdistr_2":"Övertorneå  (Övertorneå)","KommunNamn":"Övertorneå","And_rösta":62.940735183795951,"A_29_år":217,"A_65__år":512,"A_TOTålde":1277,"UTB_Lång_":145,"UTB_TOTutb":1260}},{"type":"Feature","geometry":{"type":"Polygon","coordinates":[[[16.4025,67.1904],[16.7134,67.0891],[17.0642,66.9985],[17.4049,66.8549],[17.6402,66.7251],[18.1376,66.6506],[18.2194,66.6304],[18.3123,66.604],[18.6915,66.514],[18.7834,66.3929],[18.7394,66.3015],[19.0321,66.1752],[18.8374,66.01],[18.6187,66.0445],[18.4997,65.985],[18.4423,65.9156],[18.4623,65.8973],[18.4313,65.891],[18.4865,65.8043],[18.465,65.7949],[18.5134,65.7905],[18.5212,65.7884],[18.5193,65.7868],[18.5249,65.7853],[18.5134,65.7749],[18.4999,65.7773],[18.4927,65.7702],[18.4966,65.767],[18.5036,65.766],[18.3953,65.6647],[18.3779,65.6694],[18.258,65.6773],[18.2553,65.6229],[18.2944,65.5859],[18.1789,65.585],[18.1761,65.5808],[18.178,65.5765],[18.1595,65.5744],[18.1443,65.5765],[18.1472,65.5887],[18.1016,65.5942],[18.0723,65.5767],[18.034,65.5877],[18.0311,65.6025],[17.8514,65.6236],[17.6756,65.6562],[17.4843,65.7394],[17.0007,65.9449],[16.9308,65.9701],[16.7719,66.032],[16.6074,66.044],[16.5292,66.0536],[16.2323,66.1407],[15.7714,66.2908],[15.4539,66.3454],[15.4304,66.3922],[15.3772,66.4843],[15.451,66.524],[15.6213,66.5943],[15.8076,66.7355],[15.9066,66.8074],[15.9936,66.8732],[16.0387,66.9125],[16.1939,66.9824],[16.3877,67.0455],[16.4025,67.1904]]]},"properties":{"Valdistrik":"25060203","Valdistr_1":"Arjeplog","Valdistr_2":"Arjeplog  (Arjeplog)","KommunNamn":"Arjeplog","And_rösta":79.633113828786449,"A_29_år":236,"A_65__år":793,"A_TOTålde":2084,"UTB_Lång_":250,"UTB_TOTutb":2075}},{"type":"Feature","geometry":{"type":"MultiPolygon","coordinates":[[[[14.5919,57.8552],[14.5917,57.8553],[14.5916,57.8555],[14.5919,57.8552]]],[[[14.6039,57.8547],[14.6037,57.8549],[14.6034,57.8555],[14.6039,57.8547]]],[[[14.6043,57.8544],[14.6042,57.8546],[14.6039,57.8547],[14.6043,57.8544]]],[[[14.4968,57.8299],[14.4962,57.8335],[14.4967,57.8308],[14.4968,57.8299]]],[[[14.6042,57.8298],[14.6104,57.8303],[14.6093,57.8302],[14.6042,57.8298]]],[[[14.5121,57.8179],[14.5075,57.8207],[14.5081,57.8203],[14.5121,57.8179]]],[[[14.6168,57.8162],[14.6164,57.8163],[14.6161,57.8166],[14.6168,57.8162]]],[[[14.3685,57.8151],[14.3686,57.8153],[14.3686,57.8152],[14.3685,57.8151]]],[[[14.3663,57.8147],[14.3662,57.8147],[14.3665,57.8147],[14.3663,57.8147]]],[[[14.3661,57.8146],[14.3658,57.8147],[14.3662,57.8147],[14.3661,57.8146]]],[[[14.3655,57.8146],[14.3658,57.8147],[14.3656,57.8146],[14.3655,57.8146]]],[[[14.3645,57.8145],[14.365,57.8145],[14.3647,57.8145],[14.3645,57.8145]]],[[[14.3635,57.8141],[14.3636,57.8143],[14.3636,57.8143],[14.3635,57.8141]]],[[[14.363,57.8134],[14.3635,57.8141],[14.3633,57.8137],[14.363,57.8134]]],[[[14.3627,57.8132],[14.363,57.8134],[14.3628,57.8132],[14.3627,57.8132]]],[[[14.3623,57.8124],[14.3623,57.8127],[14.3623,57.8125],[14.3623,57.8124]]],[[[14.3771,57.8125],[14.3758,57.8126],[14.3753,57.8126],[14.3771,57.8125]]],[[[14.3771,57.8125],[14.3776,57.8126],[14.3772,57.8125],[14.3771,57.8125]]],[[[14.3802,57.8121],[14.3799,57.8122],[14.379,57.8125],[14.3802,57.8121]]],[[[14.6175,57.813],[14.6172,57.8132],[14.6172,57.8133],[14.6175,57.813]]],[[[14.5135,57.8125],[14.5133,57.8142],[14.5135,57.8127],[14.5135,57.8125]]],[[[14.3619,57.8117],[14.3619,57.812],[14.3619,57.8118],[14.3619,57.8117]]],[[[14.3812,57.8116],[14.381,57.8117],[14.3805,57.8121],[14.3812,57.8116]]],[[[14.3618,57.8115],[14.3619,57.8117],[14.3619,57.8116],[14.3618,57.8115]]],[[[14.6195,57.8121],[14.6191,57.8123],[14.6189,57.8124],[14.6195,57.8121]]],[[[14.5138,57.8115],[14.5137,57.8119],[14.5137,57.8117],[14.5138,57.8115]]],[[[14.3831,57.8109],[14.3827,57.811],[14.3821,57.8114],[14.3831,57.8109]]],[[[14.3611,57.8107],[14.3614,57.8111],[14.3613,57.811],[14.3611,57.8107]]],[[[14.3612,57.8102],[14.3613,57.8103],[14.3612,57.8102],[14.3612,57.8102]]],[[[14.3889,57.8101],[14.3879,57.8101],[14.3892,57.8101],[14.3889,57.8101]]],[[[14.3903,57.81],[14.3896,57.8101],[14.3892,57.8101],[14.3903,57.81]]],[[[14.5137,57.8105],[14.5137,57.8113],[14.5138,57.8107],[14.5137,57.8105]]],[[[14.3607,57.8095],[14.361,57.8098],[14.3609,57.8097],[14.3607,57.8095]]],[[[14.3603,57.8091],[14.3606,57.8093],[14.3605,57.8092],[14.3603,57.8091]]],[[[14.3931,57.8092],[14.3931,57.8093],[14.393,57.8094],[14.3931,57.8092]]],[[[14.3597,57.809],[14.3595,57.809],[14.3603,57.8091],[14.3597,57.809]]],[[[14.5144,57.8091],[14.514,57.8095],[14.5143,57.8092],[14.5144,57.8091]]],[[[14.3593,57.8084],[14.3593,57.8087],[14.3594,57.8084],[14.3593,57.8084]]],[[[14.3584,57.8083],[14.3588,57.8083],[14.3586,57.8083],[14.3584,57.8083]]],[[[14.3951,57.8083],[14.3942,57.8086],[14.3938,57.8087],[14.3951,57.8083]]],[[[14.3956,57.808],[14.3954,57.8081],[14.3954,57.8081],[14.3956,57.808]]],[[[14.3962,57.808],[14.3959,57.808],[14.3956,57.808],[14.3962,57.808]]],[[[14.3574,57.8076],[14.3576,57.8081],[14.3575,57.8077],[14.3574,57.8076]]],[[[14.3974,57.8077],[14.3972,57.8078],[14.3971,57.8078],[14.3974,57.8077]]],[[[14.3576,57.8072],[14.3574,57.8075],[14.3576,57.8073],[14.3576,57.8072]]],[[[14.5143,57.8078],[14.5145,57.8085],[14.5145,57.8081],[14.5143,57.8078]]],[[[14.4026,57.8071],[14.4022,57.8071],[14.4004,57.8075],[14.4026,57.8071]]],[[[14.3572,57.8068],[14.3576,57.8072],[14.3574,57.8069],[14.3572,57.8068]]],[[[14.3571,57.8063],[14.3571,57.8067],[14.3572,57.8064],[14.3571,57.8063]]],[[[14.4033,57.8064],[14.4029,57.8067],[14.4026,57.8071],[14.4033,57.8064]]],[[[14.5144,57.8068],[14.5143,57.8078],[14.5144,57.8073],[14.5144,57.8068]]],[[[14.3566,57.8058],[14.3569,57.8061],[14.3567,57.8059],[14.3566,57.8058]]],[[[14.5131,57.8063],[14.5128,57.8063],[14.5131,57.8063],[14.5131,57.8063]]],[[[14.3549,57.8051],[14.3555,57.8051],[14.3552,57.8051],[14.3549,57.8051]]],[[[14.4161,57.8053],[14.416,57.8053],[14.416,57.8053],[14.4161,57.8053]]],[[[14.5097,57.8051],[14.5096,57.8056],[14.5097,57.8055],[14.5097,57.8051]]],[[[14.4061,57.8046],[14.4059,57.8048],[14.4048,57.8059],[14.4061,57.8046]]],[[[14.414,57.8046],[14.4146,57.805],[14.4143,57.8047],[14.414,57.8046]]],[[[14.4124,57.8043],[14.414,57.8046],[14.4137,57.8045],[14.4124,57.8043]]],[[[14.4191,57.8041],[14.419,57.8041],[14.4187,57.8043],[14.4191,57.8041]]],[[[14.4197,57.8037],[14.4195,57.8038],[14.4195,57.8039],[14.4197,57.8037]]],[[[14.4212,57.8037],[14.4209,57.8038],[14.4209,57.8038],[14.4212,57.8037]]],[[[14.5105,57.804],[14.5102,57.8047],[14.5103,57.8045],[14.5105,57.804]]],[[[14.4084,57.8032],[14.4082,57.8033],[14.4081,57.8035],[14.4084,57.8032]]],[[[14.4084,57.8032],[14.4114,57.8033],[14.4094,57.8032],[14.4084,57.8032]]],[[[14.4216,57.8032],[14.4215,57.8033],[14.4212,57.8037],[14.4216,57.8032]]],[[[14.4219,57.8031],[14.4216,57.8032],[14.4222,57.8031],[14.4219,57.8031]]],[[[14.5104,57.8034],[14.5105,57.804],[14.5105,57.8038],[14.5104,57.8034]]],[[[14.3595,57.8025],[14.3576,57.8032],[14.3595,57.8025],[14.3595,57.8025]]],[[[14.5108,57.8028],[14.5104,57.8034],[14.5108,57.803],[14.5108,57.8028]]],[[[14.4231,57.8024],[14.423,57.8025],[14.4226,57.8031],[14.4231,57.8024]]],[[[14.4235,57.8023],[14.4232,57.8024],[14.4231,57.8024],[14.4235,57.8023]]],[[[14.4238,57.8021],[14.4236,57.8021],[14.4235,57.8023],[14.4238,57.8021]]],[[[14.5107,57.8024],[14.5108,57.8028],[14.5107,57.8026],[14.5107,57.8024]]],[[[14.5103,57.8021],[14.5107,57.8024],[14.5105,57.8022],[14.5103,57.8021]]],[[[14.4239,57.8011],[14.4241,57.8015],[14.4243,57.8017],[14.4239,57.8011]]],[[[14.4239,57.801],[14.4239,57.801],[14.4239,57.8011],[14.4239,57.801]]],[[[14.3599,57.8],[14.3595,57.8025],[14.3599,57.8008],[14.3599,57.8]]],[[[14.4246,57.7996],[14.4238,57.8],[14.4237,57.8001],[14.4246,57.7996]]],[[[14.4257,57.7995],[14.425,57.7996],[14.4246,57.7996],[14.4257,57.7995]]],[[[14.5073,57.7994],[14.5082,57.7995],[14.5082,57.7995],[14.5073,57.7994]]],[[[14.5065,57.7988],[14.5069,57.7991],[14.5069,57.7991],[14.5065,57.7988]]],[[[14.505,57.7973],[14.5058,57.7983],[14.5056,57.7979],[14.505,57.7973]]],[[[14.3633,57.7963],[14.3615,57.7976],[14.3621,57.7972],[14.3633,57.7963]]],[[[14.4365,57.7959],[14.4365,57.7961],[14.4365,57.7961],[14.4365,57.7959]]],[[[14.364,57.7955],[14.3633,57.7963],[14.3636,57.796],[14.364,57.7955]]],[[[14.4371,57.7955],[14.4368,57.7956],[14.4365,57.7959],[14.4371,57.7955]]],[[[14.4387,57.7947],[14.4385,57.7948],[14.4378,57.795],[14.4387,57.7947]]],[[[14.4393,57.7935],[14.4395,57.7938],[14.4397,57.794],[14.4393,57.7935]]],[[[14.3656,57.7923],[14.364,57.7955],[14.3646,57.7944],[14.3656,57.7923]]],[[[14.3656,57.7918],[14.3656,57.7923],[14.3656,57.7919],[14.3656,57.7918]]],[[[14.497,57.7917],[14.4977,57.7922],[14.4972,57.7918],[14.497,57.7917]]],[[[14.6283,57.792],[14.6282,57.7922],[14.628,57.7924],[14.6283,57.792]]],[[[14.6286,57.7916],[14.6285,57.7916],[14.6285,57.7916],[14.6286,57.7916]]],[[[14.4575,57.7897],[14.4572,57.7897],[14.4565,57.7899],[14.4575,57.7897]]],[[[14.4584,57.7892],[14.4581,57.7894],[14.4578,57.7896],[14.4584,57.7892]]],[[[14.4538,57.7891],[14.4559,57.7897],[14.4555,57.7896],[14.4538,57.7891]]],[[[14.4921,57.789],[14.4972,57.7915],[14.4964,57.7911],[14.4921,57.789]]],[[[14.4586,57.7889],[14.4585,57.789],[14.4584,57.7892],[14.4586,57.7889]]],[[[14.4499,57.7888],[14.4538,57.7891],[14.4516,57.7889],[14.4499,57.7888]]],[[[14.436,57.7887],[14.4367,57.7894],[14.4379,57.7905],[14.436,57.7887]]],[[[14.449,57.7885],[14.4494,57.7886],[14.4494,57.7886],[14.449,57.7885]]],[[[14.4359,57.7882],[14.4357,57.7883],[14.4355,57.7884],[14.4359,57.7882]]],[[[14.4597,57.7883],[14.4592,57.7885],[14.4587,57.7886],[14.4597,57.7883]]],[[[14.4717,57.7879],[14.48,57.7892],[14.4742,57.7883],[14.4717,57.7879]]],[[[14.4366,57.7878],[14.4365,57.7878],[14.4365,57.788],[14.4366,57.7878]]],[[[14.4375,57.7876],[14.4372,57.7877],[14.4372,57.7877],[14.4375,57.7876]]],[[[14.4375,57.7876],[14.438,57.7877],[14.4378,57.7877],[14.4375,57.7876]]],[[[14.4675,57.7876],[14.4706,57.7878],[14.4689,57.7876],[14.4675,57.7876]]],[[[14.4652,57.7874],[14.4643,57.7874],[14.4658,57.7874],[14.4652,57.7874]]],[[[14.4438,57.787],[14.4446,57.7875],[14.4441,57.7872],[14.4438,57.787]]],[[[14.4419,57.787],[14.4419,57.787],[14.4418,57.7871],[14.4419,57.787]]],[[[14.4898,57.7871],[14.4921,57.789],[14.4905,57.7875],[14.4898,57.7871]]],[[[14.488,57.7869],[14.4866,57.7879],[14.4861,57.7883],[14.488,57.7869]]],[[[14.3592,57.7817],[14.3598,57.7831],[14.3595,57.7822],[14.3592,57.7817]]],[[[14.3583,57.7804],[14.3594,57.7813],[14.3585,57.7805],[14.3583,57.7804]]],[[[14.3569,57.7796],[14.3583,57.7804],[14.3576,57.78],[14.3569,57.7796]]],[[[14.3437,57.7729],[14.3459,57.7775],[14.3448,57.7752],[14.3437,57.7729]]],[[[14.3418,57.7653],[14.3422,57.7659],[14.3419,57.7655],[14.3418,57.7653]]],[[[14.3379,57.7606],[14.3378,57.7612],[14.3379,57.7608],[14.3379,57.7606]]],[[[14.3377,57.76],[14.3379,57.7606],[14.3378,57.7601],[14.3377,57.76]]],[[[14.338,57.7585],[14.338,57.7591],[14.3381,57.7588],[14.338,57.7585]]],[[[14.6507,57.7591],[14.6361,57.7657],[14.6376,57.7673],[14.6368,57.7715],[14.6397,57.7765],[14.6372,57.7799],[14.6291,57.7817],[14.6313,57.7845],[14.6315,57.7879],[14.6212,57.8022],[14.6211,57.8123],[14.6164,57.8139],[14.6162,57.8189],[14.6139,57.8215],[14.6136,57.8261],[14.6194,57.8309],[14.6177,57.8308],[14.6195,57.8309],[14.6042,57.8298],[14.5999,57.8339],[14.6042,57.8298],[14.5986,57.8351],[14.6005,57.841],[14.6039,57.8443],[14.6027,57.8444],[14.6047,57.8542],[14.6012,57.8571],[14.5913,57.8553],[14.5867,57.8597],[14.5858,57.8625],[14.5913,57.869],[14.5744,57.8678],[14.5677,57.8716],[14.5437,57.8734],[14.5351,57.8671],[14.534,57.8647],[14.5274,57.8636],[14.5236,57.8589],[14.5185,57.8577],[14.5135,57.8593],[14.5059,57.8542],[14.5069,57.8527],[14.5059,57.8542],[14.4954,57.8556],[14.4959,57.8633],[14.4892,57.8661],[14.4782,57.876],[14.4811,57.8808],[14.4771,57.8855],[14.4798,57.8872],[14.483,57.8981],[14.4828,57.9],[14.4786,57.9023],[14.4799,57.9035],[14.4794,57.9016],[14.4816,57.902],[14.4816,57.9108],[14.4803,57.9108],[14.4825,57.9136],[14.4808,57.9159],[14.4848,57.9194],[14.4854,57.9252],[14.4962,57.9298],[14.4961,57.9334],[14.5004,57.9373],[14.5036,57.9391],[14.5115,57.939],[14.5132,57.9422],[14.5224,57.9393],[14.5269,57.9406],[14.5398,57.9401],[14.549,57.9473],[14.5556,57.9493],[14.5572,57.9479],[14.5751,57.9474],[14.5755,57.9442],[14.5792,57.9421],[14.5843,57.9425],[14.5839,57.9473],[14.5791,57.9518],[14.5772,57.9587],[14.5818,57.9652],[14.577,57.9719],[14.5801,57.9814],[14.5772,57.9882],[14.6016,57.9997],[14.6188,58.0015],[14.6268,58.0002],[14.6212,57.9913],[14.6249,57.9835],[14.6304,57.9836],[14.6297,57.9768],[14.6368,57.9758],[14.6444,57.9781],[14.6481,57.9758],[14.648,57.9654],[14.6424,57.9633],[14.6416,57.9569],[14.6472,57.9535],[14.6501,57.9538],[14.6536,57.9519],[14.6719,57.9515],[14.6766,57.949],[14.6863,57.9484],[14.6873,57.9458],[14.6855,57.9419],[14.6967,57.9439],[14.7146,57.9394],[14.7144,57.9445],[14.7114,57.948],[14.7118,57.9531],[14.7156,57.9572],[14.7244,57.959],[14.7305,57.9591],[14.7311,57.9559],[14.7354,57.951],[14.7495,57.9535],[14.7584,57.9533],[14.7586,57.9481],[14.761,57.9451],[14.7671,57.942],[14.7699,57.9372],[14.7783,57.9362],[14.7785,57.9324],[14.7839,57.9302],[14.7931,57.9319],[14.7952,57.9376],[14.7938,57.9435],[14.8049,57.9446],[14.8082,57.9376],[14.8145,57.9363],[14.8131,57.9328],[14.8099,57.9309],[14.8171,57.9197],[14.8156,57.9161],[14.8173,57.9141],[14.8146,57.9087],[14.8173,57.8947],[14.8381,57.8697],[14.807,57.8603],[14.8103,57.8577],[14.8083,57.8566],[14.8086,57.8516],[14.8161,57.8492],[14.814,57.8463],[14.8109,57.8497],[14.805,57.8497],[14.8057,57.8463],[14.8084,57.8452],[14.8059,57.8382],[14.8009,57.8368],[14.7997,57.8352],[14.8011,57.8337],[14.799,57.8329],[14.8057,57.8296],[14.8051,57.8253],[14.8103,57.8211],[14.8133,57.8045],[14.7914,57.805],[14.7625,57.8019],[14.7553,57.8025],[14.757,57.7988],[14.7382,57.7964],[14.7405,57.7938],[14.7385,57.7855],[14.7216,57.7837],[14.7107,57.7877],[14.7018,57.7847],[14.7068,57.7771],[14.7038,57.7754],[14.6826,57.7726],[14.6736,57.7686],[14.6569,57.7644],[14.6564,57.7607],[14.6507,57.7591]]],[[[14.5311,57.8643],[14.5333,57.8645],[14.5324,57.8646],[14.5311,57.8643]]],[[[14.6507,57.7591],[14.6507,57.7591],[14.6507,57.7591],[14.6507,57.7591]]],[[[14.3375,57.7574],[14.3381,57.758],[14.3379,57.7577],[14.3375,57.7574]]],[[[14.3371,57.7573],[14.3375,57.7574],[14.3373,57.7574],[14.3371,57.7573]]],[[[14.337,57.7573],[14.3366,57.7573],[14.3371,57.7573],[14.337,57.7573]]],[[[14.6535,57.7536],[14.6533,57.7538],[14.6507,57.7591],[14.6535,57.7536]]],[[[14.3726,57.7524],[14.3716,57.7525],[14.3719,57.7525],[14.3726,57.7524]]],[[[14.3709,57.7523],[14.3712,57.7524],[14.3716,57.7525],[14.3709,57.7523]]],[[[14.3734,57.7522],[14.3726,57.7524],[14.373,57.7523],[14.3734,57.7522]]],[[[14.3705,57.752],[14.3706,57.7521],[14.3709,57.7523],[14.3705,57.752]]],[[[14.6532,57.7529],[14.6532,57.753],[14.6533,57.7531],[14.6532,57.7529]]],[[[14.376,57.7518],[14.3748,57.752],[14.3757,57.7519],[14.376,57.7518]]],[[[14.3765,57.7515],[14.376,57.7518],[14.3762,57.7516],[14.3765,57.7515]]],[[[14.6516,57.7522],[14.651,57.7524],[14.6515,57.7523],[14.6516,57.7522]]],[[[14.6496,57.7518],[14.6498,57.7521],[14.65,57.7522],[14.6496,57.7518]]],[[[14.3672,57.7505],[14.368,57.7509],[14.3691,57.7512],[14.3672,57.7505]]],[[[14.6485,57.7515],[14.6485,57.7515],[14.6488,57.7516],[14.6485,57.7515]]],[[[14.3558,57.7503],[14.3526,57.751],[14.3541,57.7507],[14.3558,57.7503]]],[[[14.3773,57.75],[14.3767,57.7512],[14.377,57.7507],[14.3773,57.75]]],[[[14.63,57.751],[14.63,57.751],[14.6303,57.7512],[14.63,57.751]]],[[[14.3635,57.7498],[14.3642,57.7499],[14.3644,57.7499],[14.3635,57.7498]]],[[[14.6322,57.7506],[14.6317,57.7508],[14.632,57.7506],[14.6322,57.7506]]],[[[14.361,57.7494],[14.3558,57.7503],[14.3573,57.7501],[14.361,57.7494]]],[[[14.6473,57.7504],[14.6473,57.7507],[14.6474,57.751],[14.6473,57.7504]]],[[[14.3786,57.7493],[14.3777,57.7496],[14.3782,57.7495],[14.3786,57.7493]]],[[[14.6339,57.7501],[14.6327,57.7503],[14.6333,57.7503],[14.6339,57.7501]]],[[[14.6342,57.7498],[14.6339,57.7501],[14.634,57.75],[14.6342,57.7498]]],[[[14.6466,57.7497],[14.6462,57.7499],[14.6464,57.7498],[14.6466,57.7497]]],[[[14.6278,57.7496],[14.628,57.7498],[14.6282,57.75],[14.6278,57.7496]]],[[[14.645,57.7496],[14.6459,57.7498],[14.6462,57.7499],[14.645,57.7496]]],[[[14.6359,57.7495],[14.6359,57.7495],[14.6359,57.7495],[14.6359,57.7495]]],[[[14.6433,57.7495],[14.6443,57.7496],[14.645,57.7496],[14.6433,57.7495]]],[[[14.637,57.7495],[14.6367,57.7495],[14.6367,57.7495],[14.637,57.7495]]],[[[14.6377,57.7493],[14.637,57.7495],[14.6373,57.7494],[14.6377,57.7493]]],[[[14.379,57.7483],[14.3786,57.7493],[14.3788,57.749],[14.379,57.7483]]],[[[14.6406,57.7492],[14.6408,57.7493],[14.6422,57.7495],[14.6406,57.7492]]],[[[14.3492,57.748],[14.3467,57.7483],[14.3476,57.7482],[14.3492,57.748]]],[[[14.6167,57.7486],[14.6172,57.7487],[14.6174,57.7487],[14.6167,57.7486]]],[[[14.6163,57.7481],[14.6165,57.7484],[14.6167,57.7486],[14.6163,57.7481]]],[[[14.614,57.7478],[14.6141,57.7478],[14.6143,57.7479],[14.614,57.7478]]],[[[14.6151,57.7477],[14.6143,57.7479],[14.6146,57.7478],[14.6151,57.7477]]],[[[14.6151,57.7477],[14.6154,57.7478],[14.616,57.748],[14.6151,57.7477]]],[[[14.3778,57.7468],[14.3784,57.747],[14.3782,57.7468],[14.3778,57.7468]]],[[[14.5453,57.7471],[14.5452,57.7471],[14.5452,57.7471],[14.5453,57.7471]]],[[[14.6133,57.7473],[14.6138,57.7477],[14.614,57.7478],[14.6133,57.7473]]],[[[14.6116,57.7467],[14.6119,57.7467],[14.6119,57.7467],[14.6116,57.7467]]],[[[14.6094,57.7463],[14.6101,57.7463],[14.6103,57.7463],[14.6094,57.7463]]],[[[14.5474,57.746],[14.5475,57.7464],[14.5475,57.7463],[14.5474,57.746]]],[[[14.6087,57.7461],[14.609,57.7462],[14.6094,57.7463],[14.6087,57.7461]]],[[[14.5405,57.7458],[14.5406,57.7458],[14.5406,57.7458],[14.5405,57.7458]]],[[[14.5479,57.7457],[14.5474,57.746],[14.5478,57.7458],[14.5479,57.7457]]],[[[14.5406,57.7456],[14.5407,57.7458],[14.5406,57.7456],[14.5406,57.7456]]],[[[14.5662,57.7457],[14.5645,57.7457],[14.5652,57.7457],[14.5662,57.7457]]],[[[14.6081,57.7457],[14.6084,57.7459],[14.6087,57.7461],[14.6081,57.7457]]],[[[14.5675,57.7453],[14.5662,57.7457],[14.5672,57.7454],[14.5675,57.7453]]],[[[14.3768,57.7443],[14.3767,57.7446],[14.3768,57.7445],[14.3768,57.7443]]],[[[14.6079,57.7452],[14.608,57.7455],[14.6081,57.7457],[14.6079,57.7452]]],[[[14.5409,57.7448],[14.5409,57.7448],[14.5409,57.7448],[14.5409,57.7448]]],[[[14.6079,57.7449],[14.6079,57.745],[14.6079,57.7452],[14.6079,57.7449]]],[[[14.3768,57.7438],[14.3768,57.7443],[14.3768,57.744],[14.3768,57.7438]]],[[[14.607,57.7447],[14.6065,57.7448],[14.6067,57.7448],[14.607,57.7447]]],[[[14.5424,57.7442],[14.5419,57.7443],[14.5421,57.7443],[14.5424,57.7442]]],[[[14.6051,57.7444],[14.6057,57.7447],[14.606,57.7448],[14.6051,57.7444]]],[[[14.56,57.7441],[14.561,57.745],[14.5613,57.7452],[14.56,57.7441]]],[[[14.4069,57.7434],[14.4037,57.7442],[14.4045,57.744],[14.4069,57.7434]]],[[[14.6033,57.7441],[14.6034,57.7442],[14.6038,57.7442],[14.6033,57.7441]]],[[[14.5427,57.7439],[14.5424,57.7442],[14.5425,57.7441],[14.5427,57.7439]]],[[[14.6031,57.7439],[14.6031,57.744],[14.6033,57.7441],[14.6031,57.7439]]],[[[14.57,57.7437],[14.5692,57.7444],[14.5696,57.7442],[14.57,57.7437]]],[[[14.5367,57.7436],[14.5363,57.7436],[14.5365,57.7436],[14.5367,57.7436]]],[[[14.6032,57.7438],[14.6032,57.7439],[14.6031,57.7439],[14.6032,57.7438]]],[[[14.5424,57.7435],[14.5427,57.7439],[14.5427,57.7437],[14.5424,57.7435]]],[[[14.5358,57.7435],[14.5361,57.7436],[14.5363,57.7436],[14.5358,57.7435]]],[[[14.542,57.7432],[14.5424,57.7435],[14.5422,57.7433],[14.542,57.7432]]],[[[14.5531,57.7428],[14.5529,57.7433],[14.553,57.7431],[14.5531,57.7428]]],[[[14.6035,57.7428],[14.6033,57.743],[14.6033,57.7431],[14.6035,57.7428]]],[[[14.5308,57.7426],[14.5309,57.7426],[14.5315,57.7428],[14.5308,57.7426]]],[[[14.5529,57.7426],[14.5531,57.7428],[14.5529,57.7426],[14.5529,57.7426]]],[[[14.6039,57.7427],[14.6037,57.7427],[14.6035,57.7428],[14.6039,57.7427]]],[[[14.378,57.7418],[14.3768,57.7432],[14.3771,57.7428],[14.378,57.7418]]],[[[14.5302,57.7424],[14.5289,57.7428],[14.5298,57.7425],[14.5302,57.7424]]],[[[14.5705,57.7423],[14.57,57.7437],[14.5702,57.7434],[14.5705,57.7423]]],[[[14.6062,57.7422],[14.6062,57.7426],[14.6062,57.7423],[14.6062,57.7422]]],[[[14.5704,57.742],[14.5705,57.7423],[14.5705,57.7422],[14.5704,57.742]]],[[[14.6062,57.7421],[14.6062,57.7421],[14.6062,57.7422],[14.6062,57.7421]]],[[[14.5529,57.7418],[14.5528,57.7419],[14.5529,57.7419],[14.5529,57.7418]]],[[[14.5584,57.7418],[14.5593,57.7432],[14.56,57.7441],[14.5584,57.7418]]],[[[14.5533,57.7416],[14.5532,57.7416],[14.5532,57.7416],[14.5533,57.7416]]],[[[14.5539,57.7413],[14.5534,57.7415],[14.5537,57.7414],[14.5539,57.7413]]],[[[14.5705,57.741],[14.5703,57.7413],[14.5704,57.7412],[14.5705,57.741]]],[[[14.6066,57.741],[14.6064,57.7414],[14.6064,57.7417],[14.6066,57.741]]],[[[14.3911,57.74],[14.3983,57.7442],[14.3991,57.7447],[14.3911,57.74]]],[[[14.5547,57.7406],[14.5543,57.7409],[14.5547,57.7407],[14.5547,57.7406]]],[[[14.6057,57.7398],[14.6058,57.7399],[14.606,57.74],[14.6057,57.7398]]],[[[14.5921,57.7395],[14.592,57.7395],[14.592,57.7395],[14.5921,57.7395]]],[[[14.5703,57.7394],[14.5707,57.7399],[14.5705,57.7396],[14.5703,57.7394]]],[[[14.6058,57.7394],[14.6057,57.7396],[14.6057,57.7398],[14.6058,57.7394]]],[[[14.5888,57.7391],[14.5896,57.7392],[14.592,57.7395],[14.5888,57.7391]]],[[[14.3845,57.7382],[14.3892,57.7392],[14.3898,57.7393],[14.3845,57.7382]]],[[[14.5697,57.7389],[14.5703,57.7394],[14.5699,57.7391],[14.5697,57.7389]]],[[[14.6034,57.7389],[14.6013,57.739],[14.602,57.739],[14.6034,57.7389]]],[[[14.6034,57.7389],[14.6049,57.7392],[14.6058,57.7394],[14.6034,57.7389]]],[[[14.5844,57.7386],[14.5853,57.7388],[14.586,57.7389],[14.5844,57.7386]]],[[[14.4229,57.7368],[14.4218,57.7413],[14.4223,57.7396],[14.4229,57.7368]]],[[[14.5692,57.737],[14.5692,57.7382],[14.5693,57.7373],[14.5692,57.737]]],[[[14.57,57.736],[14.5701,57.7367],[14.5701,57.7364],[14.57,57.736]]],[[[14.423,57.7353],[14.4229,57.7368],[14.423,57.7355],[14.423,57.7353]]],[[[14.5708,57.7357],[14.57,57.736],[14.5705,57.7359],[14.5708,57.7357]]],[[[14.574,57.7354],[14.5734,57.7357],[14.5739,57.7355],[14.574,57.7354]]],[[[14.571,57.7353],[14.5708,57.7357],[14.5709,57.7356],[14.571,57.7353]]],[[[14.571,57.7353],[14.5715,57.7355],[14.5716,57.7355],[14.571,57.7353]]],[[[14.5767,57.7346],[14.5753,57.7348],[14.5764,57.7347],[14.5767,57.7346]]],[[[14.5775,57.7341],[14.5767,57.7346],[14.5769,57.7345],[14.5775,57.7341]]],[[[14.5105,57.733],[14.5107,57.7335],[14.5121,57.7358],[14.5105,57.733]]],[[[14.4231,57.7315],[14.4227,57.7338],[14.4229,57.7328],[14.4231,57.7315]]],[[[14.5091,57.7312],[14.5097,57.7321],[14.5105,57.733],[14.5091,57.7312]]],[[[14.4591,57.7307],[14.4564,57.7309],[14.4568,57.7309],[14.4591,57.7307]]],[[[14.5085,57.7293],[14.509,57.7308],[14.5091,57.7312],[14.5085,57.7293]]],[[[14.4648,57.7291],[14.4595,57.7309],[14.4624,57.7299],[14.4648,57.7291]]],[[[14.4669,57.7286],[14.4662,57.7288],[14.4665,57.7287],[14.4669,57.7286]]],[[[14.5086,57.7287],[14.5085,57.7289],[14.5085,57.7293],[14.5086,57.7287]]],[[[14.5087,57.7276],[14.5087,57.7276],[14.5086,57.7287],[14.5087,57.7276]]],[[[14.4732,57.7267],[14.4728,57.7268],[14.4729,57.7268],[14.4732,57.7267]]],[[[14.5066,57.7268],[14.507,57.7268],[14.5077,57.7268],[14.5066,57.7268]]],[[[14.475,57.7266],[14.4733,57.7267],[14.4745,57.7267],[14.475,57.7266]]],[[[14.482,57.7265],[14.4823,57.7265],[14.4827,57.7265],[14.482,57.7265]]],[[[14.4772,57.7264],[14.4764,57.7266],[14.4768,57.7265],[14.4772,57.7264]]],[[[14.4799,57.7262],[14.4804,57.7263],[14.4809,57.7263],[14.4799,57.7262]]],[[[14.5024,57.7261],[14.5028,57.7262],[14.5033,57.7262],[14.5024,57.7261]]],[[[14.4248,57.7247],[14.4253,57.7283],[14.4253,57.7275],[14.4248,57.7247]]],[[[14.5002,57.7248],[14.501,57.7253],[14.502,57.726],[14.5002,57.7248]]],[[[14.497,57.7239],[14.4857,57.7263],[14.4866,57.7262],[14.497,57.7239]]],[[[14.4275,57.7232],[14.4277,57.7233],[14.4278,57.7233],[14.4275,57.7232]]],[[[14.4551,57.723],[14.4552,57.7248],[14.4553,57.7258],[14.4551,57.723]]],[[[14.4297,57.7227],[14.4278,57.7233],[14.429,57.723],[14.4297,57.7227]]],[[[14.4486,57.7223],[14.4502,57.7223],[14.4478,57.7223],[14.4486,57.7223]]],[[[14.444,57.7219],[14.445,57.722],[14.4457,57.7221],[14.444,57.7219]]],[[[14.435,57.7209],[14.435,57.7209],[14.435,57.7209],[14.435,57.7209]]],[[[14.4343,57.7204],[14.4345,57.7206],[14.435,57.7209],[14.4343,57.7204]]]]},"properties":{"Valdistrik":"06040103","Valdistr_1":"Aneby Västra","Valdistr_2":"Aneby Västra  (Aneby)","KommunNamn":"Aneby","And_rösta":81.875,"A_29_år":230,"A_65__år":556,"A_TOTålde":1903,"UTB_Lång_":308,"UTB_TOTutb":1892}},{"type":"Feature","geometry":{"type":"Polygon","coordinates":[[[14.337,57.7573],[14.3378,57.7612],[14.3426,57.7661],[14.3464,57.7793],[14.3583,57.7804],[14.3656,57.7912],[14.3595,57.8025],[14.3546,57.805],[14.3606,57.8093],[14.3639,57.8145],[14.3727,57.8169],[14.3753,57.8126],[14.3998,57.8079],[14.4084,57.8032],[14.4153,57.8055],[14.4226,57.8031],[14.4246,57.7996],[14.4286,57.8009],[14.4357,57.8001],[14.4365,57.7959],[14.4397,57.794],[14.4385,57.7907],[14.4355,57.7884],[14.4366,57.7878],[14.4426,57.7866],[14.4565,57.7899],[14.4665,57.7873],[14.485,57.7901],[14.4893,57.7862],[14.4972,57.7915],[14.4987,57.7945],[14.5044,57.7955],[14.506,57.7987],[14.5095,57.7997],[14.5108,57.8028],[14.5098,57.8062],[14.5144,57.8068],[14.5121,57.8179],[14.4968,57.8299],[14.4954,57.8392],[14.4966,57.8421],[14.5051,57.8471],[14.5077,57.8504],[14.5059,57.8542],[14.5069,57.8549],[14.5135,57.8593],[14.5185,57.8577],[14.5236,57.8589],[14.5274,57.8636],[14.5343,57.8649],[14.5351,57.8671],[14.5437,57.8734],[14.5676,57.8716],[14.5743,57.8678],[14.5913,57.869],[14.5858,57.8625],[14.5867,57.8597],[14.5913,57.8553],[14.6012,57.8571],[14.6046,57.8542],[14.6027,57.8444],[14.6039,57.8443],[14.6005,57.841],[14.5986,57.8351],[14.6042,57.8298],[14.6194,57.8309],[14.6136,57.8261],[14.6139,57.8215],[14.6162,57.8189],[14.6164,57.8139],[14.6211,57.8123],[14.6212,57.8022],[14.6315,57.7879],[14.6313,57.7845],[14.6291,57.7817],[14.6372,57.7799],[14.6397,57.7765],[14.6368,57.7715],[14.6376,57.7673],[14.6361,57.7657],[14.6503,57.7598],[14.6536,57.7535],[14.6466,57.7497],[14.639,57.7491],[14.6303,57.7512],[14.6254,57.7479],[14.6167,57.7486],[14.6031,57.744],[14.6062,57.7426],[14.6058,57.7394],[14.5844,57.7386],[14.5775,57.7341],[14.57,57.736],[14.57,57.7437],[14.5662,57.7457],[14.5613,57.7452],[14.5576,57.7409],[14.5547,57.7406],[14.5529,57.7433],[14.5496,57.7437],[14.5476,57.7468],[14.5452,57.7471],[14.5466,57.7434],[14.5451,57.7428],[14.542,57.7432],[14.5406,57.7458],[14.5374,57.7436],[14.5302,57.7424],[14.5254,57.7448],[14.5153,57.741],[14.5091,57.7312],[14.5084,57.7269],[14.502,57.726],[14.4994,57.7233],[14.4857,57.7263],[14.4728,57.7268],[14.4564,57.7309],[14.4551,57.723],[14.4343,57.7204],[14.4248,57.7247],[14.4253,57.7283],[14.4231,57.7315],[14.4218,57.7413],[14.3991,57.7447],[14.3898,57.7393],[14.381,57.7375],[14.3768,57.7432],[14.3761,57.746],[14.379,57.7483],[14.376,57.7518],[14.3716,57.7525],[14.3618,57.7494],[14.3526,57.751],[14.3492,57.748],[14.3467,57.7483],[14.337,57.7573]]]},"properties":{"Valdistrik":"06801473","Valdistr_1":"Lekeryd-Järsnäs","Valdistr_2":"Lekeryd-Järsnäs  (Jönköping)","KommunNamn":"Jönköping","And_rösta":90.432923570283279,"A_29_år":246,"A_65__år":491,"A_TOTålde":1859,"UTB_Lång_":315,"UTB_TOTutb":1848}},{"type":"Feature","geometry":{"type":"MultiPolygon","coordinates":[[[[14.5931,58.0959],[14.5934,58.0985],[14.6021,58.0988],[14.6175,58.0965],[14.6289,58.0974],[14.6337,58.096],[14.652,58.0958],[14.6576,58.0974],[14.6578,58.1009],[14.6876,58.0985],[14.7054,58.0995],[14.7118,58.0979],[14.7174,58.0995],[14.7228,58.0979],[14.7592,58.1038],[14.7591,58.1016],[14.7658,58.095],[14.7656,58.0861],[14.791,58.0852],[14.802,58.0864],[14.8082,58.0845],[14.8088,58.0827],[14.8369,58.0863],[14.8441,58.0853],[14.8501,58.0885],[14.8535,58.0859],[14.8583,58.0856],[14.8835,58.0911],[14.8867,58.0878],[14.8858,58.0851],[14.8969,58.0854],[14.8986,58.0827],[14.8973,58.0816],[14.8998,58.0796],[14.9114,58.0758],[14.9312,58.0637],[14.9435,58.0608],[14.9547,58.0518],[14.9473,58.043],[14.9516,58.031],[14.9499,58.0264],[14.9421,58.0209],[14.9316,58.01],[14.9237,58.0047],[14.9257,58.0003],[14.9282,57.9993],[14.9281,57.9973],[14.9339,57.9936],[14.9394,57.9804],[14.9204,57.9627],[14.9205,57.9553],[14.9279,57.9541],[14.9263,57.9498],[14.9185,57.948],[14.9117,57.9485],[14.9095,57.9443],[14.9025,57.9459],[14.8873,57.945],[14.8842,57.9472],[14.871,57.9486],[14.8697,57.9523],[14.859,57.9531],[14.8546,57.9524],[14.8497,57.9428],[14.8427,57.9413],[14.8351,57.9459],[14.8253,57.9482],[14.8149,57.9388],[14.8145,57.9363],[14.8082,57.9376],[14.8049,57.9446],[14.796,57.9443],[14.7938,57.9435],[14.7952,57.9399],[14.7939,57.9335],[14.7923,57.9311],[14.7895,57.9307],[14.7828,57.9305],[14.7785,57.9324],[14.7783,57.9362],[14.7699,57.9372],[14.7694,57.94],[14.7592,57.9469],[14.7584,57.9533],[14.7495,57.9535],[14.7354,57.951],[14.7311,57.9559],[14.7305,57.9591],[14.7185,57.9582],[14.7123,57.9538],[14.7114,57.948],[14.7144,57.9445],[14.7146,57.9394],[14.6967,57.9439],[14.6855,57.9419],[14.6873,57.9458],[14.6863,57.9484],[14.6766,57.949],[14.6719,57.9515],[14.6536,57.9519],[14.6501,57.9538],[14.6472,57.9535],[14.6413,57.958],[14.6424,57.9633],[14.648,57.9654],[14.6481,57.9758],[14.6444,57.9781],[14.6368,57.9758],[14.6297,57.9768],[14.6304,57.9836],[14.6249,57.9835],[14.6212,57.9913],[14.6268,58.0002],[14.6232,58.0014],[14.6134,58.0007],[14.6162,58.0063],[14.6149,58.0111],[14.6204,58.0174],[14.6178,58.0221],[14.6196,58.0243],[14.6152,58.0285],[14.6136,58.0351],[14.608,58.0384],[14.6086,58.0403],[14.6061,58.0458],[14.6093,58.0479],[14.6089,58.0501],[14.623,58.0517],[14.6191,58.0532],[14.6199,58.0543],[14.6174,58.0576],[14.6049,58.067],[14.6041,58.0707],[14.6062,58.0748],[14.6043,58.0813],[14.5931,58.0959]]],[[[14.6199,58.0543],[14.6198,58.054],[14.6186,58.0556],[14.6199,58.0543]]],[[[14.6076,58.0413],[14.6072,58.0414],[14.6073,58.0413],[14.6076,58.0413]]],[[[14.6136,58.0351],[14.6128,58.0356],[14.608,58.0384],[14.6136,58.0351]]],[[[14.3989,57.984],[14.3992,57.9844],[14.3991,57.9842],[14.3989,57.984]]],[[[14.3996,57.9853],[14.3997,57.9855],[14.3997,57.9854],[14.3996,57.9853]]],[[[14.3997,57.9855],[14.4007,57.9867],[14.4001,57.9859],[14.3997,57.9855]]],[[[14.4007,57.9867],[14.4012,57.987],[14.4011,57.9869],[14.4007,57.9867]]],[[[14.401,57.9828],[14.4013,57.9832],[14.4011,57.9829],[14.401,57.9828]]],[[[14.4018,57.9823],[14.4012,57.9825],[14.4015,57.9824],[14.4018,57.9823]]],[[[14.4021,57.9874],[14.4038,57.988],[14.4024,57.9875],[14.4021,57.9874]]],[[[14.4054,57.9886],[14.4063,57.9889],[14.4059,57.9887],[14.4054,57.9886]]],[[[14.4091,57.9799],[14.4067,57.9801],[14.4077,57.98],[14.4091,57.9799]]],[[[14.4085,57.9898],[14.4102,57.9905],[14.4087,57.9899],[14.4085,57.9898]]],[[[14.41,57.9796],[14.4091,57.9799],[14.4094,57.9798],[14.41,57.9796]]],[[[14.4123,57.9914],[14.4133,57.9919],[14.413,57.9917],[14.4123,57.9914]]],[[[14.4133,57.9919],[14.414,57.992],[14.4136,57.9919],[14.4133,57.9919]]],[[[14.4165,57.975],[14.4147,57.9753],[14.4154,57.9752],[14.4165,57.975]]],[[[14.4154,57.9926],[14.4178,57.9936],[14.4175,57.9934],[14.4154,57.9926]]],[[[14.4181,57.976],[14.418,57.9759],[14.4181,57.976],[14.4181,57.976]]],[[[14.4178,57.9936],[14.4217,57.9951],[14.4192,57.9941],[14.4178,57.9936]]],[[[14.4194,57.9774],[14.4193,57.9768],[14.4193,57.9771],[14.4194,57.9774]]],[[[14.4196,57.9784],[14.4195,57.9778],[14.4195,57.9783],[14.4196,57.9784]]],[[[14.4273,57.9795],[14.4271,57.9789],[14.4271,57.9792],[14.4273,57.9795]]],[[[14.4274,57.9845],[14.4274,57.9831],[14.4273,57.9835],[14.4274,57.9845]]],[[[14.4274,57.9829],[14.4274,57.9823],[14.4273,57.9826],[14.4274,57.9829]]],[[[14.4279,57.9871],[14.428,57.9868],[14.428,57.9869],[14.4279,57.9871]]],[[[14.4283,57.9977],[14.4286,57.9979],[14.4283,57.9977],[14.4283,57.9977]]],[[[14.4318,57.9989],[14.431,57.9994],[14.4317,57.999],[14.4318,57.9989]]],[[[14.4316,57.9988],[14.4318,57.9989],[14.4317,57.9989],[14.4316,57.9988]]],[[[14.4352,57.9871],[14.4324,57.9873],[14.4338,57.9872],[14.4352,57.9871]]],[[[14.4324,57.9993],[14.4326,57.9994],[14.4325,57.9994],[14.4324,57.9993]]],[[[14.4412,57.9831],[14.4349,57.9854],[14.4371,57.9846],[14.4412,57.9831]]],[[[14.4349,57.9854],[14.4351,57.9859],[14.435,57.9857],[14.4349,57.9854]]],[[[14.4355,58.0008],[14.4366,58.0014],[14.4359,58.001],[14.4355,58.0008]]],[[[14.4368,58.0015],[14.4373,58.0017],[14.4369,58.0016],[14.4368,58.0015]]],[[[14.4374,58.0018],[14.438,58.0022],[14.4377,58.002],[14.4374,58.0018]]],[[[14.4384,58.0024],[14.44,58.0033],[14.4392,58.0029],[14.4384,58.0024]]],[[[14.4397,57.9798],[14.4402,57.9809],[14.44,57.9804],[14.4397,57.9798]]],[[[14.4445,57.9785],[14.4402,57.9791],[14.4411,57.979],[14.4445,57.9785]]],[[[14.4405,57.9813],[14.4411,57.9818],[14.4408,57.9815],[14.4405,57.9813]]],[[[14.4406,58.0037],[14.4408,58.0041],[14.4407,58.0039],[14.4406,58.0037]]],[[[14.4411,57.9818],[14.4419,57.9823],[14.4417,57.9821],[14.4411,57.9818]]],[[[14.4408,58.0041],[14.4419,58.0048],[14.4414,58.0045],[14.4408,58.0041]]],[[[14.4419,57.9823],[14.4412,57.9831],[14.4418,57.9825],[14.4419,57.9823]]],[[[14.4419,58.0048],[14.4422,58.005],[14.4421,58.005],[14.4419,58.0048]]],[[[14.4433,58.0057],[14.444,58.006],[14.4438,58.0059],[14.4433,58.0057]]],[[[14.4447,58.0066],[14.4449,58.0067],[14.4448,58.0066],[14.4447,58.0066]]],[[[14.4451,58.0069],[14.4453,58.0073],[14.4453,58.0072],[14.4451,58.0069]]],[[[14.4453,58.0073],[14.4456,58.0075],[14.4455,58.0074],[14.4453,58.0073]]],[[[14.4456,58.0075],[14.4457,58.0075],[14.4456,58.0075],[14.4456,58.0075]]],[[[14.4459,58.0077],[14.4459,58.0077],[14.4459,58.0077],[14.4459,58.0077]]],[[[14.4461,58.0079],[14.4463,58.0084],[14.4462,58.0081],[14.4461,58.0079]]],[[[14.4464,58.0083],[14.4464,58.0083],[14.4464,58.0083],[14.4464,58.0083]]],[[[14.4464,58.0083],[14.4466,58.0085],[14.4465,58.0083],[14.4464,58.0083]]],[[[14.4466,58.0085],[14.4467,58.0087],[14.4467,58.0086],[14.4466,58.0085]]],[[[14.4467,58.0088],[14.4467,58.0089],[14.4467,58.0089],[14.4467,58.0088]]],[[[14.4467,58.009],[14.4467,58.0092],[14.4467,58.0091],[14.4467,58.009]]],[[[14.4467,58.0092],[14.4469,58.0095],[14.4469,58.0093],[14.4467,58.0092]]],[[[14.4469,58.0095],[14.4472,58.0099],[14.4472,58.0098],[14.4469,58.0095]]],[[[14.4472,58.01],[14.4474,58.0101],[14.4474,58.01],[14.4472,58.01]]],[[[14.4475,58.0101],[14.4476,58.0102],[14.4475,58.0101],[14.4475,58.0101]]],[[[14.4481,58.0105],[14.4482,58.0105],[14.4481,58.0105],[14.4481,58.0105]]],[[[14.4482,58.0105],[14.4482,58.0106],[14.4482,58.0106],[14.4482,58.0105]]],[[[14.4487,58.0111],[14.4487,58.0111],[14.4487,58.0111],[14.4487,58.0111]]],[[[14.4488,58.0112],[14.4487,58.0114],[14.4488,58.0113],[14.4488,58.0112]]],[[[14.4487,58.0114],[14.4489,58.0116],[14.4488,58.0114],[14.4487,58.0114]]],[[[14.4495,57.9798],[14.4494,57.9792],[14.4494,57.9795],[14.4495,57.9798]]],[[[14.4492,58.0119],[14.4493,58.012],[14.4492,58.0119],[14.4492,58.0119]]],[[[14.4493,58.012],[14.4492,58.0122],[14.4493,58.0121],[14.4493,58.012]]],[[[14.4492,58.0122],[14.4498,58.0124],[14.4495,58.0123],[14.4492,58.0122]]],[[[14.4517,57.9814],[14.4498,57.98],[14.4502,57.9803],[14.4517,57.9814]]],[[[14.4499,58.0124],[14.45,58.0125],[14.45,58.0125],[14.4499,58.0124]]],[[[14.45,58.0125],[14.4503,58.0126],[14.4502,58.0126],[14.45,58.0125]]],[[[14.4503,58.0126],[14.4504,58.0128],[14.4505,58.0128],[14.4503,58.0126]]],[[[14.4505,58.013],[14.4507,58.013],[14.4506,58.013],[14.4505,58.013]]],[[[14.4507,58.013],[14.4508,58.0132],[14.4508,58.0131],[14.4507,58.013]]],[[[14.4509,58.0134],[14.4512,58.0144],[14.4511,58.0141],[14.4509,58.0134]]],[[[14.4512,58.0152],[14.4509,58.0159],[14.4512,58.0153],[14.4512,58.0152]]],[[[14.4513,58.015],[14.4512,58.0152],[14.4513,58.0151],[14.4513,58.015]]],[[[14.4513,58.0148],[14.4513,58.015],[14.4513,58.0149],[14.4513,58.0148]]],[[[14.4516,58.0298],[14.4519,58.0293],[14.4518,58.0295],[14.4516,58.0298]]],[[[14.4524,58.0306],[14.4516,58.0305],[14.4519,58.0306],[14.4524,58.0306]]],[[[14.4519,58.0293],[14.4524,58.0291],[14.4521,58.0292],[14.4519,58.0293]]],[[[14.453,58.0306],[14.4524,58.0306],[14.4526,58.0306],[14.453,58.0306]]],[[[14.4524,58.0291],[14.4541,58.0289],[14.4528,58.029],[14.4524,58.0291]]],[[[14.4536,58.0303],[14.453,58.0306],[14.4534,58.0305],[14.4536,58.0303]]],[[[14.4536,58.0236],[14.4539,58.0239],[14.4537,58.0236],[14.4536,58.0236]]],[[[14.4538,58.0304],[14.4546,58.0301],[14.4542,58.0302],[14.4538,58.0304]]],[[[14.4539,58.0239],[14.4539,58.0243],[14.454,58.0242],[14.4539,58.0239]]],[[[14.4551,58.0285],[14.4539,58.0288],[14.455,58.0285],[14.4551,58.0285]]],[[[14.4539,58.0243],[14.4543,58.0247],[14.4542,58.0245],[14.4539,58.0243]]],[[[14.454,58.0294],[14.4541,58.0296],[14.454,58.0295],[14.454,58.0294]]],[[[14.4541,58.0289],[14.4541,58.029],[14.4541,58.0289],[14.4541,58.0289]]],[[[14.4541,58.0296],[14.4541,58.0297],[14.4541,58.0296],[14.4541,58.0296]]],[[[14.4544,58.0297],[14.4542,58.0292],[14.4542,58.0294],[14.4544,58.0297]]],[[[14.4543,58.029],[14.455,58.0287],[14.4543,58.029],[14.4543,58.029]]],[[[14.4543,58.0271],[14.4551,58.0285],[14.4545,58.0272],[14.4543,58.0271]]],[[[14.4554,57.9785],[14.4553,57.9791],[14.4554,57.9787],[14.4554,57.9785]]],[[[14.4546,58.0301],[14.4575,58.0299],[14.4557,58.03],[14.4546,58.0301]]],[[[14.4547,58.0249],[14.4549,58.025],[14.4548,58.025],[14.4547,58.0249]]],[[[14.4549,58.025],[14.4549,58.0251],[14.4549,58.0251],[14.4549,58.025]]],[[[14.455,58.0252],[14.4551,58.0253],[14.4551,58.0252],[14.455,58.0252]]],[[[14.455,58.0287],[14.4567,58.0289],[14.4555,58.0287],[14.455,58.0287]]],[[[14.4551,58.0253],[14.4552,58.0254],[14.4552,58.0254],[14.4551,58.0253]]],[[[14.4553,58.0255],[14.4553,58.0256],[14.4553,58.0256],[14.4553,58.0255]]],[[[14.4553,58.0256],[14.4553,58.0261],[14.4554,58.026],[14.4553,58.0256]]],[[[14.4567,57.9757],[14.4565,57.976],[14.4565,57.9759],[14.4567,57.9757]]],[[[14.4567,58.0285],[14.457,58.0284],[14.4569,58.0284],[14.4567,58.0285]]],[[[14.4571,58.0298],[14.4567,58.0298],[14.4569,58.0298],[14.4571,58.0298]]],[[[14.4577,58.0289],[14.4571,58.0287],[14.4574,58.0288],[14.4577,58.0289]]],[[[14.4584,58.028],[14.4628,58.0261],[14.4588,58.0278],[14.4584,58.028]]],[[[14.4623,58.0248],[14.4614,58.0232],[14.4621,58.0244],[14.4623,58.0248]]],[[[14.4622,57.9729],[14.463,57.9746],[14.4627,57.9739],[14.4622,57.9729]]],[[[14.4639,57.9727],[14.4637,57.9727],[14.4638,57.9727],[14.4639,57.9727]]],[[[14.4637,58.0228],[14.4643,58.0234],[14.4638,58.0229],[14.4637,58.0228]]],[[[14.4652,57.9725],[14.4645,57.9726],[14.465,57.9726],[14.4652,57.9725]]],[[[14.4662,57.9712],[14.4652,57.9725],[14.4654,57.9723],[14.4662,57.9712]]],[[[14.466,57.9819],[14.4657,57.98],[14.4659,57.9815],[14.466,57.9819]]],[[[14.4659,57.9867],[14.4657,57.9861],[14.4658,57.9866],[14.4659,57.9867]]],[[[14.4679,57.9883],[14.4659,57.9867],[14.4663,57.9871],[14.4679,57.9883]]],[[[14.4695,57.9703],[14.4666,57.971],[14.4673,57.9708],[14.4695,57.9703]]],[[[14.4673,57.9844],[14.4679,57.9832],[14.4675,57.9837],[14.4673,57.9844]]],[[[14.4686,57.9737],[14.4717,57.9713],[14.4698,57.9727],[14.4686,57.9737]]],[[[14.4689,57.9883],[14.4686,57.9883],[14.4687,57.9884],[14.4689,57.9883]]],[[[14.4692,58.0217],[14.47,58.0224],[14.4696,58.022],[14.4692,58.0217]]],[[[14.4717,57.9713],[14.4703,57.9708],[14.4705,57.9709],[14.4717,57.9713]]],[[[14.4732,57.9878],[14.4704,57.9883],[14.4724,57.9879],[14.4732,57.9878]]],[[[14.47,58.0224],[14.4705,58.0231],[14.4703,58.0228],[14.47,58.0224]]],[[[14.4706,58.0232],[14.471,58.0235],[14.4708,58.0233],[14.4706,58.0232]]],[[[14.471,58.0238],[14.4716,58.0245],[14.4712,58.0239],[14.471,58.0238]]],[[[14.472,58.0246],[14.4725,58.0248],[14.4722,58.0246],[14.472,58.0246]]],[[[14.4725,58.0248],[14.4729,58.0251],[14.4728,58.025],[14.4725,58.0248]]],[[[14.4734,58.0254],[14.4743,58.0258],[14.4741,58.0257],[14.4734,58.0254]]],[[[14.4764,57.9885],[14.4748,57.9879],[14.4753,57.9881],[14.4764,57.9885]]],[[[14.4743,58.0258],[14.4747,58.0258],[14.4745,58.0258],[14.4743,58.0258]]],[[[14.475,58.0261],[14.4763,58.0265],[14.4759,58.0263],[14.475,58.0261]]],[[[14.484,57.9904],[14.4783,57.9894],[14.479,57.9895],[14.484,57.9904]]],[[[14.4809,58.0293],[14.481,58.0296],[14.4809,58.0294],[14.4809,58.0293]]],[[[14.4819,57.9979],[14.484,57.9904],[14.483,57.9937],[14.4819,57.9979]]],[[[14.4849,57.9982],[14.4819,57.9979],[14.4843,57.9981],[14.4849,57.9982]]],[[[14.4815,58.0298],[14.4821,58.0304],[14.482,58.0301],[14.4815,58.0298]]],[[[14.4834,58.0032],[14.4836,58.0008],[14.4835,58.0009],[14.4834,58.0032]]],[[[14.4832,58.0312],[14.4838,58.0316],[14.4833,58.0312],[14.4832,58.0312]]],[[[14.4841,58.0314],[14.484,58.0306],[14.484,58.0313],[14.4841,58.0314]]],[[[14.4841,58.0288],[14.4847,58.0287],[14.4846,58.0287],[14.4841,58.0288]]],[[[14.4853,58.03],[14.4851,58.0296],[14.4851,58.0298],[14.4853,58.03]]],[[[14.4854,58.0284],[14.4857,58.0281],[14.4856,58.0282],[14.4854,58.0284]]],[[[14.4859,58.0279],[14.4864,58.0276],[14.486,58.0278],[14.4859,58.0279]]],[[[14.4876,58.0038],[14.4864,58.0038],[14.4867,58.0038],[14.4876,58.0038]]],[[[14.4864,58.0276],[14.4867,58.0271],[14.4866,58.0272],[14.4864,58.0276]]],[[[14.4876,58.0271],[14.4885,58.0266],[14.4883,58.0268],[14.4876,58.0271]]],[[[14.4903,58.0044],[14.4892,58.0047],[14.4894,58.0047],[14.4903,58.0044]]],[[[14.4938,58.0254],[14.4936,58.0238],[14.4937,58.0246],[14.4938,58.0254]]],[[[14.4953,58.0037],[14.4946,58.0029],[14.4951,58.0035],[14.4953,58.0037]]],[[[14.4945,58.0233],[14.4954,58.0234],[14.4946,58.0233],[14.4945,58.0233]]],[[[14.4954,58.0041],[14.4953,58.0037],[14.4954,58.004],[14.4954,58.0041]]],[[[14.4956,58.0046],[14.4955,58.0044],[14.4956,58.0045],[14.4956,58.0046]]],[[[14.4961,58.0053],[14.4957,58.0049],[14.4958,58.0051],[14.4961,58.0053]]],[[[14.4972,58.0063],[14.496,58.0054],[14.4965,58.0058],[14.4972,58.0063]]],[[[14.4997,58.0245],[14.5008,58.0246],[14.5004,58.0245],[14.4997,58.0245]]],[[[14.5076,58.0188],[14.515,58.0169],[14.5118,58.0177],[14.5076,58.0188]]],[[[14.5176,58.0231],[14.5166,58.0241],[14.517,58.0237],[14.5176,58.0231]]],[[[14.5166,58.0241],[14.5166,58.025],[14.5166,58.0243],[14.5166,58.0241]]],[[[14.5183,57.9709],[14.5175,57.975],[14.518,57.9728],[14.5183,57.9709]]],[[[14.5182,58.0228],[14.5176,58.0231],[14.5178,58.023],[14.5182,58.0228]]],[[[14.5187,57.9764],[14.519,57.9795],[14.5189,57.9779],[14.5187,57.9764]]],[[[14.5202,58.0253],[14.5214,58.0253],[14.5208,58.0253],[14.5202,58.0253]]],[[[14.5258,58.0259],[14.5272,58.0263],[14.5262,58.026],[14.5258,58.0259]]],[[[14.5299,57.9664],[14.527,57.9666],[14.5277,57.9666],[14.5299,57.9664]]],[[[14.5353,57.9662],[14.5341,57.9659],[14.5345,57.9661],[14.5353,57.9662]]],[[[14.5335,58.0319],[14.5334,58.0323],[14.5335,58.0322],[14.5335,58.0319]]],[[[14.534,58.03],[14.5336,58.0304],[14.5338,58.0302],[14.534,58.03]]],[[[14.5338,58.0296],[14.534,58.03],[14.534,58.0299],[14.5338,58.0296]]],[[[14.5339,58.0328],[14.5342,58.0337],[14.5341,58.0331],[14.5339,58.0328]]],[[[14.5387,57.9636],[14.5389,57.9644],[14.5389,57.9643],[14.5387,57.9636]]],[[[14.5453,57.9642],[14.5426,57.9634],[14.5444,57.964],[14.5453,57.9642]]],[[[14.552,58.0464],[14.5636,58.053],[14.5564,58.0489],[14.552,58.0464]]],[[[14.5532,58.0466],[14.552,58.0464],[14.553,58.0465],[14.5532,58.0466]]],[[[14.5576,57.9591],[14.555,57.9586],[14.5562,57.9588],[14.5576,57.9591]]],[[[14.5546,58.0463],[14.554,58.0465],[14.5542,58.0465],[14.5546,58.0463]]],[[[14.5565,58.045],[14.5568,58.0462],[14.5566,58.0453],[14.5565,58.045]]],[[[14.5592,57.9595],[14.5576,57.9591],[14.5592,57.9595],[14.5592,57.9595]]],[[[14.5661,58.0554],[14.567,58.0568],[14.5665,58.0559],[14.5661,58.0554]]],[[[14.567,58.0568],[14.5692,58.057],[14.5684,58.057],[14.567,58.0568]]],[[[14.5784,57.9773],[14.577,57.9719],[14.5801,57.9686],[14.577,57.9719],[14.5784,57.9773]]],[[[14.5764,58.0559],[14.5789,58.0553],[14.5788,58.0553],[14.5764,58.0559]]],[[[14.5772,57.9882],[14.5801,57.9814],[14.5784,57.9773],[14.5801,57.9814],[14.5772,57.9882]]],[[[14.5779,57.9595],[14.5818,57.9652],[14.5801,57.9686],[14.5818,57.9652],[14.5779,57.9595]]],[[[14.5789,58.058],[14.5789,58.0583],[14.5789,58.0581],[14.5789,58.058]]],[[[14.5795,58.0597],[14.5795,58.0598],[14.5795,58.0597],[14.5795,58.0597]]],[[[14.5802,58.0561],[14.5799,58.0565],[14.58,58.0563],[14.5802,58.0561]]],[[[14.5834,58.0656],[14.5856,58.0655],[14.5849,58.0655],[14.5834,58.0656]]],[[[14.5885,57.9935],[14.587,57.9924],[14.5874,57.9928],[14.5885,57.9935]]],[[[14.5868,58.0656],[14.5899,58.0658],[14.5889,58.0657],[14.5868,58.0656]]],[[[14.5888,57.9936],[14.5958,57.9972],[14.5992,57.9988],[14.5888,57.9936]]],[[[14.5937,58.0636],[14.6005,58.0647],[14.597,58.0641],[14.5937,58.0636]]],[[[14.5994,57.999],[14.5994,57.999],[14.5996,57.9991],[14.5994,57.999]]],[[[14.5989,58.0677],[14.5993,58.0679],[14.5992,58.0679],[14.5989,58.0677]]],[[[14.6014,57.9996],[14.6005,57.9991],[14.6006,57.9992],[14.6014,57.9996]]],[[[14.6002,58.0683],[14.6008,58.0688],[14.6004,58.0684],[14.6002,58.0683]]],[[[14.6057,58.0003],[14.6053,58.0001],[14.6055,58.0003],[14.6057,58.0003]]],[[[14.6086,58.0006],[14.6085,58.0006],[14.6086,58.0006],[14.6086,58.0006]]],[[[14.6088,58.0652],[14.6095,58.0644],[14.6093,58.0646],[14.6088,58.0652]]],[[[14.6116,58.0609],[14.6129,58.0602],[14.6119,58.0607],[14.6116,58.0609]]],[[[14.6142,58.0593],[14.6146,58.0588],[14.6142,58.0593],[14.6142,58.0593]]],[[[14.6184,58.0207],[14.6186,58.0205],[14.6184,58.0207],[14.6184,58.0207]]],[[[14.6194,58.053],[14.6196,58.0529],[14.623,58.0517],[14.6194,58.053]]]]},"properties":{"Valdistrik":"06870110","Valdistr_1":"Tranås Västra","Valdistr_2":"Tranås Västra  (Tranås)","KommunNamn":"Tranås","And_rösta":81.540504648074375,"A_29_år":203,"A_65__år":428,"A_TOTålde":1492,"UTB_Lång_":192,"UTB_TOTutb":1487}},{"type":"Feature","geometry":{"type":"Polygon","coordinates":[[[14.6042,58.0685],[14.6116,58.0609],[14.6178,58.0572],[14.6199,58.0543],[14.6191,58.0532],[14.623,58.0517],[14.6089,58.0501],[14.6093,58.0479],[14.6061,58.0458],[14.6086,58.0403],[14.608,58.0384],[14.6136,58.0351],[14.6152,58.0285],[14.6196,58.0243],[14.6178,58.0221],[14.6204,58.0174],[14.6149,58.0111],[14.6162,58.0063],[14.6133,58.0006],[14.5996,57.9991],[14.5772,57.9882],[14.5801,57.9814],[14.577,57.9719],[14.5818,57.9652],[14.5779,57.9595],[14.567,57.9613],[14.5535,57.9582],[14.5522,57.9588],[14.5526,57.9621],[14.5493,57.9645],[14.5409,57.9626],[14.5385,57.9631],[14.5387,57.9652],[14.5366,57.966],[14.5248,57.9671],[14.5195,57.9644],[14.5166,57.9672],[14.5186,57.9693],[14.5175,57.975],[14.519,57.9795],[14.5159,57.9853],[14.5168,57.9862],[14.5126,57.9917],[14.5129,57.9938],[14.507,58.0006],[14.506,58.0038],[14.4972,58.0063],[14.4946,58.0029],[14.4896,58.0026],[14.4905,58.0042],[14.4892,58.0047],[14.4834,58.0032],[14.4836,58.0008],[14.4857,58.0006],[14.4849,57.9982],[14.4819,57.9979],[14.484,57.9904],[14.4741,57.9877],[14.4679,57.9883],[14.4659,57.9867],[14.4679,57.9832],[14.465,57.9837],[14.4657,57.98],[14.4701,57.9798],[14.466,57.9768],[14.4717,57.9713],[14.4695,57.9703],[14.4622,57.9729],[14.463,57.9746],[14.4567,57.9757],[14.4553,57.9791],[14.4517,57.9814],[14.4494,57.9792],[14.4394,57.9793],[14.4419,57.9823],[14.4349,57.9854],[14.4352,57.9871],[14.4282,57.9876],[14.4279,57.9784],[14.42,57.9796],[14.4176,57.9749],[14.4127,57.9757],[14.4108,57.9795],[14.3989,57.984],[14.4016,57.9872],[14.4315,57.9987],[14.4451,58.0069],[14.4509,58.0133],[14.4554,58.0259],[14.4539,58.0264],[14.4551,58.0285],[14.4514,58.0298],[14.4574,58.0292],[14.4516,58.0306],[14.4584,58.0297],[14.4567,58.0285],[14.4628,58.0261],[14.4614,58.0232],[14.4692,58.0217],[14.4838,58.0316],[14.4853,58.03],[14.4841,58.0288],[14.4935,58.0261],[14.4945,58.0233],[14.5008,58.0246],[14.5013,58.0216],[14.5077,58.0213],[14.5076,58.0188],[14.515,58.0169],[14.52,58.0192],[14.5212,58.0216],[14.5176,58.0231],[14.5161,58.0259],[14.5214,58.0253],[14.5348,58.0277],[14.5342,58.0337],[14.5452,58.0356],[14.5537,58.0444],[14.5572,58.0446],[14.5568,58.0462],[14.552,58.0464],[14.5636,58.053],[14.567,58.0568],[14.5802,58.0561],[14.5789,58.0567],[14.5802,58.0614],[14.5794,58.0656],[14.5816,58.0636],[14.5837,58.0639],[14.5834,58.0656],[14.5856,58.0655],[14.5856,58.0642],[14.5899,58.0658],[14.5912,58.0634],[14.5937,58.0636],[14.6005,58.0647],[14.597,58.0663],[14.5966,58.0683],[14.6042,58.0685]]]},"properties":{"Valdistrik":"06800760","Valdistr_1":"Gränna S","Valdistr_2":"Gränna S  (Jönköping)","KommunNamn":"Jönköping","And_rösta":88.26199740596627,"A_29_år":164,"A_65__år":618,"A_TOTålde":1511,"UTB_Lång_":327,"UTB_TOTutb":1504}},{"type":"Feature","geometry":{"type":"MultiPolygon","coordinates":[[[[14.6957,58.7211],[14.6956,58.7212],[14.6956,58.7212],[14.6957,58.7211]]],[[[14.694,58.7201],[14.694,58.7204],[14.6941,58.7206],[14.694,58.7201]]],[[[14.6925,58.7196],[14.6926,58.7196],[14.6934,58.7197],[14.6925,58.7196]]],[[[14.6923,58.7194],[14.6923,58.7194],[14.6925,58.7196],[14.6923,58.7194]]],[[[14.692,58.719],[14.692,58.719],[14.692,58.719],[14.692,58.719]]],[[[14.6911,58.7186],[14.6914,58.7188],[14.6917,58.7189],[14.6911,58.7186]]],[[[14.6905,58.7181],[14.6907,58.7184],[14.6911,58.7186],[14.6905,58.7181]]],[[[14.6905,58.7177],[14.6905,58.7177],[14.6905,58.7177],[14.6905,58.7177]]],[[[14.6898,58.7169],[14.6899,58.7172],[14.69,58.7172],[14.6898,58.7169]]],[[[14.6922,58.7149],[14.6921,58.715],[14.6909,58.7163],[14.6922,58.7149]]],[[[14.5055,58.7127],[14.5039,58.7133],[14.5046,58.7131],[14.5055,58.7127]]],[[[14.6906,58.7115],[14.6905,58.7116],[14.6905,58.7116],[14.6906,58.7115]]],[[[14.6918,58.7103],[14.6918,58.7105],[14.6918,58.7106],[14.6918,58.7103]]],[[[14.692,58.7102],[14.6919,58.7102],[14.6918,58.7103],[14.692,58.7102]]],[[[14.5066,58.7093],[14.5066,58.7122],[14.5067,58.7108],[14.5066,58.7093]]],[[[14.6929,58.709],[14.6928,58.7091],[14.6928,58.7091],[14.6929,58.709]]],[[[14.6932,58.7084],[14.693,58.7088],[14.6929,58.709],[14.6932,58.7084]]],[[[14.6941,58.7074],[14.694,58.7075],[14.6939,58.7076],[14.6941,58.7074]]],[[[14.6951,58.706],[14.6952,58.7061],[14.6954,58.7062],[14.6951,58.706]]],[[[14.6956,58.7053],[14.6951,58.7056],[14.6951,58.7057],[14.6956,58.7053]]],[[[14.6959,58.7047],[14.6957,58.705],[14.6956,58.7053],[14.6959,58.7047]]],[[[14.6968,58.7044],[14.6967,58.7044],[14.6962,58.7046],[14.6968,58.7044]]],[[[14.6973,58.7032],[14.6973,58.7035],[14.6974,58.7038],[14.6973,58.7032]]],[[[14.6978,58.7023],[14.6975,58.7029],[14.6973,58.7032],[14.6978,58.7023]]],[[[14.6988,58.7009],[14.6987,58.701],[14.6985,58.7011],[14.6988,58.7009]]],[[[14.6988,58.7002],[14.6989,58.7003],[14.6991,58.7005],[14.6988,58.7002]]],[[[14.6992,58.7],[14.6989,58.7001],[14.6988,58.7002],[14.6992,58.7]]],[[[14.6981,58.699],[14.6984,58.6992],[14.6992,58.6997],[14.6981,58.699]]],[[[14.6981,58.698],[14.6981,58.6982],[14.6981,58.698],[14.6981,58.698]]],[[[14.6982,58.6978],[14.6981,58.698],[14.6981,58.6979],[14.6982,58.6978]]],[[[14.7001,58.6962],[14.6997,58.6962],[14.6999,58.6962],[14.7001,58.6962]]],[[[14.7001,58.6962],[14.7005,58.6962],[14.7001,58.6962],[14.7001,58.6962]]],[[[14.7081,58.6919],[14.708,58.692],[14.7078,58.6923],[14.7081,58.6919]]],[[[14.7091,58.6908],[14.7087,58.6912],[14.7084,58.6914],[14.7091,58.6908]]],[[[14.7096,58.6908],[14.7093,58.6908],[14.7091,58.6908],[14.7096,58.6908]]],[[[14.7109,58.6899],[14.7099,58.6906],[14.7098,58.6906],[14.7109,58.6899]]],[[[14.4904,58.6869],[14.4905,58.6874],[14.4905,58.687],[14.4904,58.6869]]],[[[14.4864,58.6849],[14.4882,58.6852],[14.4875,58.6851],[14.4864,58.6849]]],[[[14.4832,58.6835],[14.4843,58.6846],[14.4837,58.6839],[14.4832,58.6835]]],[[[14.4834,58.6812],[14.4832,58.6835],[14.4834,58.6819],[14.4834,58.6812]]],[[[14.483,58.6807],[14.4834,58.6812],[14.4833,58.681],[14.483,58.6807]]],[[[14.4821,58.6776],[14.4823,58.6783],[14.4822,58.6779],[14.4821,58.6776]]],[[[14.4816,58.6772],[14.4821,58.6776],[14.4819,58.6774],[14.4816,58.6772]]],[[[14.5406,58.6769],[14.5368,58.6777],[14.546,58.6884],[14.5554,58.7053],[14.5529,58.71],[14.5495,58.7115],[14.5504,58.7129],[14.546,58.7187],[14.534,58.7127],[14.531,58.7157],[14.5331,58.7161],[14.5322,58.7183],[14.5272,58.7235],[14.5207,58.7223],[14.5164,58.7237],[14.5115,58.72],[14.5147,58.719],[14.5071,58.7162],[14.5056,58.7136],[14.4926,58.7118],[14.4768,58.7134],[14.4701,58.7215],[14.4754,58.7365],[14.4705,58.781],[14.4379,58.7936],[14.4214,58.7947],[14.3863,58.8301],[14.3825,58.8298],[14.3896,58.8458],[14.3787,58.8434],[14.3695,58.8438],[14.3661,58.8443],[14.3699,58.8483],[14.36,58.8501],[14.3599,58.853],[14.3672,58.8556],[14.3641,58.8575],[14.3737,58.8594],[14.3788,58.8658],[14.3842,58.8676],[14.3853,58.8657],[14.3843,58.8649],[14.3893,58.8614],[14.3936,58.8614],[14.399,58.8643],[14.3963,58.8647],[14.3968,58.8679],[14.3934,58.8682],[14.3895,58.8713],[14.3847,58.8778],[14.3938,58.8793],[14.3956,58.8828],[14.3853,58.8846],[14.3739,58.8833],[14.3723,58.8881],[14.3645,58.8916],[14.3665,58.8949],[14.3589,58.895],[14.3589,58.8969],[14.3612,58.8968],[14.3614,58.8981],[14.357,58.8998],[14.3374,58.8964],[14.3368,58.8994],[14.3335,58.9013],[14.324,58.9037],[14.3241,58.9051],[14.322,58.9058],[14.3244,58.9062],[14.3251,58.9116],[14.3204,58.9164],[14.3236,58.9217],[14.3166,58.9282],[14.2852,58.9483],[14.2918,58.9822],[14.3646,58.9943],[14.3664,58.9951],[14.3664,58.9981],[14.3698,59.0007],[14.3677,59.0042],[14.3939,59.0071],[14.4021,59.0065],[14.4039,59.0095],[14.4072,59.0099],[14.4076,59.0086],[14.4389,59.0093],[14.4389,59.0133],[14.4472,59.0154],[14.4513,59.0134],[14.4503,59.0093],[14.4647,59.0093],[14.4919,59.0041],[14.5268,58.9798],[14.5311,58.9784],[14.5326,58.9745],[14.5389,58.9678],[14.545,58.9658],[14.5426,58.9558],[14.5436,58.9517],[14.5424,58.938],[14.5361,58.9373],[14.5345,58.9258],[14.5413,58.9263],[14.5398,58.9112],[14.5773,58.8946],[14.5767,58.8875],[14.579,58.8842],[14.5751,58.8765],[14.5768,58.8745],[14.6208,58.8585],[14.6239,58.8504],[14.6341,58.8466],[14.6349,58.8395],[14.6388,58.839],[14.6385,58.8381],[14.6311,58.8364],[14.6268,58.8331],[14.6311,58.8312],[14.6306,58.8303],[14.6333,58.8311],[14.6299,58.8285],[14.6325,58.8246],[14.6336,58.8191],[14.6405,58.8131],[14.6413,58.808],[14.6469,58.8012],[14.6535,58.7994],[14.677,58.786],[14.683,58.7732],[14.6804,58.7657],[14.6849,58.7503],[14.6912,58.7423],[14.6925,58.7263],[14.6913,58.7401],[14.6216,58.7373],[14.6264,58.6943],[14.6148,58.6935],[14.6115,58.6921],[14.6119,58.6909],[14.5782,58.6821],[14.5476,58.6794],[14.5406,58.6769]]],[[[14.4796,58.6757],[14.481,58.6769],[14.4801,58.6761],[14.4796,58.6757]]],[[[14.4779,58.6748],[14.479,58.6754],[14.4786,58.6751],[14.4779,58.6748]]],[[[14.4732,58.6724],[14.4766,58.674],[14.4738,58.6727],[14.4732,58.6724]]],[[[14.4701,58.6719],[14.469,58.6723],[14.4693,58.6722],[14.4701,58.6719]]],[[[14.4731,58.6709],[14.472,58.6715],[14.4728,58.6712],[14.4731,58.6709]]],[[[14.4915,58.6705],[14.4933,58.6705],[14.4954,58.6706],[14.4915,58.6705]]],[[[14.4983,58.6704],[14.4954,58.6706],[14.497,58.6705],[14.4983,58.6704]]],[[[14.5105,58.6686],[14.4983,58.6704],[14.5047,58.6695],[14.5105,58.6686]]],[[[14.5156,58.6615],[14.5053,58.6662],[14.5146,58.662],[14.5156,58.6615]]],[[[14.5247,58.6547],[14.5195,58.6597],[14.5207,58.6585],[14.5247,58.6547]]],[[[14.5273,58.6527],[14.5274,58.6528],[14.5277,58.6528],[14.5273,58.6527]]],[[[14.5289,58.6525],[14.5277,58.6528],[14.528,58.6527],[14.5289,58.6525]]],[[[14.4889,58.6451],[14.4893,58.6453],[14.4895,58.6453],[14.4889,58.6451]]],[[[14.4875,58.6447],[14.4895,58.6454],[14.4876,58.6448],[14.4875,58.6447]]],[[[14.4994,58.6431],[14.4921,58.6431],[14.5324,58.6433],[14.4994,58.6431]]],[[[14.4702,58.6398],[14.4731,58.6417],[14.4721,58.641],[14.4702,58.6398]]],[[[14.4775,58.6374],[14.4752,58.6412],[14.4752,58.6412],[14.4775,58.6374]]],[[[14.4656,58.6317],[14.4696,58.634],[14.4672,58.6326],[14.4656,58.6317]]],[[[14.4524,58.6088],[14.4522,58.6093],[14.4524,58.609],[14.4524,58.6088]]],[[[14.4511,58.6083],[14.4515,58.6084],[14.4511,58.6083],[14.4511,58.6083]]],[[[14.4449,58.6026],[14.4448,58.6026],[14.4451,58.6026],[14.4449,58.6026]]],[[[14.4441,58.6024],[14.4446,58.6025],[14.4443,58.6024],[14.4441,58.6024]]],[[[14.4437,58.6022],[14.4439,58.6022],[14.4438,58.6022],[14.4437,58.6022]]],[[[14.4438,58.6019],[14.4439,58.6021],[14.444,58.602],[14.4438,58.6019]]],[[[14.4437,58.6019],[14.4435,58.6019],[14.4438,58.6019],[14.4437,58.6019]]],[[[14.4425,58.6012],[14.4435,58.6017],[14.443,58.6014],[14.4425,58.6012]]],[[[14.4678,58.5949],[14.468,58.595],[14.4689,58.5952],[14.4678,58.5949]]],[[[14.4593,58.5945],[14.4603,58.5948],[14.461,58.595],[14.4593,58.5945]]],[[[14.4577,58.5945],[14.4581,58.5946],[14.4593,58.5945],[14.4577,58.5945]]],[[[14.4561,58.5941],[14.4573,58.5944],[14.4577,58.5945],[14.4561,58.5941]]],[[[14.4547,58.5936],[14.4554,58.5939],[14.4561,58.5941],[14.4547,58.5936]]],[[[14.475,58.5921],[14.4736,58.5925],[14.4702,58.5935],[14.475,58.5921]]],[[[14.4595,58.5903],[14.4593,58.5903],[14.4568,58.5905],[14.4595,58.5903]]],[[[14.4646,58.5902],[14.4669,58.5907],[14.4657,58.5904],[14.4646,58.5902]]],[[[14.4632,58.5901],[14.4646,58.5902],[14.4636,58.5901],[14.4632,58.5901]]],[[[14.46,58.5782],[14.4591,58.5783],[14.4597,58.5783],[14.46,58.5782]]],[[[14.461,58.5769],[14.46,58.5782],[14.4604,58.5779],[14.461,58.5769]]],[[[14.4644,58.5724],[14.4641,58.574],[14.4642,58.5736],[14.4644,58.5724]]],[[[14.5652,58.5532],[14.571,58.5635],[14.5956,58.6069],[14.5652,58.5532]]],[[[14.4621,58.5527],[14.4616,58.5554],[14.4621,58.5527],[14.4621,58.5527]]],[[[14.4649,58.546],[14.4623,58.5523],[14.4641,58.5479],[14.4649,58.546]]],[[[14.508,58.5452],[14.5083,58.5455],[14.5091,58.5462],[14.508,58.5452]]],[[[14.5079,58.5452],[14.508,58.5452],[14.508,58.5452],[14.5079,58.5452]]],[[[14.4658,58.5438],[14.4652,58.5454],[14.4652,58.5453],[14.4658,58.5438]]],[[[14.4969,58.542],[14.5011,58.5432],[14.5029,58.5437],[14.4969,58.542]]],[[[14.4922,58.5336],[14.4938,58.5366],[14.4969,58.542],[14.4922,58.5336]]]]},"properties":{"Valdistrik":"18600205","Valdistr_1":"Finnerödja","Valdistr_2":"Finnerödja  (Laxå)","KommunNamn":"Laxå","And_rösta":79.42458587619879,"A_29_år":90,"A_65__år":466,"A_TOTålde":1134,"UTB_Lång_":142,"UTB_TOTutb":1130}},{"type":"Feature","geometry":{"type":"Polygon","coordinates":[[[14.7001,58.6962],[14.7035,58.6963],[14.7027,58.6942],[14.7078,58.6923],[14.7396,58.6717],[14.5956,58.6069],[14.5652,58.5532],[14.5284,58.5527],[14.4969,58.542],[14.4922,58.5336],[14.4884,58.5309],[14.4764,58.5353],[14.4658,58.5438],[14.4616,58.5554],[14.4724,58.5588],[14.4791,58.5659],[14.4773,58.5698],[14.4649,58.5718],[14.4591,58.5783],[14.4543,58.591],[14.4686,58.5906],[14.4702,58.5935],[14.475,58.5921],[14.4767,58.5941],[14.4663,58.5956],[14.465,58.5943],[14.4634,58.5952],[14.4547,58.5936],[14.4457,58.5953],[14.4439,58.5982],[14.441,58.5986],[14.4437,58.6022],[14.4515,58.6068],[14.4505,58.6079],[14.4546,58.6115],[14.4568,58.6113],[14.4643,58.6306],[14.4696,58.634],[14.472,58.6373],[14.4702,58.6398],[14.4731,58.6417],[14.4752,58.6412],[14.4775,58.6374],[14.4797,58.6384],[14.48,58.642],[14.4895,58.6454],[14.4888,58.6441],[14.4902,58.643],[14.5324,58.6433],[14.5289,58.6525],[14.5267,58.6527],[14.5195,58.6597],[14.5053,58.6662],[14.5105,58.6686],[14.4954,58.6706],[14.4776,58.6693],[14.469,58.6723],[14.4732,58.6724],[14.4796,58.6757],[14.4821,58.6776],[14.4843,58.6846],[14.4888,58.6855],[14.4908,58.6878],[14.4926,58.6879],[14.4961,58.6837],[14.5084,58.6855],[14.4992,58.7003],[14.5063,58.7034],[14.5075,58.7088],[14.5066,58.7122],[14.5039,58.7133],[14.5071,58.7162],[14.5147,58.719],[14.5115,58.72],[14.5164,58.7237],[14.5207,58.7223],[14.5272,58.7235],[14.5322,58.7183],[14.5331,58.7161],[14.531,58.7157],[14.534,58.7127],[14.546,58.7187],[14.5504,58.7129],[14.5495,58.7115],[14.5529,58.71],[14.5554,58.7053],[14.546,58.6884],[14.5368,58.6777],[14.5403,58.6769],[14.5476,58.6794],[14.5782,58.6821],[14.6119,58.6909],[14.6115,58.6921],[14.6148,58.6935],[14.6264,58.6943],[14.6216,58.7373],[14.6913,58.7401],[14.6925,58.7263],[14.6957,58.7211],[14.6905,58.7181],[14.6897,58.7166],[14.6922,58.7149],[14.6892,58.7126],[14.6974,58.7043],[14.6993,58.7006],[14.6981,58.698],[14.7001,58.6962]]]},"properties":{"Valdistrik":"14460108","Valdistr_1":"Karlsborg norra","Valdistr_2":"Karlsborg norra  (Karlsborg)","KommunNamn":"Karlsborg","And_rösta":86.166971358927483,"A_29_år":121,"A_65__år":673,"A_TOTålde":1626,"UTB_Lång_":283,"UTB_TOTutb":1619}},{"type":"Feature","geometry":{"type":"MultiPolygon","coordinates":[[[[14.1012,58.183],[14.101,58.184],[14.1012,58.1832],[14.1012,58.183]]],[[[14.0984,58.182],[14.0992,58.1826],[14.099,58.1824],[14.0984,58.182]]],[[[14.0983,58.1817],[14.0984,58.182],[14.0983,58.1818],[14.0983,58.1817]]],[[[14.0725,58.1809],[14.0724,58.1813],[14.0724,58.1811],[14.0725,58.1809]]],[[[14.0715,58.1801],[14.0725,58.1809],[14.072,58.1804],[14.0715,58.1801]]],[[[14.0777,58.179],[14.0775,58.1793],[14.0775,58.1795],[14.0777,58.179]]],[[[14.071,58.1786],[14.0712,58.1792],[14.0712,58.1791],[14.071,58.1786]]],[[[14.0782,58.1785],[14.0779,58.1788],[14.0777,58.179],[14.0782,58.1785]]],[[[14.0295,58.1781],[14.0284,58.1784],[14.027,58.1789],[14.0295,58.1781]]],[[[14.0317,58.1776],[14.0318,58.1776],[14.0318,58.1776],[14.0317,58.1776]]],[[[14.0316,58.1776],[14.0312,58.1776],[14.0317,58.1776],[14.0316,58.1776]]],[[[14.0346,58.1772],[14.0341,58.1772],[14.0331,58.1773],[14.0346,58.1772]]],[[[13.9103,58.1762],[13.9098,58.1762],[13.9095,58.1763],[13.9103,58.1762]]],[[[13.9103,58.1762],[13.9117,58.1762],[13.9115,58.1762],[13.9103,58.1762]]],[[[14.0686,58.1766],[14.0695,58.1772],[14.069,58.1768],[14.0686,58.1766]]],[[[14.041,58.1763],[14.0404,58.1766],[14.0403,58.1767],[14.041,58.1763]]],[[[14.0679,58.1764],[14.0686,58.1766],[14.0683,58.1764],[14.0679,58.1764]]],[[[14.0655,58.1762],[14.0655,58.1762],[14.0655,58.1762],[14.0655,58.1762]]],[[[14.0666,58.1762],[14.0663,58.1762],[14.0659,58.1762],[14.0666,58.1762]]],[[[14.0666,58.1762],[14.0668,58.1762],[14.0667,58.1762],[14.0666,58.1762]]],[[[14.0617,58.176],[14.0651,58.1763],[14.0621,58.176],[14.0617,58.176]]],[[[14.0583,58.1755],[14.0603,58.1758],[14.059,58.1756],[14.0583,58.1755]]],[[[14.0561,58.1747],[14.0563,58.1748],[14.0562,58.1747],[14.0561,58.1747]]],[[[14.041,58.174],[14.0409,58.174],[14.0409,58.1741],[14.041,58.174]]],[[[14.0556,58.1741],[14.0559,58.1745],[14.0557,58.1742],[14.0556,58.1741]]],[[[14.044,58.1738],[14.0427,58.1739],[14.0424,58.1739],[14.044,58.1738]]],[[[13.9229,58.1718],[13.9252,58.172],[13.9241,58.1719],[13.9229,58.1718]]],[[[14.0548,58.1728],[14.0551,58.1732],[14.055,58.173],[14.0548,58.1728]]],[[[14.1165,58.1727],[14.1176,58.175],[14.1177,58.1753],[14.1165,58.1727]]],[[[14.0538,58.1722],[14.0516,58.1723],[14.0545,58.1723],[14.0538,58.1722]]],[[[14.0176,58.1707],[14.019,58.1712],[14.0185,58.171],[14.0176,58.1707]]],[[[13.9368,58.1692],[13.9379,58.1698],[13.9392,58.1703],[13.9368,58.1692]]],[[[14.1151,58.1697],[14.1158,58.1712],[14.1161,58.1719],[14.1151,58.1697]]],[[[13.9349,58.168],[13.936,58.1688],[13.9368,58.1692],[13.9349,58.168]]],[[[14.0163,58.1687],[14.0163,58.1691],[14.0163,58.1689],[14.0163,58.1687]]],[[[14.0161,58.1685],[14.0163,58.1687],[14.0162,58.1685],[14.0161,58.1685]]],[[[13.9522,58.1678],[13.9529,58.1681],[13.9526,58.168],[13.9522,58.1678]]],[[[14.016,58.1672],[14.0159,58.1682],[14.016,58.1678],[14.016,58.1672]]],[[[14.0158,58.1671],[14.016,58.1672],[14.0159,58.1671],[14.0158,58.1671]]],[[[13.9389,58.1662],[13.9381,58.1666],[13.9349,58.168],[13.9389,58.1662]]],[[[14.0163,58.1667],[14.0161,58.1668],[14.0163,58.1668],[14.0163,58.1667]]],[[[14.0162,58.1666],[14.0163,58.1667],[14.0163,58.1666],[14.0162,58.1666]]],[[[14.0167,58.166],[14.0161,58.1664],[14.0164,58.1663],[14.0167,58.166]]],[[[14.0166,58.1659],[14.0167,58.166],[14.0166,58.1659],[14.0166,58.1659]]],[[[14.0164,58.1659],[14.0162,58.1659],[14.0166,58.1659],[14.0164,58.1659]]],[[[13.9478,58.1653],[13.9476,58.1655],[13.9478,58.1654],[13.9478,58.1653]]],[[[13.947,58.165],[13.9477,58.1652],[13.9475,58.1651],[13.947,58.165]]],[[[14.0159,58.1653],[14.0157,58.1657],[14.0159,58.1654],[14.0159,58.1653]]],[[[13.963,58.1643],[13.957,58.1666],[13.9529,58.1681],[13.963,58.1643]]],[[[14.1137,58.1654],[14.1148,58.1687],[14.1151,58.1697],[14.1137,58.1654]]],[[[13.9453,58.1629],[13.9455,58.1634],[13.9455,58.1633],[13.9453,58.1629]]],[[[13.965,58.162],[13.9649,58.1628],[13.9649,58.1635],[13.965,58.162]]],[[[13.9665,58.1615],[13.9659,58.1617],[13.965,58.162],[13.9665,58.1615]]],[[[13.8889,58.1601],[13.8898,58.1613],[13.8895,58.1609],[13.8889,58.1601]]],[[[13.9717,58.1601],[13.9717,58.1605],[13.9716,58.1616],[13.9717,58.1601]]],[[[13.8875,58.1592],[13.8889,58.1601],[13.8884,58.1598],[13.8875,58.1592]]],[[[14.0065,58.1591],[14.0141,58.1653],[14.0079,58.1601],[14.0065,58.1591]]],[[[14.0027,58.158],[14.0042,58.1586],[14.0037,58.1583],[14.0027,58.158]]],[[[13.9724,58.1573],[13.9726,58.1578],[13.9727,58.158],[13.9724,58.1573]]],[[[14.0012,58.1574],[14.0018,58.1579],[14.0015,58.1576],[14.0012,58.1574]]],[[[13.9723,58.157],[13.9723,58.1571],[13.9723,58.1571],[13.9723,58.157]]],[[[13.9782,58.1569],[13.9809,58.1574],[13.979,58.157],[13.9782,58.1569]]],[[[13.9724,58.1567],[13.9723,58.1568],[13.9723,58.157],[13.9724,58.1567]]],[[[13.9727,58.1563],[13.9724,58.1566],[13.9724,58.1567],[13.9727,58.1563]]],[[[13.9963,58.1565],[13.996,58.1565],[13.9955,58.1565],[13.9963,58.1565]]],[[[13.9963,58.1565],[13.9966,58.1566],[13.9965,58.1565],[13.9963,58.1565]]],[[[13.9733,58.1562],[13.9729,58.1563],[13.9727,58.1563],[13.9733,58.1562]]],[[[13.998,58.1564],[13.999,58.1566],[13.9989,58.1565],[13.998,58.1564]]],[[[13.9738,58.1561],[13.9736,58.1561],[13.9742,58.1562],[13.9738,58.1561]]],[[[13.9889,58.1561],[13.9877,58.1564],[13.9871,58.1565],[13.9889,58.1561]]],[[[13.9908,58.1561],[13.9916,58.1562],[13.9912,58.1562],[13.9908,58.1561]]],[[[13.9896,58.1561],[13.9889,58.1561],[13.9908,58.1561],[13.9896,58.1561]]],[[[13.9761,58.156],[13.9759,58.1561],[13.9755,58.1564],[13.9761,58.156]]],[[[13.9764,58.156],[13.9768,58.1563],[13.9765,58.156],[13.9764,58.156]]],[[[13.9763,58.156],[13.9761,58.156],[13.9764,58.156],[13.9763,58.156]]],[[[13.9937,58.1561],[13.9935,58.1561],[13.9932,58.1562],[13.9937,58.1561]]],[[[13.9937,58.1561],[13.9946,58.1563],[13.9939,58.1561],[13.9937,58.1561]]],[[[14.1147,58.1566],[14.1146,58.1571],[14.1146,58.1572],[14.1147,58.1566]]],[[[14.1153,58.1561],[14.1153,58.1561],[14.1147,58.1566],[14.1153,58.1561]]],[[[14.1205,58.1523],[14.1185,58.1538],[14.1189,58.1535],[14.1205,58.1523]]],[[[13.8867,58.1472],[13.8877,58.1526],[13.8871,58.1491],[13.8867,58.1472]]],[[[13.8994,58.1258],[13.8994,58.1266],[13.8994,58.1267],[13.8994,58.1258]]],[[[13.899,58.121],[13.8979,58.1218],[13.8988,58.1212],[13.899,58.121]]],[[[13.9019,58.1186],[13.9007,58.1197],[13.9012,58.1193],[13.9019,58.1186]]],[[[14.1192,58.1174],[14.1192,58.1174],[14.1192,58.1175],[14.1192,58.1174]]],[[[13.8548,58.1025],[13.8547,58.1026],[13.8453,58.1041],[13.8548,58.1025]]],[[[13.8563,58.1023],[13.8561,58.1023],[13.8592,58.1025],[13.8563,58.1023]]],[[[13.8674,58.1024],[13.8695,58.1027],[13.8677,58.1024],[13.8674,58.1024]]],[[[13.8659,58.1024],[13.8652,58.1026],[13.8646,58.1029],[13.8659,58.1024]]],[[[13.866,58.1024],[13.8659,58.1024],[13.8674,58.1024],[13.866,58.1024]]],[[[14.122,58.1001],[14.1192,58.1174],[14.1192,58.1173],[14.122,58.1001]]],[[[14.1156,58.0881],[14.1159,58.0882],[14.1157,58.0881],[14.1156,58.0881]]],[[[14.1145,58.0879],[14.1152,58.0881],[14.1156,58.0881],[14.1145,58.0879]]],[[[14.1109,58.086],[14.111,58.0864],[14.1112,58.0865],[14.1109,58.086]]],[[[14.1077,58.0817],[14.11,58.0849],[14.1109,58.086],[14.1077,58.0817]]],[[[14.1091,58.0808],[14.109,58.081],[14.1089,58.0811],[14.1091,58.0808]]],[[[14.1107,58.0793],[14.1099,58.0799],[14.1097,58.0802],[14.1107,58.0793]]],[[[14.1112,58.0792],[14.111,58.0793],[14.1107,58.0793],[14.1112,58.0792]]],[[[14.1168,58.0782],[14.1161,58.0783],[14.1134,58.0787],[14.1168,58.0782]]],[[[14.1165,58.0776],[14.1169,58.0782],[14.1169,58.0782],[14.1165,58.0776]]],[[[13.8355,58.0739],[13.8355,58.0739],[13.8356,58.0739],[13.8355,58.0739]]],[[[14.1159,58.0761],[14.1158,58.0763],[14.1157,58.0765],[14.1159,58.0761]]],[[[13.8361,58.0738],[13.8356,58.0739],[13.8358,58.0739],[13.8361,58.0738]]],[[[13.8323,58.0736],[13.8325,58.0736],[13.8347,58.0737],[13.8323,58.0736]]],[[[13.8421,58.0688],[13.8413,58.0689],[13.8419,58.0689],[13.8421,58.0688]]],[[[13.8392,58.0688],[13.8384,58.0736],[13.8387,58.0723],[13.8392,58.0688]]],[[[13.8392,58.0688],[13.8395,58.0688],[13.8403,58.0689],[13.8392,58.0688]]],[[[13.8562,58.0626],[13.8426,58.0685],[13.8557,58.0629],[13.8562,58.0626]]],[[[14.1076,58.0643],[14.1149,58.0752],[14.1163,58.0753],[14.1149,58.0752],[14.1076,58.0643]]],[[[13.8567,58.0578],[13.8585,58.0616],[13.8579,58.06],[13.8567,58.0578]]],[[[13.8533,58.0528],[13.8556,58.056],[13.8545,58.0543],[13.8533,58.0528]]],[[[14.0907,58.054],[14.0907,58.0541],[14.0914,58.0545],[14.0907,58.054]]],[[[14.0747,58.0447],[14.0799,58.0478],[14.0786,58.047],[14.0747,58.0447]]],[[[14.0655,58.0394],[14.0737,58.0441],[14.0747,58.0447],[14.0655,58.0394]]],[[[14.0647,58.0389],[14.0655,58.0394],[14.0647,58.0389],[14.0647,58.0389]]],[[[14.0647,58.0389],[14.0647,58.0389],[14.0647,58.0389],[14.0647,58.0389]]],[[[14.0672,58.0262],[14.067,58.0266],[14.0678,58.0263],[14.0672,58.0262]]],[[[14.0618,58.0282],[14.065,58.0286],[14.0666,58.0272],[14.065,58.0286],[14.0618,58.0282]]],[[[14.0696,58.0251],[14.0696,58.0252],[14.0696,58.0251],[14.0696,58.0251]]],[[[13.993,58.0097],[14.0069,58.013],[13.993,58.0097],[13.993,58.0097]]],[[[13.9772,58.0088],[13.9869,58.0092],[13.9821,58.0089],[13.9772,58.0088]]],[[[13.9771,58.0088],[13.9771,58.0088],[13.9772,58.0088],[13.9771,58.0088]]],[[[13.8327,57.9239],[13.8199,57.9243],[13.8201,57.9262],[13.8146,57.9251],[13.7985,57.9286],[13.8003,57.9261],[13.7928,57.9265],[13.7913,57.9284],[13.7974,57.9288],[13.7816,57.9321],[13.7855,57.926],[13.7808,57.927],[13.7753,57.9248],[13.7712,57.926],[13.7673,57.9318],[13.7659,57.9377],[13.7564,57.9408],[13.7413,57.9403],[13.7337,57.9377],[13.729,57.9313],[13.7122,57.966],[13.687,57.9742],[13.6885,57.977],[13.7196,57.9762],[13.7213,57.979],[13.7195,57.9812],[13.7228,57.9858],[13.7134,57.9874],[13.7193,57.9892],[13.7207,57.9917],[13.7251,57.9913],[13.7319,57.9947],[13.7332,57.9982],[13.7439,57.9967],[13.7488,57.9938],[13.7575,58.0007],[13.75,58.0062],[13.7564,58.0106],[13.76,58.0099],[13.7547,58.0075],[13.7737,58.0064],[13.7756,58.0113],[13.7724,58.0199],[13.7648,58.0199],[13.7668,58.0211],[13.7527,58.0255],[13.7561,58.0278],[13.7714,58.0249],[13.7662,58.036],[13.771,58.0402],[13.7732,58.0482],[13.79,58.056],[13.7962,58.0541],[13.7916,58.0477],[13.7987,58.0484],[13.8025,58.0496],[13.8052,58.0555],[13.8405,58.0453],[13.8608,58.0413],[13.867,58.0425],[13.865,58.0447],[13.8682,58.0474],[13.8658,58.0493],[13.8689,58.051],[13.87,58.05],[13.8687,58.0484],[13.8705,58.0478],[13.9053,58.0423],[13.9186,58.0417],[13.9273,58.0387],[13.9286,58.0367],[13.934,58.0371],[13.9397,58.0347],[13.9494,58.0341],[13.9527,58.0303],[13.9524,58.0277],[13.9627,58.0079],[13.9771,58.0088],[13.9447,58.0067],[13.9299,58.0088],[13.9274,58.003],[13.9289,58.0013],[13.9284,57.9977],[13.924,57.993],[13.9232,57.9895],[13.9174,57.985],[13.9186,57.9797],[13.9134,57.9783],[13.912,57.974],[13.9062,57.9682],[13.9063,57.9635],[13.9105,57.9572],[13.9021,57.9556],[13.9026,57.9572],[13.8842,57.9581],[13.8811,57.9604],[13.8745,57.9597],[13.8679,57.9573],[13.8665,57.9552],[13.8582,57.9551],[13.8549,57.9529],[13.8568,57.9516],[13.8563,57.9502],[13.8516,57.9505],[13.8483,57.947],[13.8264,57.9449],[13.8308,57.9398],[13.8298,57.9388],[13.8322,57.9339],[13.8304,57.9318],[13.8358,57.9303],[13.8359,57.924],[13.8327,57.9239]]],[[[13.8663,58.0451],[13.8661,58.0452],[13.8662,58.0451],[13.8663,58.0451]]],[[[13.8667,58.0451],[13.8668,58.0452],[13.8668,58.0452],[13.8667,58.0451]]],[[[13.9471,58.0341],[13.9474,58.0342],[13.9475,58.0343],[13.9471,58.0341]]]]},"properties":{"Valdistrik":"06420103","Valdistr_1":"Mullsjö  3","Valdistr_2":"Mullsjö  3  (Mullsjö)","KommunNamn":"Mullsjö","And_rösta":84.432989690721655,"A_29_år":116,"A_65__år":319,"A_TOTålde":959,"UTB_Lång_":122,"UTB_TOTutb":958}},{"type":"Feature","geometry":{"type":"MultiPolygon","coordinates":[[[[14.0696,58.0251],[14.0696,58.0251],[14.0696,58.0251],[14.0696,58.0251]]],[[[13.9627,58.0079],[13.9524,58.0277],[13.9527,58.0303],[13.9489,58.0343],[13.9397,58.0347],[13.934,58.0371],[13.9286,58.0367],[13.9273,58.0387],[13.9186,58.0417],[13.9053,58.0423],[13.8705,58.0478],[13.8687,58.0484],[13.87,58.05],[13.8689,58.051],[13.8658,58.0493],[13.8682,58.0474],[13.865,58.0447],[13.867,58.0425],[13.8652,58.0412],[13.8482,58.0438],[13.8585,58.0616],[13.8421,58.0688],[13.8392,58.0688],[13.8384,58.0736],[13.8323,58.0736],[13.8412,58.0876],[13.8428,58.0988],[13.8453,58.1041],[13.8561,58.1023],[13.8742,58.1037],[13.8763,58.1061],[13.8857,58.1078],[13.8849,58.1086],[13.9019,58.1186],[13.8979,58.1218],[13.9012,58.1236],[13.8994,58.1258],[13.9021,58.1397],[13.8867,58.1472],[13.8879,58.1555],[13.886,58.1563],[13.8898,58.1613],[13.8868,58.1622],[13.8906,58.1623],[13.9004,58.1749],[13.9062,58.1767],[13.9124,58.1761],[13.9186,58.1721],[13.9252,58.172],[13.9306,58.1737],[13.9392,58.1703],[13.9349,58.168],[13.9453,58.1629],[13.9483,58.1668],[13.9529,58.1681],[13.9649,58.1635],[13.965,58.162],[13.9716,58.1616],[13.9729,58.1563],[13.9841,58.1577],[13.9889,58.1561],[13.998,58.1564],[14.0065,58.1591],[14.0159,58.1653],[14.0163,58.1695],[14.019,58.1712],[14.0146,58.1742],[14.027,58.1789],[14.0403,58.1767],[14.0415,58.1736],[14.0545,58.1723],[14.0569,58.1752],[14.0686,58.1766],[14.0724,58.1813],[14.0767,58.1806],[14.0782,58.1785],[14.098,58.1812],[14.101,58.184],[14.1189,58.1868],[14.1209,58.1822],[14.1137,58.1654],[14.1147,58.1566],[14.1288,58.1463],[14.1186,58.1212],[14.122,58.1001],[14.117,58.0886],[14.1112,58.0865],[14.1077,58.0817],[14.1107,58.0793],[14.1169,58.0782],[14.1163,58.0753],[14.1149,58.0752],[14.1073,58.0637],[14.0647,58.0389],[14.0696,58.0251],[14.065,58.0286],[14.0618,58.0282],[14.0589,58.0254],[14.064,58.0242],[13.993,58.0097],[13.9627,58.0079]]]]},"properties":{"Valdistrik":"14980207","Valdistr_1":"Hökensås Södra/Västra","Valdistr_2":"Hökensås Södra/Västra  (Tidaholm)","KommunNamn":"Tidaholm","And_rösta":86.486486486486484,"A_29_år":177,"A_65__år":412,"A_TOTålde":1438,"UTB_Lång_":154,"UTB_TOTutb":1429}},{"type":"Feature","geometry":{"type":"MultiPolygon","coordinates":[[[[16.7833,59.8798],[16.7824,59.8813],[16.7828,59.8806],[16.7833,59.8798]]],[[[16.5829,59.8811],[16.5832,59.8813],[16.5831,59.8812],[16.5829,59.8811]]],[[[16.6022,59.8795],[16.597,59.8802],[16.594,59.8806],[16.6022,59.8795]]],[[[16.581,59.8793],[16.5825,59.8807],[16.5824,59.8806],[16.581,59.8793]]],[[[16.5805,59.8789],[16.5809,59.8793],[16.5806,59.879],[16.5805,59.8789]]],[[[16.5794,59.8779],[16.5802,59.8786],[16.5801,59.8785],[16.5794,59.8779]]],[[[16.6243,59.8758],[16.6235,59.8768],[16.6222,59.8788],[16.6243,59.8758]]],[[[16.6543,59.8684],[16.6566,59.8686],[16.6559,59.8685],[16.6543,59.8684]]],[[[16.7799,59.8662],[16.78,59.8663],[16.78,59.8662],[16.7799,59.8662]]],[[[16.6319,59.868],[16.6316,59.8683],[16.6316,59.8686],[16.6319,59.868]]],[[[16.7788,59.866],[16.7799,59.8662],[16.7794,59.8661],[16.7788,59.866]]],[[[16.7663,59.8646],[16.7662,59.8654],[16.7664,59.8648],[16.7663,59.8646]]],[[[16.6631,59.8659],[16.6633,59.8662],[16.6638,59.8668],[16.6631,59.8659]]],[[[16.5703,59.867],[16.5733,59.8735],[16.5719,59.8704],[16.5703,59.867]]],[[[16.6611,59.8644],[16.6615,59.8648],[16.6617,59.8649],[16.6611,59.8644]]],[[[16.6612,59.8641],[16.6611,59.8642],[16.6611,59.8644],[16.6612,59.8641]]],[[[16.5716,59.8651],[16.5721,59.8673],[16.572,59.8669],[16.5716,59.8651]]],[[[16.7604,59.8612],[16.7656,59.8639],[16.765,59.8635],[16.7604,59.8612]]],[[[16.7575,59.8607],[16.7604,59.8612],[16.7601,59.8611],[16.7575,59.8607]]],[[[16.6631,59.8614],[16.6627,59.8622],[16.6624,59.8631],[16.6631,59.8614]]],[[[16.6632,59.8609],[16.6632,59.861],[16.6632,59.8611],[16.6632,59.8609]]],[[[16.7464,59.8596],[16.7523,59.86],[16.7518,59.86],[16.7464,59.8596]]],[[[16.74,59.8591],[16.7389,59.8593],[16.7364,59.8597],[16.74,59.8591]]],[[[16.6635,59.8596],[16.6635,59.8599],[16.6635,59.8599],[16.6635,59.8596]]],[[[16.5691,59.8604],[16.5666,59.8622],[16.5674,59.8617],[16.5691,59.8604]]],[[[16.6638,59.8585],[16.6637,59.8587],[16.6636,59.8593],[16.6638,59.8585]]],[[[16.5683,59.8583],[16.5691,59.8604],[16.5686,59.859],[16.5683,59.8583]]],[[[16.6976,59.8546],[16.6975,59.8546],[16.7019,59.8546],[16.6976,59.8546]]],[[[16.6661,59.8544],[16.666,59.8546],[16.6651,59.8559],[16.6661,59.8544]]],[[[16.7301,59.8533],[16.7323,59.857],[16.7316,59.8557],[16.7301,59.8533]]],[[[16.6669,59.8528],[16.6668,59.853],[16.6668,59.853],[16.6669,59.8528]]],[[[16.6674,59.852],[16.6671,59.8524],[16.6669,59.8528],[16.6674,59.852]]],[[[16.6677,59.8516],[16.6676,59.8517],[16.6674,59.852],[16.6677,59.8516]]],[[[16.669,59.8508],[16.6685,59.851],[16.6679,59.8514],[16.669,59.8508]]],[[[16.6699,59.8506],[16.6696,59.8506],[16.669,59.8508],[16.6699,59.8506]]],[[[16.6707,59.8505],[16.6703,59.8505],[16.6699,59.8506],[16.6707,59.8505]]],[[[16.6736,59.8493],[16.6975,59.8546],[16.6892,59.8528],[16.6736,59.8493]]],[[[16.5782,59.8445],[16.5716,59.8542],[16.5723,59.8534],[16.5782,59.8445]]],[[[16.5808,59.8429],[16.5795,59.8437],[16.5807,59.843],[16.5808,59.8429]]],[[[16.5907,59.8368],[16.5811,59.8427],[16.5875,59.8388],[16.5907,59.8368]]],[[[16.5972,59.8301],[16.5968,59.833],[16.5971,59.8311],[16.5972,59.8301]]],[[[16.6017,59.8276],[16.5997,59.829],[16.6003,59.8286],[16.6017,59.8276]]],[[[16.7649,59.802],[16.7649,59.8021],[16.7649,59.802],[16.7649,59.802]]],[[[16.6002,59.8037],[16.6006,59.8061],[16.6006,59.8058],[16.6002,59.8037]]],[[[16.7649,59.798],[16.7649,59.798],[16.7649,59.798],[16.7649,59.798]]],[[[16.5926,59.7971],[16.6002,59.8037],[16.5984,59.802],[16.5926,59.7971]]],[[[16.5929,59.7966],[16.5926,59.7971],[16.5928,59.7969],[16.5929,59.7966]]],[[[16.5941,59.796],[16.5934,59.7963],[16.5939,59.7961],[16.5941,59.796]]],[[[16.5954,59.7952],[16.5941,59.796],[16.5944,59.7958],[16.5954,59.7952]]],[[[16.5967,59.7947],[16.5964,59.7948],[16.5964,59.7948],[16.5967,59.7947]]],[[[16.5972,59.7943],[16.5967,59.7947],[16.5971,59.7944],[16.5972,59.7943]]],[[[16.5985,59.7936],[16.5982,59.7937],[16.5983,59.7937],[16.5985,59.7936]]],[[[16.6005,59.7921],[16.5997,59.7928],[16.6001,59.7925],[16.6005,59.7921]]],[[[16.6803,59.7908],[16.6795,59.791],[16.6798,59.7909],[16.6803,59.7908]]],[[[16.6843,59.7897],[16.6803,59.7908],[16.6833,59.79],[16.6843,59.7897]]],[[[16.6759,59.7895],[16.6775,59.7912],[16.6776,59.7913],[16.6759,59.7895]]],[[[16.69,59.7891],[16.6888,59.7892],[16.6892,59.7891],[16.69,59.7891]]],[[[16.5985,59.7899],[16.5979,59.7909],[16.5985,59.7899],[16.5985,59.7899]]],[[[16.6938,59.7886],[16.6912,59.789],[16.6923,59.7888],[16.6938,59.7886]]],[[[16.694,59.7885],[16.6938,59.7886],[16.694,59.7885],[16.694,59.7885]]],[[[16.6681,59.7884],[16.6692,59.7887],[16.6701,59.7888],[16.6681,59.7884]]],[[[16.6959,59.7879],[16.6954,59.7881],[16.6958,59.788],[16.6959,59.7879]]],[[[16.696,59.7879],[16.6959,59.7879],[16.696,59.7879],[16.696,59.7879]]],[[[16.6984,59.7868],[16.6982,59.7869],[16.6982,59.7869],[16.6984,59.7868]]],[[[16.6986,59.7867],[16.6984,59.7868],[16.6984,59.7868],[16.6986,59.7867]]],[[[16.6991,59.7865],[16.6988,59.7867],[16.6988,59.7867],[16.6991,59.7865]]],[[[16.6637,59.7866],[16.6671,59.788],[16.6675,59.7882],[16.6637,59.7866]]],[[[16.7016,59.7854],[16.7006,59.7859],[16.7015,59.7855],[16.7016,59.7854]]],[[[16.7084,59.7838],[16.7088,59.7839],[16.7091,59.784],[16.7084,59.7838]]],[[[16.71,59.7838],[16.7094,59.784],[16.7097,59.7839],[16.71,59.7838]]],[[[16.708,59.7836],[16.7081,59.7837],[16.7084,59.7838],[16.708,59.7836]]],[[[16.7102,59.7836],[16.71,59.7838],[16.7101,59.7836],[16.7102,59.7836]]],[[[16.7059,59.7834],[16.7042,59.7839],[16.7048,59.7838],[16.7059,59.7834]]],[[[16.7149,59.7832],[16.7142,59.7832],[16.7146,59.7832],[16.7149,59.7832]]],[[[16.7162,59.7831],[16.7152,59.7832],[16.7157,59.7831],[16.7162,59.7831]]],[[[16.7124,59.7829],[16.7126,59.7829],[16.7132,59.7832],[16.7124,59.7829]]],[[[16.7215,59.7826],[16.7201,59.7828],[16.7206,59.7828],[16.7215,59.7826]]],[[[16.7224,59.7821],[16.7215,59.7826],[16.7221,59.7823],[16.7224,59.7821]]],[[[16.7226,59.7813],[16.7224,59.7821],[16.7226,59.7818],[16.7226,59.7813]]],[[[16.7235,59.7803],[16.7232,59.7805],[16.7233,59.7804],[16.7235,59.7803]]],[[[16.7246,59.7792],[16.7242,59.7794],[16.7244,59.7793],[16.7246,59.7792]]],[[[16.7249,59.7791],[16.7246,59.7792],[16.7248,59.7791],[16.7249,59.7791]]],[[[16.7267,59.779],[16.7269,59.779],[16.7275,59.779],[16.7267,59.779]]],[[[16.7279,59.7789],[16.7275,59.779],[16.7278,59.779],[16.7279,59.7789]]],[[[16.7287,59.7778],[16.7279,59.7789],[16.7283,59.7785],[16.7287,59.7778]]],[[[16.7288,59.7775],[16.7287,59.7778],[16.7288,59.7776],[16.7288,59.7775]]],[[[16.593,59.7739],[16.5753,59.7893],[16.5783,59.7869],[16.593,59.7739]]],[[[16.5913,59.7735],[16.593,59.7739],[16.5915,59.7735],[16.5913,59.7735]]],[[[16.6816,59.7719],[16.6702,59.7781],[16.6635,59.7818],[16.6816,59.7719]]],[[[16.5923,59.7681],[16.5923,59.7681],[16.5923,59.7681],[16.5923,59.7681]]],[[[16.5928,59.7656],[16.5927,59.7663],[16.5927,59.7663],[16.5928,59.7656]]],[[[16.6013,59.7649],[16.6003,59.7661],[16.6003,59.7661],[16.6013,59.7649]]],[[[16.6081,59.7629],[16.6025,59.7636],[16.6072,59.763],[16.6081,59.7629]]],[[[16.6503,59.7619],[16.6494,59.7622],[16.6482,59.7627],[16.6503,59.7619]]],[[[16.6513,59.7605],[16.6514,59.7607],[16.6515,59.7608],[16.6513,59.7605]]],[[[16.6517,59.7602],[16.6515,59.7604],[16.6513,59.7605],[16.6517,59.7602]]],[[[16.6512,59.7598],[16.6513,59.7599],[16.6515,59.76],[16.6512,59.7598]]],[[[16.6518,59.7592],[16.6515,59.7595],[16.6512,59.7598],[16.6518,59.7592]]],[[[16.6145,59.7595],[16.6097,59.7606],[16.6106,59.7604],[16.6145,59.7595]]],[[[16.6522,59.7586],[16.652,59.7588],[16.6518,59.7592],[16.6522,59.7586]]],[[[16.636,59.7587],[16.6146,59.7595],[16.6149,59.7595],[16.636,59.7587]]],[[[16.6536,59.7573],[16.6534,59.7575],[16.6532,59.7579],[16.6536,59.7573]]],[[[16.6457,59.7572],[16.6366,59.7587],[16.6366,59.7587],[16.6457,59.7572]]],[[[16.653,59.7567],[16.6532,59.7568],[16.6535,59.7571],[16.653,59.7567]]],[[[16.6531,59.7565],[16.6531,59.7565],[16.653,59.7567],[16.6531,59.7565]]],[[[16.6534,59.7564],[16.6533,59.7564],[16.6531,59.7565],[16.6534,59.7564]]],[[[16.6539,59.7562],[16.6539,59.7562],[16.6539,59.7562],[16.6539,59.7562]]],[[[16.6548,59.7555],[16.654,59.7558],[16.6539,59.7562],[16.6548,59.7555]]],[[[16.8216,59.6958],[16.8228,59.697],[16.8207,59.7005],[16.8215,59.7016],[16.8193,59.7024],[16.8195,59.7049],[16.8159,59.7102],[16.8122,59.7106],[16.8081,59.7136],[16.7883,59.7166],[16.7835,59.7187],[16.7809,59.7239],[16.7844,59.7316],[16.7813,59.7351],[16.7818,59.7391],[16.7758,59.7464],[16.7641,59.7552],[16.7579,59.7574],[16.7527,59.7624],[16.7484,59.7636],[16.7306,59.7752],[16.7275,59.775],[16.7528,59.7914],[16.7639,59.7962],[16.7656,59.7979],[16.7644,59.8012],[16.7653,59.8025],[16.7693,59.8022],[16.7743,59.8052],[16.7886,59.8067],[16.7839,59.8104],[16.7945,59.8156],[16.8035,59.8134],[16.808,59.8157],[16.8112,59.8199],[16.8046,59.8205],[16.7999,59.8248],[16.8099,59.8262],[16.8098,59.833],[16.8181,59.8365],[16.8163,59.8386],[16.8136,59.8376],[16.801,59.8441],[16.8129,59.8518],[16.8177,59.8522],[16.8366,59.8599],[16.8371,59.8616],[16.8005,59.8696],[16.7989,59.8815],[16.8123,59.877],[16.8428,59.8708],[16.8585,59.8659],[16.8574,59.8638],[16.8826,59.8674],[16.9098,59.8684],[16.9147,59.8677],[16.9172,59.8631],[16.9278,59.8647],[16.93,59.8671],[16.9333,59.8675],[16.961,59.8624],[16.9604,59.8591],[16.9643,59.8549],[16.9779,59.8459],[16.9876,59.8419],[16.9879,59.8403],[16.9806,59.8339],[16.9765,59.8335],[16.9706,59.83],[16.9756,59.8272],[16.974,59.8268],[16.9815,59.8167],[16.9809,59.8141],[16.9829,59.8126],[16.9825,59.8109],[16.9867,59.8099],[16.9983,59.7929],[17.0127,59.7809],[16.9974,59.7733],[16.9789,59.7675],[16.9807,59.7644],[16.9908,59.7638],[16.9966,59.7549],[16.9814,59.7464],[16.9753,59.7459],[16.9731,59.7483],[16.9772,59.7501],[16.9686,59.7525],[16.9697,59.755],[16.9665,59.7603],[16.9602,59.7602],[16.959,59.7617],[16.9573,59.7606],[16.9463,59.7661],[16.9318,59.7629],[16.9262,59.7571],[16.9305,59.7541],[16.921,59.7497],[16.8986,59.7487],[16.9109,59.7423],[16.9121,59.7362],[16.9051,59.7358],[16.9041,59.7334],[16.911,59.7329],[16.9076,59.7299],[16.9078,59.7269],[16.9112,59.7218],[16.9143,59.7202],[16.872,59.7165],[16.8613,59.7143],[16.8517,59.7162],[16.8409,59.7206],[16.8335,59.7203],[16.8218,59.7245],[16.8188,59.7242],[16.8161,59.7203],[16.8218,59.7182],[16.8219,59.7118],[16.8269,59.71],[16.828,59.7068],[16.8242,59.7019],[16.8264,59.6966],[16.8216,59.6958]]]]},"properties":{"Valdistrik":"03813132","Valdistr_1":"Fjärdhundra","Valdistr_2":"Fjärdhundra  (Enköping)","KommunNamn":"Enköping","And_rösta":82.523616734143047,"A_29_år":191,"A_65__år":422,"A_TOTålde":1453,"UTB_Lång_":179,"UTB_TOTutb":1442}},{"type":"Feature","geometry":{"type":"Polygon","coordinates":[[[16.7284,59.7782],[16.7242,59.7794],[16.7215,59.7826],[16.7063,59.7833],[16.6933,59.7887],[16.6776,59.7913],[16.6759,59.7895],[16.6681,59.7884],[16.6637,59.7866],[16.6635,59.7818],[16.6816,59.7719],[16.6773,59.7705],[16.6746,59.7718],[16.6473,59.7634],[16.6515,59.7613],[16.6531,59.7565],[16.6551,59.7553],[16.6366,59.7587],[16.6146,59.7595],[16.6097,59.7606],[16.6081,59.7629],[16.6025,59.7636],[16.6003,59.7661],[16.5928,59.7656],[16.5923,59.7681],[16.5867,59.7685],[16.5878,59.7714],[16.593,59.7739],[16.5753,59.7893],[16.5878,59.7916],[16.5933,59.7893],[16.5985,59.7899],[16.5979,59.7909],[16.6005,59.7921],[16.5926,59.7971],[16.6002,59.8037],[16.6032,59.8234],[16.6,59.8262],[16.6017,59.8276],[16.5972,59.8301],[16.5956,59.8366],[16.5934,59.8382],[16.5907,59.8368],[16.5782,59.8445],[16.5708,59.8571],[16.5683,59.8583],[16.5691,59.8604],[16.5666,59.8622],[16.5716,59.8651],[16.5721,59.8673],[16.5703,59.867],[16.5754,59.8776],[16.5792,59.8777],[16.5836,59.8817],[16.6155,59.8775],[16.6166,59.8797],[16.6223,59.8792],[16.6266,59.8735],[16.6342,59.8718],[16.6322,59.8704],[16.6319,59.868],[16.6363,59.8691],[16.6463,59.8672],[16.6644,59.8696],[16.6644,59.8676],[16.6612,59.8641],[16.6674,59.852],[16.6734,59.8492],[16.6975,59.8546],[16.7301,59.8533],[16.7331,59.8584],[16.7364,59.8597],[16.7604,59.8612],[16.7656,59.8639],[16.7669,59.8665],[16.7799,59.8662],[16.7833,59.8798],[16.7779,59.8901],[16.799,59.8815],[16.8005,59.8696],[16.8371,59.8616],[16.8366,59.8599],[16.8184,59.8524],[16.8129,59.8518],[16.801,59.8441],[16.8136,59.8376],[16.8163,59.8386],[16.8181,59.8365],[16.8098,59.833],[16.8099,59.8262],[16.7999,59.8248],[16.8046,59.8205],[16.8112,59.8199],[16.808,59.8157],[16.8035,59.8134],[16.7924,59.8151],[16.7871,59.8109],[16.7839,59.8104],[16.7886,59.8067],[16.7743,59.8052],[16.7693,59.8022],[16.7653,59.8025],[16.7644,59.8012],[16.7656,59.7979],[16.7639,59.7962],[16.7528,59.7914],[16.7361,59.7798],[16.729,59.7768],[16.7284,59.7782]]]},"properties":{"Valdistrik":"19810514","Valdistr_1":"Kumla-Ransta-Tärna","Valdistr_2":"Kumla-Ransta-Tärna  (Sala)","KommunNamn":"Sala","And_rösta":89.168413696715589,"A_29_år":183,"A_65__år":432,"A_TOTålde":1424,"UTB_Lång_":222,"UTB_TOTutb":1412}},{"type":"Feature","geometry":{"type":"MultiPolygon","coordinates":[[[[16.9632,60.2902],[16.961,60.2924],[16.9668,60.2931],[16.9686,60.2953],[16.9668,60.2931],[16.961,60.2924],[16.9632,60.2902]]],[[[16.9615,60.2873],[16.9637,60.2886],[16.9618,60.2873],[16.9615,60.2873]]],[[[16.9197,60.2856],[16.9197,60.2856],[16.9197,60.2856],[16.9197,60.2856]]],[[[16.9192,60.2853],[16.9192,60.2853],[16.9193,60.2853],[16.9192,60.2853]]],[[[17.0021,60.2749],[17.0015,60.2752],[17.0015,60.2752],[17.0021,60.2749]]],[[[17.0154,60.2732],[17.0021,60.2749],[17.0218,60.2732],[17.0154,60.2732]]],[[[17.0648,60.2568],[17.0704,60.2575],[17.073,60.2577],[17.0648,60.2568]]],[[[17.0715,60.2378],[17.0692,60.2417],[17.068,60.2439],[17.0715,60.2378]]],[[[17.0798,60.2337],[17.0735,60.2344],[17.0341,60.2382],[17.0798,60.2337]]],[[[17.0641,60.2165],[17.0644,60.2167],[17.0662,60.2182],[17.0641,60.2165]]],[[[16.705,60.1947],[16.7048,60.1951],[16.7049,60.1949],[16.705,60.1947]]],[[[16.7066,60.1943],[16.705,60.1947],[16.7064,60.1944],[16.7066,60.1943]]],[[[16.7068,60.1942],[16.7066,60.1943],[16.7068,60.1942],[16.7068,60.1942]]],[[[16.7066,60.1934],[16.7068,60.1942],[16.7068,60.194],[16.7066,60.1934]]],[[[16.7095,60.1898],[16.7087,60.1904],[16.7091,60.1901],[16.7095,60.1898]]],[[[16.7501,60.1886],[16.7339,60.1951],[16.7084,60.1961],[16.7048,60.1951],[16.6986,60.205],[16.699,60.2093],[16.6914,60.2149],[16.6632,60.2272],[16.6293,60.2386],[16.6152,60.2789],[16.6103,60.2831],[16.5793,60.2976],[16.5734,60.3064],[16.5611,60.3169],[16.5517,60.3307],[16.5428,60.34],[16.5166,60.3555],[16.5298,60.3714],[16.5695,60.377],[16.5833,60.3812],[16.6094,60.3943],[16.6155,60.4018],[16.6272,60.4119],[16.636,60.4075],[16.6378,60.409],[16.6351,60.411],[16.6482,60.412],[16.6491,60.4146],[16.6362,60.4177],[16.6502,60.4283],[16.6541,60.4229],[16.6618,60.4204],[16.6655,60.4223],[16.7423,60.4199],[16.7452,60.4183],[16.738,60.415],[16.7727,60.3974],[16.7788,60.3822],[16.7808,60.3837],[16.785,60.3805],[16.7927,60.3869],[16.8226,60.3706],[16.8205,60.3697],[16.8229,60.3704],[16.8876,60.3528],[16.9013,60.3392],[16.9027,60.3309],[16.8907,60.3047],[16.8992,60.2913],[16.9035,60.2912],[16.9014,60.2871],[16.904,60.2869],[16.9051,60.2837],[16.908,60.2836],[16.9089,60.2815],[16.921,60.2848],[16.9089,60.2815],[16.9109,60.274],[16.9129,60.2721],[16.9122,60.2694],[16.9022,60.2678],[16.9029,60.2663],[16.8915,60.2597],[16.8864,60.2549],[16.8882,60.2445],[16.8921,60.2433],[16.8967,60.2447],[16.9049,60.2395],[16.8758,60.2306],[16.8645,60.2254],[16.8535,60.2257],[16.8542,60.2246],[16.8504,60.2244],[16.8418,60.2168],[16.8229,60.2168],[16.8026,60.2121],[16.8003,60.206],[16.7975,60.2038],[16.7995,60.1996],[16.7967,60.1977],[16.7858,60.1958],[16.779,60.1899],[16.7501,60.1886]]],[[[17.0509,60.1793],[17.0499,60.186],[17.0494,60.189],[17.0509,60.1793]]],[[[17.052,60.1735],[17.0498,60.1757],[17.0474,60.1782],[17.052,60.1735]]],[[[16.7239,60.1768],[16.7165,60.1849],[16.7178,60.1835],[16.7239,60.1768]]],[[[17.0523,60.1694],[17.0515,60.1697],[17.0507,60.17],[17.0523,60.1694]]],[[[17.0489,60.1656],[17.0518,60.169],[17.0523,60.1694],[17.0489,60.1656]]],[[[17.068,60.1612],[17.0669,60.1613],[17.0667,60.1613],[17.068,60.1612]]],[[[16.7341,60.1609],[16.7339,60.161],[16.7339,60.161],[16.7341,60.1609]]],[[[16.7345,60.1591],[16.7343,60.1605],[16.7345,60.1598],[16.7345,60.1591]]],[[[16.7346,60.1575],[16.7345,60.1579],[16.7346,60.1577],[16.7346,60.1575]]],[[[16.735,60.1569],[16.7348,60.1572],[16.7349,60.1571],[16.735,60.1569]]],[[[16.7351,60.1563],[16.735,60.1569],[16.7351,60.1567],[16.7351,60.1563]]],[[[16.7365,60.1552],[16.7351,60.1563],[16.7361,60.1556],[16.7365,60.1552]]],[[[16.7379,60.154],[16.7372,60.1546],[16.7375,60.1543],[16.7379,60.154]]],[[[16.7382,60.1535],[16.7379,60.154],[16.738,60.1538],[16.7382,60.1535]]],[[[16.739,60.1526],[16.7386,60.1529],[16.7389,60.1527],[16.739,60.1526]]],[[[16.7387,60.1523],[16.739,60.1526],[16.7389,60.1525],[16.7387,60.1523]]],[[[17.0814,60.1472],[17.0749,60.154],[17.068,60.1612],[17.0814,60.1472]]],[[[16.7389,60.1509],[16.7391,60.1511],[16.739,60.151],[16.7389,60.1509]]],[[[16.7389,60.1503],[16.7388,60.1506],[16.7389,60.1505],[16.7389,60.1503]]],[[[16.7385,60.15],[16.7389,60.1503],[16.7386,60.15],[16.7385,60.15]]],[[[17.0852,60.1449],[17.0848,60.1453],[17.0842,60.1459],[17.0852,60.1449]]],[[[16.7383,60.1495],[16.7383,60.1497],[16.7384,60.1496],[16.7383,60.1495]]],[[[16.738,60.1491],[16.7382,60.1494],[16.7381,60.1492],[16.738,60.1491]]],[[[17.085,60.1437],[17.085,60.144],[17.0852,60.1449],[17.085,60.1437]]],[[[16.7381,60.1482],[16.7381,60.1484],[16.7381,60.1483],[16.7381,60.1482]]],[[[16.7384,60.1476],[16.7382,60.148],[16.7383,60.1478],[16.7384,60.1476]]],[[[16.7394,60.1469],[16.7387,60.1474],[16.7389,60.1472],[16.7394,60.1469]]],[[[16.7399,60.1459],[16.7394,60.1469],[16.7397,60.1464],[16.7399,60.1459]]],[[[17.0839,60.1393],[17.0842,60.1404],[17.0844,60.1409],[17.0839,60.1393]]],[[[17.0826,60.1346],[17.0835,60.1377],[17.0837,60.1386],[17.0826,60.1346]]],[[[17.082,60.1322],[17.0824,60.1336],[17.0826,60.1345],[17.082,60.1322]]],[[[16.7617,60.1349],[16.7473,60.1359],[16.7576,60.1352],[16.7617,60.1349]]],[[[16.7635,60.1338],[16.7617,60.1349],[16.7631,60.1341],[16.7635,60.1338]]],[[[16.7659,60.1324],[16.7645,60.1333],[16.7653,60.1328],[16.7659,60.1324]]],[[[16.767,60.1318],[16.766,60.1324],[16.7662,60.1323],[16.767,60.1318]]],[[[17.0832,60.1258],[17.0817,60.129],[17.0814,60.1299],[17.0832,60.1258]]],[[[16.7703,60.1299],[16.7705,60.1299],[16.7707,60.1299],[16.7703,60.1299]]],[[[16.7708,60.1296],[16.7707,60.1299],[16.7708,60.1297],[16.7708,60.1296]]],[[[17.0829,60.1199],[17.0829,60.1202],[17.083,60.1208],[17.0829,60.1199]]],[[[17.0922,60.1131],[17.0922,60.1135],[17.0923,60.1138],[17.0922,60.1131]]],[[[17.0901,60.1107],[17.0904,60.1115],[17.0906,60.1118],[17.0901,60.1107]]],[[[17.0893,60.1099],[17.0895,60.1101],[17.0897,60.1103],[17.0893,60.1099]]],[[[17.0881,60.1092],[17.0881,60.1093],[17.0884,60.1094],[17.0881,60.1092]]],[[[17.0862,60.1082],[17.0869,60.1085],[17.0871,60.1086],[17.0862,60.1082]]],[[[17.0861,60.1079],[17.0862,60.1081],[17.0862,60.1082],[17.0861,60.1079]]],[[[17.0862,60.1077],[17.0861,60.1078],[17.0861,60.1079],[17.0862,60.1077]]],[[[17.0846,60.1076],[17.0848,60.1077],[17.0851,60.1076],[17.0846,60.1076]]],[[[17.0853,60.1076],[17.0851,60.1076],[17.0852,60.1076],[17.0853,60.1076]]],[[[17.0844,60.1073],[17.0845,60.1075],[17.0846,60.1076],[17.0844,60.1073]]],[[[17.0834,60.1064],[17.0839,60.1069],[17.0843,60.1072],[17.0834,60.1064]]],[[[17.0815,60.1048],[17.0818,60.1052],[17.082,60.1054],[17.0815,60.1048]]],[[[17.0815,60.1047],[17.0815,60.1047],[17.0815,60.1048],[17.0815,60.1047]]],[[[16.8527,60.1066],[16.8508,60.1087],[16.8522,60.1071],[16.8527,60.1066]]],[[[17.0788,60.103],[17.0792,60.1033],[17.0799,60.1037],[17.0788,60.103]]],[[[17.0773,60.1018],[17.0774,60.1019],[17.0776,60.1021],[17.0773,60.1018]]],[[[17.0748,60.0996],[17.0746,60.0996],[17.0822,60.1],[17.0748,60.0996]]],[[[16.9539,60.0985],[16.9519,60.0988],[16.9524,60.0988],[16.9539,60.0985]]],[[[17.0587,60.0966],[17.0587,60.0966],[17.0594,60.0966],[17.0587,60.0966]]],[[[17.0789,60.0953],[17.079,60.0954],[17.0793,60.0955],[17.0789,60.0953]]],[[[17.0732,60.0942],[17.0751,60.0944],[17.0775,60.0947],[17.0732,60.0942]]],[[[17.0604,60.094],[17.0594,60.0954],[17.0593,60.0956],[17.0604,60.094]]],[[[17.0607,60.0933],[17.0607,60.0933],[17.0644,60.0937],[17.0607,60.0933]]],[[[16.9392,60.0942],[16.9385,60.0943],[16.9369,60.0945],[16.9392,60.0942]]],[[[17.0626,60.0914],[17.0638,60.0917],[17.0649,60.092],[17.0626,60.0914]]],[[[16.8391,60.0933],[16.8374,60.104],[16.8381,60.0997],[16.8391,60.0933]]],[[[17.0568,60.0901],[17.057,60.0901],[17.0574,60.0902],[17.0568,60.0901]]],[[[16.8442,60.0931],[16.8426,60.0932],[16.8441,60.0931],[16.8442,60.0931]]],[[[16.8463,60.092],[16.8442,60.0931],[16.8457,60.0923],[16.8463,60.092]]],[[[17.054,60.0888],[17.0544,60.089],[17.0568,60.0901],[17.054,60.0888]]],[[[17.0536,60.0885],[17.0539,60.0887],[17.054,60.0888],[17.0536,60.0885]]],[[[17.0528,60.0881],[17.0531,60.0882],[17.0532,60.0883],[17.0528,60.0881]]],[[[16.8466,60.0911],[16.8463,60.092],[16.8465,60.0917],[16.8466,60.0911]]],[[[17.0512,60.088],[17.0513,60.088],[17.0513,60.088],[17.0512,60.088]]],[[[17.0521,60.0878],[17.0521,60.0878],[17.0521,60.0878],[17.0521,60.0878]]],[[[17.0521,60.0878],[17.0521,60.0878],[17.0521,60.0878],[17.0521,60.0878]]],[[[17.0173,60.0878],[17.0158,60.0884],[17.0169,60.088],[17.0173,60.0878]]],[[[16.8458,60.09],[16.8465,60.0907],[16.8462,60.0903],[16.8458,60.09]]],[[[16.8449,60.0898],[16.8448,60.09],[16.8448,60.0903],[16.8449,60.0898]]],[[[17.0014,60.0874],[16.9986,60.0885],[17.0011,60.0875],[17.0014,60.0874]]],[[[17.0136,60.086],[17.0137,60.0866],[17.0138,60.0869],[17.0136,60.086]]],[[[17.0544,60.0849],[17.0512,60.0879],[17.0512,60.088],[17.0544,60.0849]]],[[[16.9277,60.0851],[16.9292,60.0862],[16.9332,60.0892],[16.9277,60.0851]]],[[[16.9283,60.0841],[16.9281,60.0843],[16.9281,60.0844],[16.9283,60.0841]]],[[[16.9278,60.0836],[16.9265,60.0838],[16.9274,60.0837],[16.9278,60.0836]]],[[[17.0329,60.0813],[17.0311,60.0816],[17.0322,60.0814],[17.0329,60.0813]]],[[[17.0404,60.0808],[17.0401,60.0809],[17.0387,60.0814],[17.0404,60.0808]]],[[[17.0437,60.0795],[17.0404,60.0808],[17.0415,60.0803],[17.0437,60.0795]]],[[[17.0452,60.0791],[17.0449,60.0797],[17.0452,60.0791],[17.0452,60.0791]]],[[[16.9206,60.0799],[16.9223,60.0812],[16.9261,60.084],[16.9206,60.0799]]],[[[16.9199,60.0777],[16.9186,60.0784],[16.9192,60.0781],[16.9199,60.0777]]],[[[16.9282,60.0774],[16.9277,60.078],[16.9275,60.0784],[16.9282,60.0774]]],[[[16.8564,60.0782],[16.8418,60.0812],[16.8476,60.08],[16.8564,60.0782]]],[[[16.921,60.0771],[16.9207,60.0776],[16.921,60.0771],[16.921,60.0771]]],[[[16.9296,60.0767],[16.9286,60.0772],[16.9282,60.0774],[16.9296,60.0767]]],[[[16.8756,60.077],[16.875,60.077],[16.8751,60.077],[16.8756,60.077]]],[[[16.8742,60.076],[16.8744,60.0763],[16.875,60.077],[16.8742,60.076]]],[[[16.9092,60.0741],[16.9105,60.0743],[16.914,60.075],[16.9092,60.0741]]],[[[16.8994,60.0722],[16.9017,60.0726],[16.9057,60.0734],[16.8994,60.0722]]]]},"properties":{"Valdistrik":"21810501","Valdistr_1":"Österfärnebo","Valdistr_2":"Österfärnebo  (Sandviken)","KommunNamn":"Sandviken","And_rösta":82.745471877979028,"A_29_år":104,"A_65__år":455,"A_TOTålde":1028,"UTB_Lång_":130,"UTB_TOTutb":1025}},{"type":"Feature","geometry":{"type":"Polygon","coordinates":[[[16.9939,60.2851],[17.0021,60.2749],[17.0218,60.2732],[17.0417,60.2754],[17.0585,60.273],[17.0824,60.2592],[17.0551,60.2553],[17.0654,60.2471],[17.0715,60.2378],[17.0341,60.2382],[17.0798,60.2337],[17.0808,60.2325],[17.0476,60.2028],[17.0509,60.1793],[17.0474,60.1782],[17.052,60.1735],[17.0507,60.17],[17.0523,60.1694],[17.0489,60.1656],[17.0594,60.1607],[17.068,60.1612],[17.0852,60.1449],[17.0814,60.1299],[17.0832,60.1258],[17.0828,60.1168],[17.0921,60.114],[17.0923,60.1128],[17.0746,60.0996],[17.0828,60.0994],[17.0775,60.0947],[17.0587,60.0966],[17.0607,60.0933],[17.0644,60.0937],[17.0649,60.092],[17.0512,60.088],[17.0544,60.0849],[17.0501,60.0863],[17.048,60.0851],[17.0499,60.0842],[17.0461,60.0817],[17.05,60.0798],[17.0452,60.079],[17.0387,60.0814],[17.0354,60.0806],[17.0227,60.0832],[17.0211,60.0865],[17.0158,60.0884],[17.0137,60.0879],[17.0127,60.0851],[17.0014,60.0874],[16.977,60.0956],[16.947,60.0991],[16.9396,60.0935],[16.9369,60.0945],[16.9358,60.0936],[16.9381,60.0925],[16.9277,60.0851],[16.9278,60.0836],[16.9261,60.084],[16.9206,60.0799],[16.9275,60.0784],[16.93,60.0763],[16.9288,60.0753],[16.9186,60.0784],[16.914,60.075],[16.8994,60.0722],[16.8788,60.0753],[16.8793,60.0765],[16.8642,60.0771],[16.8418,60.0812],[16.8382,60.084],[16.8391,60.0864],[16.8466,60.0911],[16.8442,60.0931],[16.8391,60.0933],[16.8374,60.104],[16.845,60.1007],[16.8494,60.106],[16.8527,60.1066],[16.8508,60.1087],[16.8139,60.1071],[16.7955,60.1011],[16.7763,60.1188],[16.7778,60.1188],[16.7763,60.1244],[16.779,60.1261],[16.7617,60.1349],[16.7473,60.1359],[16.7381,60.1481],[16.739,60.1526],[16.7346,60.1575],[16.7331,60.1618],[16.7336,60.1656],[16.7165,60.1849],[16.7112,60.1871],[16.7048,60.1951],[16.7084,60.1961],[16.7339,60.1951],[16.7501,60.1886],[16.779,60.1899],[16.7858,60.1958],[16.7967,60.1977],[16.7995,60.1996],[16.7975,60.2038],[16.8003,60.206],[16.8026,60.2121],[16.8229,60.2168],[16.8418,60.2168],[16.8504,60.2244],[16.8542,60.2246],[16.8535,60.2257],[16.8645,60.2254],[16.8758,60.2306],[16.9049,60.2395],[16.8967,60.2447],[16.8921,60.2433],[16.8882,60.2445],[16.8862,60.2536],[16.8915,60.2597],[16.9029,60.2663],[16.9022,60.2678],[16.9122,60.2694],[16.9129,60.2721],[16.9109,60.274],[16.9089,60.2815],[16.921,60.2848],[16.9197,60.2856],[16.9292,60.2872],[16.9618,60.2873],[16.9637,60.2886],[16.961,60.2924],[16.9668,60.2931],[16.9686,60.2953],[16.9805,60.2953],[16.9939,60.2851]]]},"properties":{"Valdistrik":"03310508","Valdistr_1":"Tärnsjö","Valdistr_2":"Tärnsjö  (Heby)","KommunNamn":"Heby","And_rösta":81.182147165259337,"A_29_år":214,"A_65__år":623,"A_TOTålde":1639,"UTB_Lång_":114,"UTB_TOTutb":1624}}]}